request_id,phase,stream,run,step,rate,source,question_key,condition,score_key,quality,proxy_status,proxy_score,coverage_flag,coverage_u,refusal,legacy_refusal,generation_response_id,processed_at,score_cache_hit
mean_00_001,mean,mean_00,0,1,0.0,基于机器学习算法的P2P网络借贷信用评级产品设计_路杨宁.pdf,P0003,live_normal,K62edc95d04e6e9efb277503668bd94de7558d0ea3a85a6c77494253476a1a642,2,complete,0.0,0,0,0,0,e1235241-6b38-46ee-a680-378c7ac7c7ec,2026-10-02T09:51:40.675134+00:00,True
mean_00_002,mean,mean_00,0,2,0.0,基于机器学习算法的P2P网络借贷信用评级产品设计_路杨宁.pdf,P0003,live_normal,K62edc95d04e6e9efb277503668bd94de7558d0ea3a85a6c77494253476a1a642,2,complete,0.0,0,0,0,0,475cd4a3-72ed-419f-83ea-a4f964a5b6e2,2026-10-02T09:51:41.522630+00:00,True
mean_00_003,mean,mean_00,0,3,0.0,基于文本挖掘和机器学习算法的股票投资研究_陆航航.pdf,P0001,live_normal,K6d8d34adab041a2b58aee771ff805fb059acd0ec53cfcdd55d53d4b875316a04,2,complete,0.0,0,0,0,0,373b38d6-9c27-4dd7-b487-bda112afa6ac,2026-10-02T09:51:48.268640+00:00,False
mean_00_004,mean,mean_00,0,4,0.0,基于机器学习算法的P2P网络借贷信用评级产品设计_路杨宁.pdf,P0003,live_normal,K62edc95d04e6e9efb277503668bd94de7558d0ea3a85a6c77494253476a1a642,2,complete,0.0,0,0,0,0,2f429e70-4a7c-45d8-b489-c69a443024c0,2026-10-02T09:51:49.012997+00:00,True
mean_00_005,mean,mean_00,0,5,0.0,基于机器学习的实证资产定价研究_马甜.pdf,P0017,live_normal,Ke2b440815c0955b63354c736aa0448f12c34e6dc8801a54a366637c65d2a9f97,2,complete,0.0,0,0,0,0,ad0bbaee-738c-4209-a4d2-e14b409b1bcd,2026-10-02T09:51:49.826553+00:00,True
mean_00_006,mean,mean_00,0,6,0.0,面向不平衡数据集的机器学习算法对信贷风险的研究_游云贝.pdf,P0007,live_normal,Ka4e77858d93473b94e5c290ea3c4c6c76112c2ec361f563e9d698f5742d66934,2,complete,0.0,0,0,0,0,8555b4ca-c597-4bd6-962b-1cd5c765e66a,2026-10-02T09:51:50.407895+00:00,True
mean_00_007,mean,mean_00,0,7,0.0,基于机器学习的实证资产定价研究_马甜.pdf,P0017,live_normal,Ke2b440815c0955b63354c736aa0448f12c34e6dc8801a54a366637c65d2a9f97,2,complete,0.0,0,0,0,0,9467e815-6141-41e2-84ae-ac7d53e3af8b,2026-10-02T09:51:50.945733+00:00,True
mean_00_008,mean,mean_00,0,8,0.0,基于文本挖掘和机器学习算法的股票投资研究_陆航航.pdf,P0001,live_normal,K6d8d34adab041a2b58aee771ff805fb059acd0ec53cfcdd55d53d4b875316a04,2,complete,0.0,0,0,0,0,ddab1a6a-b7be-4548-8a8d-c5ce07f7709c,2026-10-02T09:51:51.824229+00:00,True
mean_00_009,mean,mean_00,0,9,0.0,基于机器学习算法的P2P网络借贷信用评级产品设计_路杨宁.pdf,P0003,live_normal,K62edc95d04e6e9efb277503668bd94de7558d0ea3a85a6c77494253476a1a642,2,complete,0.0,0,0,0,0,6b774abf-36d3-48c8-b2dd-2375a91f1809,2026-10-02T09:51:52.768016+00:00,True
mean_00_010,mean,mean_00,0,10,0.0,基于文本挖掘和机器学习算法的股票投资研究_陆航航.pdf,P0001,live_normal,K6d8d34adab041a2b58aee771ff805fb059acd0ec53cfcdd55d53d4b875316a04,2,complete,0.0,0,0,0,0,2b708dc9-d342-4672-a15d-318836d5a1de,2026-10-02T09:51:53.490269+00:00,True
mean_00_011,mean,mean_00,0,11,0.0,基于机器学习的实证资产定价研究_马甜.pdf,P0016,live_normal,K0e70f5d16add0573fa9e01167d05436ccb67105a51644a50f430f98b4a599059,2,complete,0.0,0,0,0,0,0e42feb0-7fff-4d4d-8c34-5eeb62008871,2026-10-02T09:51:55.992716+00:00,True
mean_00_012,mean,mean_00,0,12,0.0,基于机器学习的实证资产定价研究_马甜.pdf,P0016,live_normal,K0e70f5d16add0573fa9e01167d05436ccb67105a51644a50f430f98b4a599059,2,complete,0.0,0,0,0,0,3b3f7a68-ceae-4dd5-8722-54254bdffa84,2026-10-02T09:51:56.908540+00:00,True
mean_00_013,mean,mean_00,0,13,0.0,面向不平衡数据集的机器学习算法对信贷风险的研究_游云贝.pdf,P0007,live_normal,Ka4e77858d93473b94e5c290ea3c4c6c76112c2ec361f563e9d698f5742d66934,2,complete,0.0,0,0,0,0,6438fe40-f4a5-4448-a4a5-4fdd53851963,2026-10-02T09:51:57.744814+00:00,True
mean_00_014,mean,mean_00,0,14,0.0,基于机器学习算法的P2P网络借贷信用评级产品设计_路杨宁.pdf,P0003,live_normal,K62edc95d04e6e9efb277503668bd94de7558d0ea3a85a6c77494253476a1a642,2,complete,0.0,0,0,0,0,a2096a92-4ccc-4a51-87d7-1d7a4ed38a37,2026-10-02T09:51:58.535887+00:00,True
mean_00_015,mean,mean_00,0,15,0.0,面向不平衡数据集的机器学习算法对信贷风险的研究_游云贝.pdf,P0007,live_normal,Ka4e77858d93473b94e5c290ea3c4c6c76112c2ec361f563e9d698f5742d66934,2,complete,0.0,0,0,0,0,039c1322-89b3-42ef-83dd-8974e3756fb0,2026-10-02T09:51:59.130520+00:00,True
mean_00_016,mean,mean_00,0,16,0.0,面向不平衡数据集的机器学习算法对信贷风险的研究_游云贝.pdf,P0007,live_normal,Ka4e77858d93473b94e5c290ea3c4c6c76112c2ec361f563e9d698f5742d66934,2,complete,0.0,0,0,0,0,904c9c4e-325b-46b8-acf1-4cc6be7174c6,2026-10-02T09:51:59.898504+00:00,True
mean_00_017,mean,mean_00,0,17,0.0,基于机器学习的实证资产定价研究_马甜.pdf,P0016,live_normal,K0e70f5d16add0573fa9e01167d05436ccb67105a51644a50f430f98b4a599059,2,complete,0.0,0,0,0,0,e935ded3-9c53-4401-b00c-f4726ab6d73e,2026-10-02T09:52:00.655985+00:00,True
mean_00_018,mean,mean_00,0,18,0.0,基于文本挖掘和机器学习算法的股票投资研究_陆航航.pdf,P0001,live_normal,K6d8d34adab041a2b58aee771ff805fb059acd0ec53cfcdd55d53d4b875316a04,2,complete,0.0,0,0,0,0,6f16421b-4518-4b05-b062-c8857669b288,2026-10-02T09:52:01.459159+00:00,True
mean_00_019,mean,mean_00,0,19,0.0,基于机器学习的实证资产定价研究_马甜.pdf,P0016,live_normal,K0e70f5d16add0573fa9e01167d05436ccb67105a51644a50f430f98b4a599059,2,complete,0.0,0,0,0,0,2a3d3635-58b6-4120-becb-a2ea67b089ff,2026-10-02T09:52:02.270301+00:00,True
mean_00_020,mean,mean_00,0,20,0.0,基于机器学习的实证资产定价研究_马甜.pdf,P0016,live_normal,K0e70f5d16add0573fa9e01167d05436ccb67105a51644a50f430f98b4a599059,2,complete,0.0,0,0,0,0,a4788520-b303-4415-a079-d2abd0024120,2026-10-02T09:52:03.188038+00:00,True
mean_01_001,mean,mean_01,1,1,0.0,基于机器学习算法的P2P网络借贷信用评级产品设计_路杨宁.pdf,P0003,live_normal,K62edc95d04e6e9efb277503668bd94de7558d0ea3a85a6c77494253476a1a642,2,complete,0.0,0,0,0,0,030f35ea-a111-42d6-8afb-43ba4b87ac3e,2026-10-02T09:51:40.675134+00:00,True
mean_01_002,mean,mean_01,1,2,0.0,面向不平衡数据集的机器学习算法对信贷风险的研究_游云贝.pdf,P0007,live_normal,Ka4e77858d93473b94e5c290ea3c4c6c76112c2ec361f563e9d698f5742d66934,2,complete,0.0,0,0,0,0,51e98f7c-3468-4dfd-93bd-52a042c62482,2026-10-02T09:51:41.879592+00:00,True
mean_01_003,mean,mean_01,1,3,0.0,基于机器学习的实证资产定价研究_马甜.pdf,P0017,live_normal,Ke2b440815c0955b63354c736aa0448f12c34e6dc8801a54a366637c65d2a9f97,2,complete,0.0,0,0,0,0,1ca84cd4-f46d-44f0-94d6-09471aeea191,2026-10-02T09:51:48.766289+00:00,False
mean_01_004,mean,mean_01,1,4,0.0,基于机器学习算法的P2P网络借贷信用评级产品设计_路杨宁.pdf,P0003,live_normal,K62edc95d04e6e9efb277503668bd94de7558d0ea3a85a6c77494253476a1a642,2,complete,0.0,0,0,0,0,349392d9-202c-4685-8483-140265213fa9,2026-10-02T09:51:49.376352+00:00,True
mean_01_005,mean,mean_01,1,5,0.0,基于文本挖掘和机器学习算法的股票投资研究_陆航航.pdf,P0001,live_normal,K6d8d34adab041a2b58aee771ff805fb059acd0ec53cfcdd55d53d4b875316a04,2,complete,0.0,0,0,0,0,ed0c9198-086a-491f-a74f-0c71e573a0d1,2026-10-02T09:51:49.830790+00:00,True
mean_01_006,mean,mean_01,1,6,0.0,基于文本挖掘和机器学习算法的股票投资研究_陆航航.pdf,P0001,live_normal,K6d8d34adab041a2b58aee771ff805fb059acd0ec53cfcdd55d53d4b875316a04,2,complete,0.0,0,0,0,0,469582ab-b833-4f63-a0bc-6a9971f989c1,2026-10-02T09:51:50.496795+00:00,True
mean_01_007,mean,mean_01,1,7,0.0,面向不平衡数据集的机器学习算法对信贷风险的研究_游云贝.pdf,P0007,live_normal,Ka4e77858d93473b94e5c290ea3c4c6c76112c2ec361f563e9d698f5742d66934,2,complete,0.0,0,0,0,0,31ae75b0-ee1f-4821-bcde-3a097fdd8e71,2026-10-02T09:51:51.360210+00:00,True
mean_01_008,mean,mean_01,1,8,0.0,基于机器学习算法的P2P网络借贷信用评级产品设计_路杨宁.pdf,P0003,live_normal,K62edc95d04e6e9efb277503668bd94de7558d0ea3a85a6c77494253476a1a642,2,complete,0.0,0,0,0,0,645f178b-92b4-4c8f-bdc0-f10389f5ab8d,2026-10-02T09:51:51.786911+00:00,True
mean_01_009,mean,mean_01,1,9,0.0,面向不平衡数据集的机器学习算法对信贷风险的研究_游云贝.pdf,P0007,live_normal,Ka4e77858d93473b94e5c290ea3c4c6c76112c2ec361f563e9d698f5742d66934,2,complete,0.0,0,0,0,0,4b4daf0b-3373-41f5-ad72-af36d815e823,2026-10-02T09:51:52.363574+00:00,True
mean_01_010,mean,mean_01,1,10,0.0,基于机器学习的实证资产定价研究_马甜.pdf,P0017,live_normal,Ke2b440815c0955b63354c736aa0448f12c34e6dc8801a54a366637c65d2a9f97,2,complete,0.0,0,0,0,0,132fd031-74cf-48c3-ad14-4f3a771eef86,2026-10-02T09:51:53.379206+00:00,True
mean_01_011,mean,mean_01,1,11,0.0,基于文本挖掘和机器学习算法的股票投资研究_陆航航.pdf,P0001,live_normal,K6d8d34adab041a2b58aee771ff805fb059acd0ec53cfcdd55d53d4b875316a04,2,complete,0.0,0,0,0,0,b9c37115-6086-4af5-aaa2-ffdf9959e0db,2026-10-02T09:51:54.226857+00:00,True
mean_01_012,mean,mean_01,1,12,0.0,基于文本挖掘和机器学习算法的股票投资研究_陆航航.pdf,P0001,live_normal,K6d8d34adab041a2b58aee771ff805fb059acd0ec53cfcdd55d53d4b875316a04,2,complete,0.0,0,0,0,0,71aaee01-0ea5-4c84-8f98-375ba01643a7,2026-10-02T09:51:54.676329+00:00,True
mean_01_013,mean,mean_01,1,13,0.0,面向不平衡数据集的机器学习算法对信贷风险的研究_游云贝.pdf,P0007,live_normal,Ka4e77858d93473b94e5c290ea3c4c6c76112c2ec361f563e9d698f5742d66934,2,complete,0.0,0,0,0,0,9753a9fc-9ad7-45a4-a91d-45464cca92ea,2026-10-02T09:51:55.310013+00:00,True
mean_01_014,mean,mean_01,1,14,0.0,基于文本挖掘和机器学习算法的股票投资研究_陆航航.pdf,P0001,live_normal,K6d8d34adab041a2b58aee771ff805fb059acd0ec53cfcdd55d53d4b875316a04,2,complete,0.0,0,0,0,0,bc8001c8-4c6d-4b40-b54a-27312ac2ddac,2026-10-02T09:51:55.894924+00:00,True
mean_01_015,mean,mean_01,1,15,0.0,基于文本挖掘和机器学习算法的股票投资研究_陆航航.pdf,P0001,live_normal,K6d8d34adab041a2b58aee771ff805fb059acd0ec53cfcdd55d53d4b875316a04,2,complete,0.0,0,0,0,0,5dbf1a76-1c5b-4a9d-a603-ffed235b4bfc,2026-10-02T09:51:56.509059+00:00,True
mean_01_016,mean,mean_01,1,16,0.0,面向不平衡数据集的机器学习算法对信贷风险的研究_游云贝.pdf,P0007,live_normal,Ka4e77858d93473b94e5c290ea3c4c6c76112c2ec361f563e9d698f5742d66934,2,complete,0.0,0,0,0,0,a993e843-a83e-47de-a274-ffd03b6c6133,2026-10-02T09:51:57.524736+00:00,True
mean_01_017,mean,mean_01,1,17,0.0,基于机器学习算法的P2P网络借贷信用评级产品设计_路杨宁.pdf,P0003,live_normal,K62edc95d04e6e9efb277503668bd94de7558d0ea3a85a6c77494253476a1a642,2,complete,0.0,0,0,0,0,cc8c2422-ece0-4316-ba1d-311ac1ee7f72,2026-10-02T09:51:58.162779+00:00,True
mean_01_018,mean,mean_01,1,18,0.0,基于文本挖掘和机器学习算法的股票投资研究_陆航航.pdf,P0001,live_normal,K6d8d34adab041a2b58aee771ff805fb059acd0ec53cfcdd55d53d4b875316a04,2,complete,0.0,0,0,0,0,5f661f77-b827-4a66-96ea-95f8dbee499c,2026-10-02T09:51:59.030718+00:00,True
mean_01_019,mean,mean_01,1,19,0.0,基于机器学习的实证资产定价研究_马甜.pdf,P0017,live_normal,Ke2b440815c0955b63354c736aa0448f12c34e6dc8801a54a366637c65d2a9f97,2,complete,0.0,0,0,0,0,3f66ba2c-8064-4d34-be14-4c77474ec4b5,2026-10-02T09:51:59.488114+00:00,True
mean_01_020,mean,mean_01,1,20,0.0,面向不平衡数据集的机器学习算法对信贷风险的研究_游云贝.pdf,P0007,live_normal,Ka4e77858d93473b94e5c290ea3c4c6c76112c2ec361f563e9d698f5742d66934,2,complete,0.0,0,0,0,0,5d3fb347-facd-4cf1-87cf-dc9d9ef611bb,2026-10-02T09:52:00.140201+00:00,True
mean_02_001,mean,mean_02,2,1,0.0,基于机器学习算法的P2P网络借贷信用评级产品设计_路杨宁.pdf,P0003,live_normal,K62edc95d04e6e9efb277503668bd94de7558d0ea3a85a6c77494253476a1a642,2,complete,0.0,0,0,0,0,3cf89100-d70c-423f-afef-81b5831e7bcd,2026-10-02T09:51:40.674138+00:00,False
mean_02_002,mean,mean_02,2,2,0.0,面向不平衡数据集的机器学习算法对信贷风险的研究_游云贝.pdf,P0007,live_normal,Ka4e77858d93473b94e5c290ea3c4c6c76112c2ec361f563e9d698f5742d66934,2,complete,0.0,0,0,0,0,da57c95e-9099-42b3-a377-0840bcd4e971,2026-10-02T09:51:41.311144+00:00,True
mean_02_003,mean,mean_02,2,3,0.0,面向不平衡数据集的机器学习算法对信贷风险的研究_游云贝.pdf,P0007,live_normal,Ka4e77858d93473b94e5c290ea3c4c6c76112c2ec361f563e9d698f5742d66934,2,complete,0.0,0,0,0,0,77fc6dda-0c81-4fba-80de-5205212dac99,2026-10-02T09:51:42.099741+00:00,True
mean_02_004,mean,mean_02,2,4,0.0,面向不平衡数据集的机器学习算法对信贷风险的研究_游云贝.pdf,P0007,live_normal,Ka4e77858d93473b94e5c290ea3c4c6c76112c2ec361f563e9d698f5742d66934,2,complete,0.0,0,0,0,0,03974a44-d979-4d5d-aecb-1d6be75c7d85,2026-10-02T09:51:42.719198+00:00,True
mean_02_005,mean,mean_02,2,5,0.0,基于机器学习的实证资产定价研究_马甜.pdf,P0017,live_normal,Ke2b440815c0955b63354c736aa0448f12c34e6dc8801a54a366637c65d2a9f97,2,complete,0.0,0,0,0,0,dde0b2c9-70ce-430f-86e5-64f7dba7060b,2026-10-02T09:51:48.766289+00:00,True
mean_02_006,mean,mean_02,2,6,0.0,基于机器学习算法的P2P网络借贷信用评级产品设计_路杨宁.pdf,P0003,live_normal,K62edc95d04e6e9efb277503668bd94de7558d0ea3a85a6c77494253476a1a642,2,complete,0.0,0,0,0,0,46c9ed91-794b-412f-85e4-62046ff58e05,2026-10-02T09:51:49.352914+00:00,True
mean_02_007,mean,mean_02,2,7,0.0,基于文本挖掘和机器学习算法的股票投资研究_陆航航.pdf,P0001,live_normal,K6d8d34adab041a2b58aee771ff805fb059acd0ec53cfcdd55d53d4b875316a04,2,complete,0.0,0,0,0,0,398ad3f6-cd8c-4428-93b9-f2733322941e,2026-10-02T09:51:49.984791+00:00,True
mean_02_008,mean,mean_02,2,8,0.0,面向不平衡数据集的机器学习算法对信贷风险的研究_游云贝.pdf,P0007,live_normal,Ka4e77858d93473b94e5c290ea3c4c6c76112c2ec361f563e9d698f5742d66934,2,complete,0.0,0,0,0,0,d39ed19b-b0f4-43ac-bd4f-dab2e8699e6e,2026-10-02T09:51:50.863570+00:00,True
mean_02_009,mean,mean_02,2,9,0.0,面向不平衡数据集的机器学习算法对信贷风险的研究_游云贝.pdf,P0007,live_normal,Ka4e77858d93473b94e5c290ea3c4c6c76112c2ec361f563e9d698f5742d66934,2,complete,0.0,0,0,0,0,69040878-bdb1-4b85-bb25-971c74f7b2b0,2026-10-02T09:51:51.383818+00:00,True
mean_02_010,mean,mean_02,2,10,0.0,基于文本挖掘和机器学习算法的股票投资研究_陆航航.pdf,P0001,live_normal,K6d8d34adab041a2b58aee771ff805fb059acd0ec53cfcdd55d53d4b875316a04,2,complete,0.0,0,0,0,0,592e36f7-af93-4753-bcd2-fbecd7eb3efb,2026-10-02T09:51:51.886146+00:00,True
mean_02_011,mean,mean_02,2,11,0.0,面向不平衡数据集的机器学习算法对信贷风险的研究_游云贝.pdf,P0007,live_normal,Ka4e77858d93473b94e5c290ea3c4c6c76112c2ec361f563e9d698f5742d66934,2,complete,0.0,0,0,0,0,2685dfa0-2f00-437b-b141-686334834461,2026-10-02T09:51:52.744204+00:00,True
mean_02_012,mean,mean_02,2,12,0.0,面向不平衡数据集的机器学习算法对信贷风险的研究_游云贝.pdf,P0007,live_normal,Ka4e77858d93473b94e5c290ea3c4c6c76112c2ec361f563e9d698f5742d66934,2,complete,0.0,0,0,0,0,c84bc227-fefa-4c30-be8b-e2ee0125b021,2026-10-02T09:51:53.257576+00:00,True
mean_02_013,mean,mean_02,2,13,0.0,面向不平衡数据集的机器学习算法对信贷风险的研究_游云贝.pdf,P0007,live_normal,Ka4e77858d93473b94e5c290ea3c4c6c76112c2ec361f563e9d698f5742d66934,2,complete,0.0,0,0,0,0,7292e8d7-b8ff-4b59-b98f-762b886c0bb1,2026-10-02T09:51:53.815915+00:00,True
mean_02_014,mean,mean_02,2,14,0.0,基于文本挖掘和机器学习算法的股票投资研究_陆航航.pdf,P0001,live_normal,K6d8d34adab041a2b58aee771ff805fb059acd0ec53cfcdd55d53d4b875316a04,2,complete,0.0,0,0,0,0,0ffa2c1e-1d43-4b71-9d07-cdf7aa5b503d,2026-10-02T09:51:54.241412+00:00,True
mean_02_015,mean,mean_02,2,15,0.0,基于机器学习算法的P2P网络借贷信用评级产品设计_路杨宁.pdf,P0003,live_normal,K62edc95d04e6e9efb277503668bd94de7558d0ea3a85a6c77494253476a1a642,2,complete,0.0,0,0,0,0,ea04297f-ac2d-4c41-9a25-6347272a6812,2026-10-02T09:51:54.914991+00:00,True
mean_02_016,mean,mean_02,2,16,0.0,基于机器学习的实证资产定价研究_马甜.pdf,P0017,live_normal,Ke2b440815c0955b63354c736aa0448f12c34e6dc8801a54a366637c65d2a9f97,2,complete,0.0,0,0,0,0,bb159c7d-53a4-4c86-b161-d53129194544,2026-10-02T09:51:55.873589+00:00,True
mean_02_017,mean,mean_02,2,17,0.0,基于文本挖掘和机器学习算法的股票投资研究_陆航航.pdf,P0001,live_normal,K6d8d34adab041a2b58aee771ff805fb059acd0ec53cfcdd55d53d4b875316a04,2,complete,0.0,0,0,0,0,f889da94-a483-49f0-93a0-55643c5f542c,2026-10-02T09:51:56.693709+00:00,True
mean_02_018,mean,mean_02,2,18,0.0,基于机器学习的实证资产定价研究_马甜.pdf,P0016,live_normal,K0e70f5d16add0573fa9e01167d05436ccb67105a51644a50f430f98b4a599059,2,complete,0.0,0,0,0,0,43fbd031-f62e-4f3c-8eb6-4625f2db5a6c,2026-10-02T09:51:57.266762+00:00,True
mean_02_019,mean,mean_02,2,19,0.0,基于机器学习算法的P2P网络借贷信用评级产品设计_路杨宁.pdf,P0003,live_normal,K62edc95d04e6e9efb277503668bd94de7558d0ea3a85a6c77494253476a1a642,2,complete,0.0,0,0,0,0,576f051c-891f-4818-aeec-83b6524f621c,2026-10-02T09:51:57.927629+00:00,True
mean_02_020,mean,mean_02,2,20,0.0,基于文本挖掘和机器学习算法的股票投资研究_陆航航.pdf,P0001,live_normal,K6d8d34adab041a2b58aee771ff805fb059acd0ec53cfcdd55d53d4b875316a04,2,complete,0.0,0,0,0,0,856f6824-2d2a-42f2-b0c9-48a950436433,2026-10-02T09:51:58.703971+00:00,True
mean_03_001,mean,mean_03,3,1,0.0,面向不平衡数据集的机器学习算法对信贷风险的研究_游云贝.pdf,P0007,live_normal,Ka4e77858d93473b94e5c290ea3c4c6c76112c2ec361f563e9d698f5742d66934,2,complete,0.0,0,0,0,0,8763961c-a9ab-4c8a-a55b-148041b7fb68,2026-10-02T09:51:41.188169+00:00,False
mean_03_002,mean,mean_03,3,2,0.0,面向不平衡数据集的机器学习算法对信贷风险的研究_游云贝.pdf,P0007,live_normal,Ka4e77858d93473b94e5c290ea3c4c6c76112c2ec361f563e9d698f5742d66934,2,complete,0.0,0,0,0,0,f8013afa-1127-4db3-890b-dc0a45e77cc2,2026-10-02T09:51:41.838020+00:00,True
mean_03_003,mean,mean_03,3,3,0.0,基于文本挖掘和机器学习算法的股票投资研究_陆航航.pdf,P0001,live_normal,K6d8d34adab041a2b58aee771ff805fb059acd0ec53cfcdd55d53d4b875316a04,2,complete,0.0,0,0,0,0,9a6258ae-68e4-4e53-9292-55d6a5b0b179,2026-10-02T09:51:48.268640+00:00,True
mean_03_004,mean,mean_03,3,4,0.0,基于机器学习的实证资产定价研究_马甜.pdf,P0017,live_normal,Ke2b440815c0955b63354c736aa0448f12c34e6dc8801a54a366637c65d2a9f97,2,complete,0.0,0,0,0,0,6f9c3dc9-0dec-400e-a100-b0cb2e20795c,2026-10-02T09:51:48.947714+00:00,True
mean_03_005,mean,mean_03,3,5,0.0,基于机器学习的实证资产定价研究_马甜.pdf,P0016,live_normal,K0e70f5d16add0573fa9e01167d05436ccb67105a51644a50f430f98b4a599059,2,complete,0.0,0,0,0,0,0c34c7b1-709e-4e23-9fe1-b7bcacfcb185,2026-10-02T09:51:55.991720+00:00,False
mean_03_006,mean,mean_03,3,6,0.0,基于机器学习算法的P2P网络借贷信用评级产品设计_路杨宁.pdf,P0003,live_normal,K62edc95d04e6e9efb277503668bd94de7558d0ea3a85a6c77494253476a1a642,2,complete,0.0,0,0,0,0,e38600d6-90f9-4d52-a00b-5525d6128116,2026-10-02T09:51:56.725272+00:00,True
mean_03_007,mean,mean_03,3,7,0.0,基于文本挖掘和机器学习算法的股票投资研究_陆航航.pdf,P0001,live_normal,K6d8d34adab041a2b58aee771ff805fb059acd0ec53cfcdd55d53d4b875316a04,2,complete,0.0,0,0,0,0,6f3c24f2-58ad-4c12-a680-203f9869e6e3,2026-10-02T09:51:57.358165+00:00,True
mean_03_008,mean,mean_03,3,8,0.0,基于机器学习算法的P2P网络借贷信用评级产品设计_路杨宁.pdf,P0003,live_normal,K62edc95d04e6e9efb277503668bd94de7558d0ea3a85a6c77494253476a1a642,2,complete,0.0,0,0,0,0,ac66dab4-ca53-4c1a-9ab6-fedf33434cb0,2026-10-02T09:51:58.273171+00:00,True
mean_03_009,mean,mean_03,3,9,0.0,面向不平衡数据集的机器学习算法对信贷风险的研究_游云贝.pdf,P0007,live_normal,Ka4e77858d93473b94e5c290ea3c4c6c76112c2ec361f563e9d698f5742d66934,2,complete,0.0,0,0,0,0,cd44a3a8-f114-45e1-88b2-a43f94003f05,2026-10-02T09:51:59.241777+00:00,True
mean_03_010,mean,mean_03,3,10,0.0,基于文本挖掘和机器学习算法的股票投资研究_陆航航.pdf,P0001,live_normal,K6d8d34adab041a2b58aee771ff805fb059acd0ec53cfcdd55d53d4b875316a04,2,complete,0.0,0,0,0,0,b5187170-b7f2-4987-b6fc-31933ffcd27d,2026-10-02T09:51:59.829764+00:00,True
mean_03_011,mean,mean_03,3,11,0.0,基于机器学习算法的P2P网络借贷信用评级产品设计_路杨宁.pdf,P0003,live_normal,K62edc95d04e6e9efb277503668bd94de7558d0ea3a85a6c77494253476a1a642,2,complete,0.0,0,0,0,0,0b07f105-a226-4a13-a3ec-56cc4866a3b7,2026-10-02T09:52:00.463483+00:00,True
mean_03_012,mean,mean_03,3,12,0.0,面向不平衡数据集的机器学习算法对信贷风险的研究_游云贝.pdf,P0007,live_normal,Ka4e77858d93473b94e5c290ea3c4c6c76112c2ec361f563e9d698f5742d66934,2,complete,0.0,0,0,0,0,82bca40f-df1e-4488-b337-0b1a968f9dde,2026-10-02T09:52:00.997975+00:00,True
mean_03_013,mean,mean_03,3,13,0.0,基于机器学习的实证资产定价研究_马甜.pdf,P0016,live_normal,K0e70f5d16add0573fa9e01167d05436ccb67105a51644a50f430f98b4a599059,2,complete,0.0,0,0,0,0,f21f42f1-2306-4db5-b04a-102e069b7279,2026-10-02T09:52:01.856017+00:00,True
mean_03_014,mean,mean_03,3,14,0.0,基于机器学习算法的P2P网络借贷信用评级产品设计_路杨宁.pdf,P0003,live_normal,K62edc95d04e6e9efb277503668bd94de7558d0ea3a85a6c77494253476a1a642,2,complete,0.0,0,0,0,0,af190b37-8505-4291-9097-42e5c502f2c3,2026-10-02T09:52:03.050038+00:00,True
mean_03_015,mean,mean_03,3,15,0.0,基于文本挖掘和机器学习算法的股票投资研究_陆航航.pdf,P0001,live_normal,K6d8d34adab041a2b58aee771ff805fb059acd0ec53cfcdd55d53d4b875316a04,2,complete,0.0,0,0,0,0,c186a0bd-8370-408a-aed3-247c17a1bac0,2026-10-02T09:52:03.806099+00:00,True
mean_03_016,mean,mean_03,3,16,0.0,基于机器学习算法的P2P网络借贷信用评级产品设计_路杨宁.pdf,P0003,live_normal,K62edc95d04e6e9efb277503668bd94de7558d0ea3a85a6c77494253476a1a642,2,complete,0.0,0,0,0,0,42d72f61-0023-436a-918b-d6c55ead0d32,2026-10-02T09:52:04.369632+00:00,True
mean_03_017,mean,mean_03,3,17,0.0,基于文本挖掘和机器学习算法的股票投资研究_陆航航.pdf,P0001,live_normal,K6d8d34adab041a2b58aee771ff805fb059acd0ec53cfcdd55d53d4b875316a04,2,complete,0.0,0,0,0,0,8dee00d5-7fd7-4ec7-bb1e-54cc008109d1,2026-10-02T09:52:05.224967+00:00,True
mean_03_018,mean,mean_03,3,18,0.0,面向不平衡数据集的机器学习算法对信贷风险的研究_游云贝.pdf,P0007,live_normal,Ka4e77858d93473b94e5c290ea3c4c6c76112c2ec361f563e9d698f5742d66934,2,complete,0.0,0,0,0,0,b365660b-30ba-489f-b05b-3a161136c539,2026-10-02T09:52:06.121469+00:00,True
mean_03_019,mean,mean_03,3,19,0.0,基于机器学习算法的P2P网络借贷信用评级产品设计_路杨宁.pdf,P0003,live_normal,K62edc95d04e6e9efb277503668bd94de7558d0ea3a85a6c77494253476a1a642,2,complete,0.0,0,0,0,0,8463dabe-b696-4399-83c8-6f857fc8ad7e,2026-10-02T09:52:07.144759+00:00,True
mean_03_020,mean,mean_03,3,20,0.0,基于文本挖掘和机器学习算法的股票投资研究_陆航航.pdf,P0001,live_normal,K6d8d34adab041a2b58aee771ff805fb059acd0ec53cfcdd55d53d4b875316a04,2,complete,0.0,0,0,0,0,1ed062f2-9a2f-4eab-a5c1-3829ea5d85be,2026-10-02T09:52:07.982362+00:00,True
threshold_00_001,threshold,threshold_00,0,1,0.0,基于机器学习的实证资产定价研究_马甜.pdf,P0017,live_normal,Ke2b440815c0955b63354c736aa0448f12c34e6dc8801a54a366637c65d2a9f97,2,complete,0.0,0,0,0,0,6004c7cf-e3f2-4fce-8d6a-77f036a6078d,2026-10-02T10:12:14.212006+00:00,True
threshold_00_002,threshold,threshold_00,0,2,0.0,基于文本挖掘和机器学习算法的股票投资研究_陆航航.pdf,P0001,live_normal,K6d8d34adab041a2b58aee771ff805fb059acd0ec53cfcdd55d53d4b875316a04,2,complete,0.0,0,0,0,0,d88bb3eb-b47b-4ea3-ad8d-60e76be52196,2026-10-02T10:12:14.787673+00:00,True
threshold_00_003,threshold,threshold_00,0,3,0.0,基于文本挖掘和机器学习算法的股票投资研究_陆航航.pdf,P0001,live_normal,K6d8d34adab041a2b58aee771ff805fb059acd0ec53cfcdd55d53d4b875316a04,2,complete,0.0,0,0,0,0,4e0d8dc2-f15a-4329-acb4-4ab4d456c5c2,2026-10-02T10:12:15.685269+00:00,True
threshold_00_004,threshold,threshold_00,0,4,0.0,基于机器学习算法的P2P网络借贷信用评级产品设计_路杨宁.pdf,P0003,live_normal,K62edc95d04e6e9efb277503668bd94de7558d0ea3a85a6c77494253476a1a642,2,complete,0.0,0,0,0,0,5dba64a7-5f87-4168-bb73-e2852da5907a,2026-10-02T10:12:16.554965+00:00,True
threshold_00_005,threshold,threshold_00,0,5,0.0,基于文本挖掘和机器学习算法的股票投资研究_陆航航.pdf,P0001,live_normal,K6d8d34adab041a2b58aee771ff805fb059acd0ec53cfcdd55d53d4b875316a04,2,complete,0.0,0,0,0,0,014d6a83-ec07-4bd5-965e-4fe90d512d56,2026-10-02T10:12:17.471166+00:00,True
threshold_00_006,threshold,threshold_00,0,6,0.0,基于机器学习算法的P2P网络借贷信用评级产品设计_路杨宁.pdf,P0003,live_normal,K62edc95d04e6e9efb277503668bd94de7558d0ea3a85a6c77494253476a1a642,2,complete,0.0,0,0,0,0,953cc7f8-c48b-4648-ade9-7a17d51d08bd,2026-10-02T10:12:18.514234+00:00,True
threshold_00_007,threshold,threshold_00,0,7,0.0,基于文本挖掘和机器学习算法的股票投资研究_陆航航.pdf,P0001,live_normal,K6d8d34adab041a2b58aee771ff805fb059acd0ec53cfcdd55d53d4b875316a04,2,complete,0.0,0,0,0,0,79a5d308-4526-4c33-9e03-0af2221903df,2026-10-02T10:12:19.070983+00:00,True
threshold_00_008,threshold,threshold_00,0,8,0.0,基于文本挖掘和机器学习算法的股票投资研究_陆航航.pdf,P0001,live_normal,K6d8d34adab041a2b58aee771ff805fb059acd0ec53cfcdd55d53d4b875316a04,2,complete,0.0,0,0,0,0,0d2b46b7-7cbf-4528-9067-a06cb55f7f0b,2026-10-02T10:12:20.161689+00:00,True
threshold_00_009,threshold,threshold_00,0,9,0.0,基于机器学习算法的P2P网络借贷信用评级产品设计_路杨宁.pdf,P0003,live_normal,K62edc95d04e6e9efb277503668bd94de7558d0ea3a85a6c77494253476a1a642,2,complete,0.0,0,0,0,0,b0d560a3-0b25-4110-8d3f-3654b0c82007,2026-10-02T10:12:20.764280+00:00,True
threshold_00_010,threshold,threshold_00,0,10,0.0,面向不平衡数据集的机器学习算法对信贷风险的研究_游云贝.pdf,P0007,live_normal,Ka4e77858d93473b94e5c290ea3c4c6c76112c2ec361f563e9d698f5742d66934,2,complete,0.0,0,0,0,0,c2f024bb-06f5-4f44-84af-45b11ba716dd,2026-10-02T10:12:21.743678+00:00,True
threshold_00_011,threshold,threshold_00,0,11,0.0,基于机器学习的实证资产定价研究_马甜.pdf,P0016,live_normal,K0e70f5d16add0573fa9e01167d05436ccb67105a51644a50f430f98b4a599059,2,complete,0.0,0,0,0,0,b10df284-0757-404a-b3c5-f641c0221630,2026-10-02T10:12:22.411382+00:00,True
threshold_00_012,threshold,threshold_00,0,12,0.0,基于文本挖掘和机器学习算法的股票投资研究_陆航航.pdf,P0001,live_normal,K6d8d34adab041a2b58aee771ff805fb059acd0ec53cfcdd55d53d4b875316a04,2,complete,0.0,0,0,0,0,effc70f8-fb9e-4a20-be8a-daeeb27fb759,2026-10-02T10:12:23.083327+00:00,True
threshold_00_013,threshold,threshold_00,0,13,0.0,面向不平衡数据集的机器学习算法对信贷风险的研究_游云贝.pdf,P0007,live_normal,Ka4e77858d93473b94e5c290ea3c4c6c76112c2ec361f563e9d698f5742d66934,2,complete,0.0,0,0,0,0,e6c9ab66-95f4-4298-88e0-a68438ba7ea0,2026-10-02T10:12:23.593140+00:00,True
threshold_00_014,threshold,threshold_00,0,14,0.0,基于机器学习算法的P2P网络借贷信用评级产品设计_路杨宁.pdf,P0003,live_normal,K62edc95d04e6e9efb277503668bd94de7558d0ea3a85a6c77494253476a1a642,2,complete,0.0,0,0,0,0,73378e05-4172-4182-8d45-b2a5322407b7,2026-10-02T10:12:24.757927+00:00,True
threshold_00_015,threshold,threshold_00,0,15,0.0,基于机器学习算法的P2P网络借贷信用评级产品设计_路杨宁.pdf,P0003,live_normal,K62edc95d04e6e9efb277503668bd94de7558d0ea3a85a6c77494253476a1a642,2,complete,0.0,0,0,0,0,ef31e993-bfac-4ca3-ac44-92b6409c1835,2026-10-02T10:12:25.205429+00:00,True
threshold_00_016,threshold,threshold_00,0,16,0.0,基于机器学习的实证资产定价研究_马甜.pdf,P0016,live_normal,K0e70f5d16add0573fa9e01167d05436ccb67105a51644a50f430f98b4a599059,2,complete,0.0,0,0,0,0,af5f244f-37dd-4b54-9c87-1275a2e4e923,2026-10-02T10:12:25.953220+00:00,True
threshold_00_017,threshold,threshold_00,0,17,0.0,基于机器学习算法的P2P网络借贷信用评级产品设计_路杨宁.pdf,P0003,live_normal,K62edc95d04e6e9efb277503668bd94de7558d0ea3a85a6c77494253476a1a642,2,complete,0.0,0,0,0,0,c095487a-9087-4b66-8947-9dbede0d5ea5,2026-10-02T10:12:26.519947+00:00,True
threshold_00_018,threshold,threshold_00,0,18,0.0,面向不平衡数据集的机器学习算法对信贷风险的研究_游云贝.pdf,P0007,live_normal,Ka4e77858d93473b94e5c290ea3c4c6c76112c2ec361f563e9d698f5742d66934,2,complete,0.0,0,0,0,0,71266b54-ace8-4da6-98b2-5c4011d5200d,2026-10-02T10:12:27.108261+00:00,True
threshold_00_019,threshold,threshold_00,0,19,0.0,基于文本挖掘和机器学习算法的股票投资研究_陆航航.pdf,P0001,live_normal,K6d8d34adab041a2b58aee771ff805fb059acd0ec53cfcdd55d53d4b875316a04,2,complete,0.0,0,0,0,0,5b22fba5-221d-4e33-ad38-f552fc3c3096,2026-10-02T10:12:27.807783+00:00,True
threshold_00_020,threshold,threshold_00,0,20,0.0,基于机器学习的实证资产定价研究_马甜.pdf,P0017,live_normal,Ke2b440815c0955b63354c736aa0448f12c34e6dc8801a54a366637c65d2a9f97,2,complete,0.0,0,0,0,0,dfce3acb-2da6-485c-abf9-7badbd681daf,2026-10-02T10:12:28.795043+00:00,True
threshold_00_021,threshold,threshold_00,0,21,0.0,面向不平衡数据集的机器学习算法对信贷风险的研究_游云贝.pdf,P0007,live_normal,Ka4e77858d93473b94e5c290ea3c4c6c76112c2ec361f563e9d698f5742d66934,2,complete,0.0,0,0,0,0,1e72e33b-5b7c-4319-ae51-fc4302716558,2026-10-02T10:12:29.728487+00:00,True
threshold_00_022,threshold,threshold_00,0,22,0.0,基于文本挖掘和机器学习算法的股票投资研究_陆航航.pdf,P0001,live_normal,K6d8d34adab041a2b58aee771ff805fb059acd0ec53cfcdd55d53d4b875316a04,2,complete,0.0,0,0,0,0,6458fd0b-e4e6-4851-8947-abe9623b719d,2026-10-02T10:12:30.703321+00:00,True
threshold_00_023,threshold,threshold_00,0,23,0.0,面向不平衡数据集的机器学习算法对信贷风险的研究_游云贝.pdf,P0007,live_normal,Ka4e77858d93473b94e5c290ea3c4c6c76112c2ec361f563e9d698f5742d66934,2,complete,0.0,0,0,0,0,65bcb51f-8d1d-463b-8118-2f1b8c22bb16,2026-10-02T10:12:31.668284+00:00,True
threshold_00_024,threshold,threshold_00,0,24,0.0,基于机器学习算法的P2P网络借贷信用评级产品设计_路杨宁.pdf,P0003,live_normal,K62edc95d04e6e9efb277503668bd94de7558d0ea3a85a6c77494253476a1a642,2,complete,0.0,0,0,0,0,f1f5c98b-5f99-4921-8491-6915524f5d85,2026-10-02T10:12:32.267008+00:00,True
threshold_00_025,threshold,threshold_00,0,25,0.0,基于机器学习的实证资产定价研究_马甜.pdf,P0017,live_normal,Ke2b440815c0955b63354c736aa0448f12c34e6dc8801a54a366637c65d2a9f97,2,complete,0.0,0,0,0,0,b77e0a0a-1712-44a8-9065-2d4ef059a87a,2026-10-02T10:12:33.154315+00:00,True
threshold_00_026,threshold,threshold_00,0,26,0.0,基于机器学习的实证资产定价研究_马甜.pdf,P0016,live_normal,K0e70f5d16add0573fa9e01167d05436ccb67105a51644a50f430f98b4a599059,2,complete,0.0,0,0,0,0,12aa64de-b9e0-41bb-b1a5-09034d772796,2026-10-02T10:12:33.871542+00:00,True
threshold_00_027,threshold,threshold_00,0,27,0.0,基于文本挖掘和机器学习算法的股票投资研究_陆航航.pdf,P0001,live_normal,K6d8d34adab041a2b58aee771ff805fb059acd0ec53cfcdd55d53d4b875316a04,2,complete,0.0,0,0,0,0,a54a89e3-761f-4d42-a222-fed004cc02c7,2026-10-02T10:12:34.381109+00:00,True
threshold_00_028,threshold,threshold_00,0,28,0.0,基于机器学习的实证资产定价研究_马甜.pdf,P0017,live_normal,Ke2b440815c0955b63354c736aa0448f12c34e6dc8801a54a366637c65d2a9f97,2,complete,0.0,0,0,0,0,d1f6d8fd-c22d-44f4-b0a8-dc3856fe2ce6,2026-10-02T10:12:34.998129+00:00,True
threshold_00_029,threshold,threshold_00,0,29,0.0,基于机器学习算法的P2P网络借贷信用评级产品设计_路杨宁.pdf,P0003,live_normal,K62edc95d04e6e9efb277503668bd94de7558d0ea3a85a6c77494253476a1a642,2,complete,0.0,0,0,0,0,2f267ed6-2caa-4b25-b0e6-8c119966699b,2026-10-02T10:12:35.842985+00:00,True
threshold_00_030,threshold,threshold_00,0,30,0.0,基于机器学习的实证资产定价研究_马甜.pdf,P0016,live_normal,K0e70f5d16add0573fa9e01167d05436ccb67105a51644a50f430f98b4a599059,2,complete,0.0,0,0,0,0,88393a8a-1d9d-4cee-9335-a41e657e097e,2026-10-02T10:12:36.740584+00:00,True
threshold_00_031,threshold,threshold_00,0,31,0.0,基于机器学习算法的P2P网络借贷信用评级产品设计_路杨宁.pdf,P0003,live_normal,K62edc95d04e6e9efb277503668bd94de7558d0ea3a85a6c77494253476a1a642,2,complete,0.0,0,0,0,0,abfc9c26-7c4f-4690-92ee-5e6a32c63dfa,2026-10-02T10:12:37.315862+00:00,True
threshold_00_032,threshold,threshold_00,0,32,0.0,基于文本挖掘和机器学习算法的股票投资研究_陆航航.pdf,P0001,live_normal,K6d8d34adab041a2b58aee771ff805fb059acd0ec53cfcdd55d53d4b875316a04,2,complete,0.0,0,0,0,0,3da01708-309a-4dd0-a387-3cd8b4b50b73,2026-10-02T10:12:37.794267+00:00,True
threshold_00_033,threshold,threshold_00,0,33,0.0,基于机器学习算法的P2P网络借贷信用评级产品设计_路杨宁.pdf,P0003,live_normal,K62edc95d04e6e9efb277503668bd94de7558d0ea3a85a6c77494253476a1a642,2,complete,0.0,0,0,0,0,2e6be190-4726-47d4-a14e-cbd5148e3672,2026-10-02T10:12:38.337419+00:00,True
threshold_00_034,threshold,threshold_00,0,34,0.0,基于机器学习算法的P2P网络借贷信用评级产品设计_路杨宁.pdf,P0003,live_normal,K62edc95d04e6e9efb277503668bd94de7558d0ea3a85a6c77494253476a1a642,2,complete,0.0,0,0,0,0,4804a14d-c615-4d08-8e3c-710c223746dc,2026-10-02T10:12:38.955219+00:00,True
threshold_00_035,threshold,threshold_00,0,35,0.0,基于机器学习的实证资产定价研究_马甜.pdf,P0017,live_normal,Ke2b440815c0955b63354c736aa0448f12c34e6dc8801a54a366637c65d2a9f97,2,complete,0.0,0,0,0,0,b17b700e-1ee8-437f-bc7b-906b9d29e157,2026-10-02T10:12:40.125625+00:00,True
threshold_00_036,threshold,threshold_00,0,36,0.0,面向不平衡数据集的机器学习算法对信贷风险的研究_游云贝.pdf,P0007,live_normal,Ka4e77858d93473b94e5c290ea3c4c6c76112c2ec361f563e9d698f5742d66934,2,complete,0.0,0,0,0,0,2b576b3a-e9cf-45ea-a3b4-89482508a03c,2026-10-02T10:12:40.763587+00:00,True
threshold_00_037,threshold,threshold_00,0,37,0.0,基于机器学习的实证资产定价研究_马甜.pdf,P0017,live_normal,Ke2b440815c0955b63354c736aa0448f12c34e6dc8801a54a366637c65d2a9f97,2,complete,0.0,0,0,0,0,3ce891e2-4590-44e4-a822-017d7956250d,2026-10-02T10:12:42.158943+00:00,True
threshold_00_038,threshold,threshold_00,0,38,0.0,基于机器学习算法的P2P网络借贷信用评级产品设计_路杨宁.pdf,P0003,live_normal,K62edc95d04e6e9efb277503668bd94de7558d0ea3a85a6c77494253476a1a642,2,complete,0.0,0,0,0,0,1b1c2a27-730b-498e-b0d8-f5a04c968d1e,2026-10-02T10:12:42.941607+00:00,True
threshold_00_039,threshold,threshold_00,0,39,0.0,面向不平衡数据集的机器学习算法对信贷风险的研究_游云贝.pdf,P0007,live_normal,Ka4e77858d93473b94e5c290ea3c4c6c76112c2ec361f563e9d698f5742d66934,2,complete,0.0,0,0,0,0,124be428-c08f-4f53-afa6-8f0a90a05025,2026-10-02T10:12:43.561060+00:00,True
threshold_00_040,threshold,threshold_00,0,40,0.0,基于机器学习的实证资产定价研究_马甜.pdf,P0016,live_normal,K0e70f5d16add0573fa9e01167d05436ccb67105a51644a50f430f98b4a599059,2,complete,0.0,0,0,0,0,243783f3-350d-4cad-b688-c46117f83338,2026-10-02T10:12:44.584798+00:00,True
threshold_01_001,threshold,threshold_01,1,1,0.0,基于机器学习的实证资产定价研究_马甜.pdf,P0016,live_normal,K0e70f5d16add0573fa9e01167d05436ccb67105a51644a50f430f98b4a599059,2,complete,0.0,0,0,0,0,95e9a0c6-8a2d-4aeb-896f-43254b995b13,2026-10-02T10:11:04.766111+00:00,True
threshold_01_002,threshold,threshold_01,1,2,0.0,基于机器学习的实证资产定价研究_马甜.pdf,P0017,live_normal,Ke2b440815c0955b63354c736aa0448f12c34e6dc8801a54a366637c65d2a9f97,2,complete,0.0,0,0,0,0,5a3af2a6-5b55-4316-9026-ef82044e00c8,2026-10-02T10:11:05.768349+00:00,True
threshold_01_003,threshold,threshold_01,1,3,0.0,基于机器学习算法的P2P网络借贷信用评级产品设计_路杨宁.pdf,P0003,live_normal,K62edc95d04e6e9efb277503668bd94de7558d0ea3a85a6c77494253476a1a642,2,complete,0.0,0,0,0,0,c31a989c-9701-4a43-aba7-09f6e835eef7,2026-10-02T10:11:07.008197+00:00,True
threshold_01_004,threshold,threshold_01,1,4,0.0,面向不平衡数据集的机器学习算法对信贷风险的研究_游云贝.pdf,P0007,live_normal,Ka4e77858d93473b94e5c290ea3c4c6c76112c2ec361f563e9d698f5742d66934,2,complete,0.0,0,0,0,0,0b93081a-65b4-447b-9151-fcd5668da33b,2026-10-02T10:11:07.604858+00:00,True
threshold_01_005,threshold,threshold_01,1,5,0.0,面向不平衡数据集的机器学习算法对信贷风险的研究_游云贝.pdf,P0007,live_normal,Ka4e77858d93473b94e5c290ea3c4c6c76112c2ec361f563e9d698f5742d66934,2,complete,0.0,0,0,0,0,9ed58b06-65a7-4260-8ce0-f89c0587fb33,2026-10-02T10:11:08.181717+00:00,True
threshold_01_006,threshold,threshold_01,1,6,0.0,基于机器学习算法的P2P网络借贷信用评级产品设计_路杨宁.pdf,P0003,live_normal,K62edc95d04e6e9efb277503668bd94de7558d0ea3a85a6c77494253476a1a642,2,complete,0.0,0,0,0,0,8e6a62fd-9581-4ef6-932e-62719a904ae7,2026-10-02T10:11:09.082264+00:00,True
threshold_01_007,threshold,threshold_01,1,7,0.0,基于文本挖掘和机器学习算法的股票投资研究_陆航航.pdf,P0001,live_normal,K6d8d34adab041a2b58aee771ff805fb059acd0ec53cfcdd55d53d4b875316a04,2,complete,0.0,0,0,0,0,c92d67e1-8288-42e0-abb4-e091197e5200,2026-10-02T10:11:09.769686+00:00,True
threshold_01_008,threshold,threshold_01,1,8,0.0,基于机器学习算法的P2P网络借贷信用评级产品设计_路杨宁.pdf,P0003,live_normal,K62edc95d04e6e9efb277503668bd94de7558d0ea3a85a6c77494253476a1a642,2,complete,0.0,0,0,0,0,b0a9eb88-0eba-4613-aa01-87b68c7e138e,2026-10-02T10:11:10.254386+00:00,True
threshold_01_009,threshold,threshold_01,1,9,0.0,基于机器学习的实证资产定价研究_马甜.pdf,P0016,live_normal,K0e70f5d16add0573fa9e01167d05436ccb67105a51644a50f430f98b4a599059,2,complete,0.0,0,0,0,0,6c1db942-72b9-4e4d-94ad-8636272b6280,2026-10-02T10:11:11.104185+00:00,True
threshold_01_010,threshold,threshold_01,1,10,0.0,基于机器学习的实证资产定价研究_马甜.pdf,P0016,live_normal,K0e70f5d16add0573fa9e01167d05436ccb67105a51644a50f430f98b4a599059,2,complete,0.0,0,0,0,0,2ca4c29d-f45b-4ae5-b5fd-58d46d4a6788,2026-10-02T10:11:11.650018+00:00,True
threshold_01_011,threshold,threshold_01,1,11,0.0,面向不平衡数据集的机器学习算法对信贷风险的研究_游云贝.pdf,P0007,live_normal,Ka4e77858d93473b94e5c290ea3c4c6c76112c2ec361f563e9d698f5742d66934,2,complete,0.0,0,0,0,0,5a758c1d-acee-4da8-acd8-5958948c8484,2026-10-02T10:11:12.380308+00:00,True
threshold_01_012,threshold,threshold_01,1,12,0.0,基于机器学习的实证资产定价研究_马甜.pdf,P0017,live_normal,Ke2b440815c0955b63354c736aa0448f12c34e6dc8801a54a366637c65d2a9f97,2,complete,0.0,0,0,0,0,63c73599-04cb-4cfb-bdfa-1b17fd04042e,2026-10-02T10:11:13.295179+00:00,True
threshold_01_013,threshold,threshold_01,1,13,0.0,面向不平衡数据集的机器学习算法对信贷风险的研究_游云贝.pdf,P0007,live_normal,Ka4e77858d93473b94e5c290ea3c4c6c76112c2ec361f563e9d698f5742d66934,2,complete,0.0,0,0,0,0,eebc4daf-bb1e-44e5-a8e7-337e7767b420,2026-10-02T10:11:14.213282+00:00,True
threshold_01_014,threshold,threshold_01,1,14,0.0,面向不平衡数据集的机器学习算法对信贷风险的研究_游云贝.pdf,P0007,live_normal,Ka4e77858d93473b94e5c290ea3c4c6c76112c2ec361f563e9d698f5742d66934,2,complete,0.0,0,0,0,0,fbb3960b-7067-47d8-9891-f0cafec0f84b,2026-10-02T10:11:14.890341+00:00,True
threshold_01_015,threshold,threshold_01,1,15,0.0,面向不平衡数据集的机器学习算法对信贷风险的研究_游云贝.pdf,P0007,live_normal,Ka4e77858d93473b94e5c290ea3c4c6c76112c2ec361f563e9d698f5742d66934,2,complete,0.0,0,0,0,0,4d58a400-8f57-45ba-b2d0-0f5e073409e4,2026-10-02T10:11:15.782134+00:00,True
threshold_01_016,threshold,threshold_01,1,16,0.0,基于机器学习的实证资产定价研究_马甜.pdf,P0017,live_normal,Ke2b440815c0955b63354c736aa0448f12c34e6dc8801a54a366637c65d2a9f97,2,complete,0.0,0,0,0,0,c800a9b5-91bd-47d7-97e6-ca5b6917b47b,2026-10-02T10:11:16.283190+00:00,True
threshold_01_017,threshold,threshold_01,1,17,0.0,基于文本挖掘和机器学习算法的股票投资研究_陆航航.pdf,P0001,live_normal,K6d8d34adab041a2b58aee771ff805fb059acd0ec53cfcdd55d53d4b875316a04,2,complete,0.0,0,0,0,0,f7b7329d-9bee-4566-9844-37502f41b940,2026-10-02T10:11:16.883407+00:00,True
threshold_01_018,threshold,threshold_01,1,18,0.0,基于机器学习算法的P2P网络借贷信用评级产品设计_路杨宁.pdf,P0003,live_normal,K62edc95d04e6e9efb277503668bd94de7558d0ea3a85a6c77494253476a1a642,2,complete,0.0,0,0,0,0,33515310-7cf8-4bbe-85d7-b474e37e2a5f,2026-10-02T10:11:17.875370+00:00,True
threshold_01_019,threshold,threshold_01,1,19,0.0,基于机器学习的实证资产定价研究_马甜.pdf,P0017,live_normal,Ke2b440815c0955b63354c736aa0448f12c34e6dc8801a54a366637c65d2a9f97,2,complete,0.0,0,0,0,0,1c608c58-fd71-45d3-aa1b-8e17aea0f8b4,2026-10-02T10:11:18.295144+00:00,True
threshold_01_020,threshold,threshold_01,1,20,0.0,面向不平衡数据集的机器学习算法对信贷风险的研究_游云贝.pdf,P0007,live_normal,Ka4e77858d93473b94e5c290ea3c4c6c76112c2ec361f563e9d698f5742d66934,2,complete,0.0,0,0,0,0,942fff29-2fa4-453b-8a13-6dddae7c8956,2026-10-02T10:11:18.925311+00:00,True
threshold_01_021,threshold,threshold_01,1,21,0.0,面向不平衡数据集的机器学习算法对信贷风险的研究_游云贝.pdf,P0007,live_normal,Ka4e77858d93473b94e5c290ea3c4c6c76112c2ec361f563e9d698f5742d66934,2,complete,0.0,0,0,0,0,a78f4fea-db6b-4f62-bdb2-9bb66cb7bbdb,2026-10-02T10:11:19.778051+00:00,True
threshold_01_022,threshold,threshold_01,1,22,0.0,基于文本挖掘和机器学习算法的股票投资研究_陆航航.pdf,P0001,live_normal,K6d8d34adab041a2b58aee771ff805fb059acd0ec53cfcdd55d53d4b875316a04,2,complete,0.0,0,0,0,0,5c878a0b-3398-488d-b556-9635678c5805,2026-10-02T10:11:20.609821+00:00,True
threshold_01_023,threshold,threshold_01,1,23,0.0,基于文本挖掘和机器学习算法的股票投资研究_陆航航.pdf,P0001,live_normal,K6d8d34adab041a2b58aee771ff805fb059acd0ec53cfcdd55d53d4b875316a04,2,complete,0.0,0,0,0,0,b2910fa3-2e56-4d80-9c22-9c6833c060c5,2026-10-02T10:11:21.643742+00:00,True
threshold_01_024,threshold,threshold_01,1,24,0.0,基于机器学习的实证资产定价研究_马甜.pdf,P0017,live_normal,Ke2b440815c0955b63354c736aa0448f12c34e6dc8801a54a366637c65d2a9f97,2,complete,0.0,0,0,0,0,177f729e-48c6-42d5-ac26-b88b8dc1266a,2026-10-02T10:11:22.209122+00:00,True
threshold_01_025,threshold,threshold_01,1,25,0.0,基于文本挖掘和机器学习算法的股票投资研究_陆航航.pdf,P0001,live_normal,K6d8d34adab041a2b58aee771ff805fb059acd0ec53cfcdd55d53d4b875316a04,2,complete,0.0,0,0,0,0,af0fa6da-2cbe-48ed-920d-3076f1867725,2026-10-02T10:11:22.937486+00:00,True
threshold_01_026,threshold,threshold_01,1,26,0.0,面向不平衡数据集的机器学习算法对信贷风险的研究_游云贝.pdf,P0007,live_normal,Ka4e77858d93473b94e5c290ea3c4c6c76112c2ec361f563e9d698f5742d66934,2,complete,0.0,0,0,0,0,69b2f6e0-bab5-42c0-8090-ab4730bfb4aa,2026-10-02T10:11:23.734513+00:00,True
threshold_01_027,threshold,threshold_01,1,27,0.0,面向不平衡数据集的机器学习算法对信贷风险的研究_游云贝.pdf,P0007,live_normal,Ka4e77858d93473b94e5c290ea3c4c6c76112c2ec361f563e9d698f5742d66934,2,complete,0.0,0,0,0,0,9ed78e75-fa54-43dc-b52d-89e8cd3ae28b,2026-10-02T10:11:24.413927+00:00,True
threshold_01_028,threshold,threshold_01,1,28,0.0,基于机器学习算法的P2P网络借贷信用评级产品设计_路杨宁.pdf,P0003,live_normal,K62edc95d04e6e9efb277503668bd94de7558d0ea3a85a6c77494253476a1a642,2,complete,0.0,0,0,0,0,aea415cc-4b8a-4bbf-9df3-b1dab638043a,2026-10-02T10:11:25.219659+00:00,True
threshold_01_029,threshold,threshold_01,1,29,0.0,基于机器学习算法的P2P网络借贷信用评级产品设计_路杨宁.pdf,P0003,live_normal,K62edc95d04e6e9efb277503668bd94de7558d0ea3a85a6c77494253476a1a642,2,complete,0.0,0,0,0,0,49f2d751-bdd2-450e-add2-a695a91b4514,2026-10-02T10:11:25.955327+00:00,True
threshold_01_030,threshold,threshold_01,1,30,0.0,基于机器学习算法的P2P网络借贷信用评级产品设计_路杨宁.pdf,P0003,live_normal,K62edc95d04e6e9efb277503668bd94de7558d0ea3a85a6c77494253476a1a642,2,complete,0.0,0,0,0,0,170dd4ab-9980-4702-bc24-400771d92199,2026-10-02T10:11:26.612327+00:00,True
threshold_01_031,threshold,threshold_01,1,31,0.0,基于文本挖掘和机器学习算法的股票投资研究_陆航航.pdf,P0001,live_normal,K6d8d34adab041a2b58aee771ff805fb059acd0ec53cfcdd55d53d4b875316a04,2,complete,0.0,0,0,0,0,7849c2f3-6b21-488f-b9a9-c0cb13d1542b,2026-10-02T10:11:27.538194+00:00,True
threshold_01_032,threshold,threshold_01,1,32,0.0,面向不平衡数据集的机器学习算法对信贷风险的研究_游云贝.pdf,P0007,live_normal,Ka4e77858d93473b94e5c290ea3c4c6c76112c2ec361f563e9d698f5742d66934,2,complete,0.0,0,0,0,0,bb5d81c5-5c3d-4002-9257-d4fb47e25f0f,2026-10-02T10:11:28.175757+00:00,True
threshold_01_033,threshold,threshold_01,1,33,0.0,基于机器学习算法的P2P网络借贷信用评级产品设计_路杨宁.pdf,P0003,live_normal,K62edc95d04e6e9efb277503668bd94de7558d0ea3a85a6c77494253476a1a642,2,complete,0.0,0,0,0,0,d3fe0c42-6136-4f18-adca-2075fa529c1c,2026-10-02T10:11:29.018870+00:00,True
threshold_01_034,threshold,threshold_01,1,34,0.0,基于机器学习的实证资产定价研究_马甜.pdf,P0017,live_normal,Ke2b440815c0955b63354c736aa0448f12c34e6dc8801a54a366637c65d2a9f97,2,complete,0.0,0,0,0,0,2008a6db-e36a-4a9e-8a18-70e1d38fb586,2026-10-02T10:11:29.679822+00:00,True
threshold_01_035,threshold,threshold_01,1,35,0.0,基于机器学习的实证资产定价研究_马甜.pdf,P0016,live_normal,K0e70f5d16add0573fa9e01167d05436ccb67105a51644a50f430f98b4a599059,2,complete,0.0,0,0,0,0,39c7ff71-8644-4bb6-9fbe-af8558a5915e,2026-10-02T10:11:30.492404+00:00,True
threshold_01_036,threshold,threshold_01,1,36,0.0,基于机器学习的实证资产定价研究_马甜.pdf,P0017,live_normal,Ke2b440815c0955b63354c736aa0448f12c34e6dc8801a54a366637c65d2a9f97,2,complete,0.0,0,0,0,0,d89d0c2f-b4fd-40a3-86dd-5046c04d2e2f,2026-10-02T10:11:30.984135+00:00,True
threshold_01_037,threshold,threshold_01,1,37,0.0,基于文本挖掘和机器学习算法的股票投资研究_陆航航.pdf,P0001,live_normal,K6d8d34adab041a2b58aee771ff805fb059acd0ec53cfcdd55d53d4b875316a04,2,complete,0.0,0,0,0,0,00b2bad2-82d9-4e7e-90d4-d44779b33c98,2026-10-02T10:11:31.612631+00:00,True
threshold_01_038,threshold,threshold_01,1,38,0.0,基于机器学习算法的P2P网络借贷信用评级产品设计_路杨宁.pdf,P0003,live_normal,K62edc95d04e6e9efb277503668bd94de7558d0ea3a85a6c77494253476a1a642,2,complete,0.0,0,0,0,0,a87e99ca-6b94-4a03-8e94-4d884f7bcec0,2026-10-02T10:11:32.524195+00:00,True
threshold_01_039,threshold,threshold_01,1,39,0.0,面向不平衡数据集的机器学习算法对信贷风险的研究_游云贝.pdf,P0007,live_normal,Ka4e77858d93473b94e5c290ea3c4c6c76112c2ec361f563e9d698f5742d66934,2,complete,0.0,0,0,0,0,be9f21d6-8372-4d98-ac7e-97adee26bc84,2026-10-02T10:11:33.465195+00:00,True
threshold_01_040,threshold,threshold_01,1,40,0.0,基于文本挖掘和机器学习算法的股票投资研究_陆航航.pdf,P0001,live_normal,K6d8d34adab041a2b58aee771ff805fb059acd0ec53cfcdd55d53d4b875316a04,2,complete,0.0,0,0,0,0,be3fcb53-8e08-4749-a6b3-5314376ee48c,2026-10-02T10:11:34.149802+00:00,True
threshold_02_001,threshold,threshold_02,2,1,0.0,基于文本挖掘和机器学习算法的股票投资研究_陆航航.pdf,P0001,live_normal,K6d8d34adab041a2b58aee771ff805fb059acd0ec53cfcdd55d53d4b875316a04,2,complete,0.0,0,0,0,0,60c9ad2d-20bd-4ba2-beab-6156f264e88c,2026-10-02T10:11:04.544515+00:00,True
threshold_02_002,threshold,threshold_02,2,2,0.0,基于文本挖掘和机器学习算法的股票投资研究_陆航航.pdf,P0001,live_normal,K6d8d34adab041a2b58aee771ff805fb059acd0ec53cfcdd55d53d4b875316a04,2,complete,0.0,0,0,0,0,bbc250d9-677c-4132-9ac1-c2c9b0e97214,2026-10-02T10:11:05.147705+00:00,True
threshold_02_003,threshold,threshold_02,2,3,0.0,基于文本挖掘和机器学习算法的股票投资研究_陆航航.pdf,P0001,live_normal,K6d8d34adab041a2b58aee771ff805fb059acd0ec53cfcdd55d53d4b875316a04,2,complete,0.0,0,0,0,0,0b6937d1-3ad9-4bf5-9a10-df64f619ff4b,2026-10-02T10:11:06.051168+00:00,True
threshold_02_004,threshold,threshold_02,2,4,0.0,基于文本挖掘和机器学习算法的股票投资研究_陆航航.pdf,P0001,live_normal,K6d8d34adab041a2b58aee771ff805fb059acd0ec53cfcdd55d53d4b875316a04,2,complete,0.0,0,0,0,0,420a5e2e-aaf3-4721-9ba7-51c38e9280c0,2026-10-02T10:11:06.928317+00:00,True
threshold_02_005,threshold,threshold_02,2,5,0.0,基于机器学习的实证资产定价研究_马甜.pdf,P0016,live_normal,K0e70f5d16add0573fa9e01167d05436ccb67105a51644a50f430f98b4a599059,2,complete,0.0,0,0,0,0,9e22d43f-14f0-4e4c-a477-2b39431ecf21,2026-10-02T10:11:07.695518+00:00,True
threshold_02_006,threshold,threshold_02,2,6,0.0,基于文本挖掘和机器学习算法的股票投资研究_陆航航.pdf,P0001,live_normal,K6d8d34adab041a2b58aee771ff805fb059acd0ec53cfcdd55d53d4b875316a04,2,complete,0.0,0,0,0,0,576ae6ea-2e6c-4f91-9ebb-cc478f7845e7,2026-10-02T10:11:08.486106+00:00,True
threshold_02_007,threshold,threshold_02,2,7,0.0,面向不平衡数据集的机器学习算法对信贷风险的研究_游云贝.pdf,P0007,live_normal,Ka4e77858d93473b94e5c290ea3c4c6c76112c2ec361f563e9d698f5742d66934,2,complete,0.0,0,0,0,0,52b958b1-016c-4498-a06b-b5301ce4f599,2026-10-02T10:11:09.013725+00:00,True
threshold_02_008,threshold,threshold_02,2,8,0.0,基于机器学习算法的P2P网络借贷信用评级产品设计_路杨宁.pdf,P0003,live_normal,K62edc95d04e6e9efb277503668bd94de7558d0ea3a85a6c77494253476a1a642,2,complete,0.0,0,0,0,0,6febd9de-76e4-4d5f-bb45-428577b6f5b7,2026-10-02T10:11:09.638057+00:00,True
threshold_02_009,threshold,threshold_02,2,9,0.0,基于机器学习算法的P2P网络借贷信用评级产品设计_路杨宁.pdf,P0003,live_normal,K62edc95d04e6e9efb277503668bd94de7558d0ea3a85a6c77494253476a1a642,2,complete,0.0,0,0,0,0,b883e827-b381-47ee-8d92-21a073db6970,2026-10-02T10:11:10.204719+00:00,True
threshold_02_010,threshold,threshold_02,2,10,0.0,基于机器学习算法的P2P网络借贷信用评级产品设计_路杨宁.pdf,P0003,live_normal,K62edc95d04e6e9efb277503668bd94de7558d0ea3a85a6c77494253476a1a642,2,complete,0.0,0,0,0,0,5e403365-9b61-4ac1-b95e-12e869efb661,2026-10-02T10:11:11.092759+00:00,True
threshold_02_011,threshold,threshold_02,2,11,0.0,面向不平衡数据集的机器学习算法对信贷风险的研究_游云贝.pdf,P0007,live_normal,Ka4e77858d93473b94e5c290ea3c4c6c76112c2ec361f563e9d698f5742d66934,2,complete,0.0,0,0,0,0,abee82d4-c8d5-4d3e-a4a0-10fc5f35db40,2026-10-02T10:11:11.977525+00:00,True
threshold_02_012,threshold,threshold_02,2,12,0.0,面向不平衡数据集的机器学习算法对信贷风险的研究_游云贝.pdf,P0007,live_normal,Ka4e77858d93473b94e5c290ea3c4c6c76112c2ec361f563e9d698f5742d66934,2,complete,0.0,0,0,0,0,84c1aa18-ff3f-4804-b70d-bcd853d651f2,2026-10-02T10:11:12.722971+00:00,True
threshold_02_013,threshold,threshold_02,2,13,0.0,基于机器学习的实证资产定价研究_马甜.pdf,P0017,live_normal,Ke2b440815c0955b63354c736aa0448f12c34e6dc8801a54a366637c65d2a9f97,2,complete,0.0,0,0,0,0,b6993329-f2b3-4d3b-a231-e4887355af91,2026-10-02T10:11:13.598914+00:00,True
threshold_02_014,threshold,threshold_02,2,14,0.0,基于机器学习算法的P2P网络借贷信用评级产品设计_路杨宁.pdf,P0003,live_normal,K62edc95d04e6e9efb277503668bd94de7558d0ea3a85a6c77494253476a1a642,2,complete,0.0,0,0,0,0,b16d6d62-e066-49e3-b5f7-3a07956dd20b,2026-10-02T10:11:14.546061+00:00,True
threshold_02_015,threshold,threshold_02,2,15,0.0,基于机器学习的实证资产定价研究_马甜.pdf,P0016,live_normal,K0e70f5d16add0573fa9e01167d05436ccb67105a51644a50f430f98b4a599059,2,complete,0.0,0,0,0,0,443da242-1eb5-497b-ab23-05b32709cf42,2026-10-02T10:11:15.362673+00:00,True
threshold_02_016,threshold,threshold_02,2,16,0.0,基于机器学习的实证资产定价研究_马甜.pdf,P0017,live_normal,Ke2b440815c0955b63354c736aa0448f12c34e6dc8801a54a366637c65d2a9f97,2,complete,0.0,0,0,0,0,17220b6c-ef2f-4de6-952e-ecbe78461550,2026-10-02T10:11:16.013634+00:00,True
threshold_02_017,threshold,threshold_02,2,17,0.0,基于机器学习算法的P2P网络借贷信用评级产品设计_路杨宁.pdf,P0003,live_normal,K62edc95d04e6e9efb277503668bd94de7558d0ea3a85a6c77494253476a1a642,2,complete,0.0,0,0,0,0,46f17949-5e71-4eb9-9061-85fd8ec5848c,2026-10-02T10:11:16.651834+00:00,True
threshold_02_018,threshold,threshold_02,2,18,0.0,基于文本挖掘和机器学习算法的股票投资研究_陆航航.pdf,P0001,live_normal,K6d8d34adab041a2b58aee771ff805fb059acd0ec53cfcdd55d53d4b875316a04,2,complete,0.0,0,0,0,0,ce6158b1-b78b-4f96-92ee-e0e60fa6450d,2026-10-02T10:11:17.470486+00:00,True
threshold_02_019,threshold,threshold_02,2,19,0.0,基于机器学习的实证资产定价研究_马甜.pdf,P0017,live_normal,Ke2b440815c0955b63354c736aa0448f12c34e6dc8801a54a366637c65d2a9f97,2,complete,0.0,0,0,0,0,7fa51b74-bdbf-4aa4-a41f-8ca4ae6cceeb,2026-10-02T10:11:18.394974+00:00,True
threshold_02_020,threshold,threshold_02,2,20,0.0,面向不平衡数据集的机器学习算法对信贷风险的研究_游云贝.pdf,P0007,live_normal,Ka4e77858d93473b94e5c290ea3c4c6c76112c2ec361f563e9d698f5742d66934,2,complete,0.0,0,0,0,0,33b03096-49de-4c19-a6bb-0b9785f198a8,2026-10-02T10:11:19.264808+00:00,True
threshold_02_021,threshold,threshold_02,2,21,0.0,基于文本挖掘和机器学习算法的股票投资研究_陆航航.pdf,P0001,live_normal,K6d8d34adab041a2b58aee771ff805fb059acd0ec53cfcdd55d53d4b875316a04,2,complete,0.0,0,0,0,0,1b9a295a-0827-4f06-9a78-c4c8f6378113,2026-10-02T10:11:19.772087+00:00,True
threshold_02_022,threshold,threshold_02,2,22,0.0,基于机器学习算法的P2P网络借贷信用评级产品设计_路杨宁.pdf,P0003,live_normal,K62edc95d04e6e9efb277503668bd94de7558d0ea3a85a6c77494253476a1a642,2,complete,0.0,0,0,0,0,42897795-e41c-4528-8322-00315bbd9d80,2026-10-02T10:11:20.392273+00:00,True
threshold_02_023,threshold,threshold_02,2,23,0.0,基于机器学习算法的P2P网络借贷信用评级产品设计_路杨宁.pdf,P0003,live_normal,K62edc95d04e6e9efb277503668bd94de7558d0ea3a85a6c77494253476a1a642,2,complete,0.0,0,0,0,0,57c30a7d-11ff-4e17-96f7-32324ff11416,2026-10-02T10:11:20.858015+00:00,True
threshold_02_024,threshold,threshold_02,2,24,0.0,基于机器学习的实证资产定价研究_马甜.pdf,P0016,live_normal,K0e70f5d16add0573fa9e01167d05436ccb67105a51644a50f430f98b4a599059,2,complete,0.0,0,0,0,0,8bfecc19-3573-40e3-acef-6e49189e19e2,2026-10-02T10:11:21.490271+00:00,True
threshold_02_025,threshold,threshold_02,2,25,0.0,面向不平衡数据集的机器学习算法对信贷风险的研究_游云贝.pdf,P0007,live_normal,Ka4e77858d93473b94e5c290ea3c4c6c76112c2ec361f563e9d698f5742d66934,2,complete,0.0,0,0,0,0,c4b10d61-703b-4a3b-a424-dcba87032a30,2026-10-02T10:11:21.977562+00:00,True
threshold_02_026,threshold,threshold_02,2,26,0.0,基于机器学习算法的P2P网络借贷信用评级产品设计_路杨宁.pdf,P0003,live_normal,K62edc95d04e6e9efb277503668bd94de7558d0ea3a85a6c77494253476a1a642,2,complete,0.0,0,0,0,0,dd33d242-050c-43b3-9986-0e36bd0b94fb,2026-10-02T10:11:22.645945+00:00,True
threshold_02_027,threshold,threshold_02,2,27,0.0,面向不平衡数据集的机器学习算法对信贷风险的研究_游云贝.pdf,P0007,live_normal,Ka4e77858d93473b94e5c290ea3c4c6c76112c2ec361f563e9d698f5742d66934,2,complete,0.0,0,0,0,0,16d73e45-ce61-48aa-9005-bddb3125c8f2,2026-10-02T10:11:23.034336+00:00,True
threshold_02_028,threshold,threshold_02,2,28,0.0,基于机器学习算法的P2P网络借贷信用评级产品设计_路杨宁.pdf,P0003,live_normal,K62edc95d04e6e9efb277503668bd94de7558d0ea3a85a6c77494253476a1a642,2,complete,0.0,0,0,0,0,b04093cd-e0e5-4bf4-ba4f-3a49d140d5fd,2026-10-02T10:11:23.692297+00:00,True
threshold_02_029,threshold,threshold_02,2,29,0.0,面向不平衡数据集的机器学习算法对信贷风险的研究_游云贝.pdf,P0007,live_normal,Ka4e77858d93473b94e5c290ea3c4c6c76112c2ec361f563e9d698f5742d66934,2,complete,0.0,0,0,0,0,de5301d9-2df4-4f3a-9548-8cc5d36193b8,2026-10-02T10:11:24.645366+00:00,True
threshold_02_030,threshold,threshold_02,2,30,0.0,基于机器学习算法的P2P网络借贷信用评级产品设计_路杨宁.pdf,P0003,live_normal,K62edc95d04e6e9efb277503668bd94de7558d0ea3a85a6c77494253476a1a642,2,complete,0.0,0,0,0,0,c030b9c3-da5e-4773-aa20-3f35cecaf7e3,2026-10-02T10:11:25.296643+00:00,True
threshold_02_031,threshold,threshold_02,2,31,0.0,面向不平衡数据集的机器学习算法对信贷风险的研究_游云贝.pdf,P0007,live_normal,Ka4e77858d93473b94e5c290ea3c4c6c76112c2ec361f563e9d698f5742d66934,2,complete,0.0,0,0,0,0,178943a7-bfcb-4930-bfdb-6f4ca6cbf1b9,2026-10-02T10:11:26.190635+00:00,True
threshold_02_032,threshold,threshold_02,2,32,0.0,面向不平衡数据集的机器学习算法对信贷风险的研究_游云贝.pdf,P0007,live_normal,Ka4e77858d93473b94e5c290ea3c4c6c76112c2ec361f563e9d698f5742d66934,2,complete,0.0,0,0,0,0,1edea5d7-789f-46bc-b53b-5b857fa035dc,2026-10-02T10:11:26.727635+00:00,True
threshold_02_033,threshold,threshold_02,2,33,0.0,基于机器学习的实证资产定价研究_马甜.pdf,P0016,live_normal,K0e70f5d16add0573fa9e01167d05436ccb67105a51644a50f430f98b4a599059,2,complete,0.0,0,0,0,0,7de93759-0dac-4ae4-a52b-17ca24b5a73f,2026-10-02T10:11:27.506126+00:00,True
threshold_02_034,threshold,threshold_02,2,34,0.0,基于机器学习算法的P2P网络借贷信用评级产品设计_路杨宁.pdf,P0003,live_normal,K62edc95d04e6e9efb277503668bd94de7558d0ea3a85a6c77494253476a1a642,2,complete,0.0,0,0,0,0,85db2317-43fb-4105-91bd-d2e9b89889cd,2026-10-02T10:11:28.330221+00:00,True
threshold_02_035,threshold,threshold_02,2,35,0.0,基于机器学习算法的P2P网络借贷信用评级产品设计_路杨宁.pdf,P0003,live_normal,K62edc95d04e6e9efb277503668bd94de7558d0ea3a85a6c77494253476a1a642,2,complete,0.0,0,0,0,0,ce6de1f0-5177-4034-a06d-1467e8b0bc5b,2026-10-02T10:11:29.207102+00:00,True
threshold_02_036,threshold,threshold_02,2,36,0.0,基于机器学习的实证资产定价研究_马甜.pdf,P0016,live_normal,K0e70f5d16add0573fa9e01167d05436ccb67105a51644a50f430f98b4a599059,2,complete,0.0,0,0,0,0,fe8789fd-fe42-4ae8-a73f-24a322603846,2026-10-02T10:11:29.997630+00:00,True
threshold_02_037,threshold,threshold_02,2,37,0.0,基于文本挖掘和机器学习算法的股票投资研究_陆航航.pdf,P0001,live_normal,K6d8d34adab041a2b58aee771ff805fb059acd0ec53cfcdd55d53d4b875316a04,2,complete,0.0,0,0,0,0,5b1e2da0-296c-4c0d-9b28-38635b413bec,2026-10-02T10:11:30.845565+00:00,True
threshold_02_038,threshold,threshold_02,2,38,0.0,面向不平衡数据集的机器学习算法对信贷风险的研究_游云贝.pdf,P0007,live_normal,Ka4e77858d93473b94e5c290ea3c4c6c76112c2ec361f563e9d698f5742d66934,2,complete,0.0,0,0,0,0,f6df7936-61d4-4db3-99da-de06b21212ad,2026-10-02T10:11:31.730834+00:00,True
threshold_02_039,threshold,threshold_02,2,39,0.0,基于机器学习算法的P2P网络借贷信用评级产品设计_路杨宁.pdf,P0003,live_normal,K62edc95d04e6e9efb277503668bd94de7558d0ea3a85a6c77494253476a1a642,2,complete,0.0,0,0,0,0,fb7be04e-e702-486e-9baa-7326ff25a5c0,2026-10-02T10:11:32.489429+00:00,True
threshold_02_040,threshold,threshold_02,2,40,0.0,基于文本挖掘和机器学习算法的股票投资研究_陆航航.pdf,P0001,live_normal,K6d8d34adab041a2b58aee771ff805fb059acd0ec53cfcdd55d53d4b875316a04,2,complete,0.0,0,0,0,0,2033858b-7034-4e0d-b663-21b89af7d380,2026-10-02T10:11:32.958098+00:00,True
threshold_03_001,threshold,threshold_03,3,1,0.0,基于机器学习算法的P2P网络借贷信用评级产品设计_路杨宁.pdf,P0003,live_normal,K62edc95d04e6e9efb277503668bd94de7558d0ea3a85a6c77494253476a1a642,2,complete,0.0,0,0,0,0,71260a83-d8df-441f-b7c4-fc026a0ed4c9,2026-10-02T10:11:34.448299+00:00,True
threshold_03_002,threshold,threshold_03,3,2,0.0,基于机器学习算法的P2P网络借贷信用评级产品设计_路杨宁.pdf,P0003,live_normal,K62edc95d04e6e9efb277503668bd94de7558d0ea3a85a6c77494253476a1a642,2,complete,0.0,0,0,0,0,ee92fb05-ac05-431c-a395-429d4d1e11d5,2026-10-02T10:11:35.007780+00:00,True
threshold_03_003,threshold,threshold_03,3,3,0.0,基于机器学习的实证资产定价研究_马甜.pdf,P0016,live_normal,Ke3d56c86795a752b66e9016fc085e8bb25b3dbfcba1a281d13b042169943a309,2,complete,0.0,0,0,0,0,d304c701-ef09-4228-b596-6557b30cd3cd,2026-10-02T10:11:35.388008+00:00,True
threshold_03_004,threshold,threshold_03,3,4,0.0,基于机器学习的实证资产定价研究_马甜.pdf,P0017,live_normal,Ke2b440815c0955b63354c736aa0448f12c34e6dc8801a54a366637c65d2a9f97,2,complete,0.0,0,0,0,0,db8c98f4-ee07-4345-b235-a1c129e67811,2026-10-02T10:11:35.929701+00:00,True
threshold_03_005,threshold,threshold_03,3,5,0.0,面向不平衡数据集的机器学习算法对信贷风险的研究_游云贝.pdf,P0007,live_normal,Ka4e77858d93473b94e5c290ea3c4c6c76112c2ec361f563e9d698f5742d66934,2,complete,0.0,0,0,0,0,adaf7b08-d486-45bd-bfea-be2e86015fbc,2026-10-02T10:11:36.915716+00:00,True
threshold_03_006,threshold,threshold_03,3,6,0.0,面向不平衡数据集的机器学习算法对信贷风险的研究_游云贝.pdf,P0007,live_normal,Ka4e77858d93473b94e5c290ea3c4c6c76112c2ec361f563e9d698f5742d66934,2,complete,0.0,0,0,0,0,a7b345de-61ce-4587-b6a8-7622084dc9ee,2026-10-02T10:11:37.543422+00:00,True
threshold_03_007,threshold,threshold_03,3,7,0.0,基于机器学习算法的P2P网络借贷信用评级产品设计_路杨宁.pdf,P0003,live_normal,K62edc95d04e6e9efb277503668bd94de7558d0ea3a85a6c77494253476a1a642,2,complete,0.0,0,0,0,0,86accf88-fb62-4692-a0b4-ccf3285d8b01,2026-10-02T10:11:38.022618+00:00,True
threshold_03_008,threshold,threshold_03,3,8,0.0,面向不平衡数据集的机器学习算法对信贷风险的研究_游云贝.pdf,P0007,live_normal,Ka4e77858d93473b94e5c290ea3c4c6c76112c2ec361f563e9d698f5742d66934,2,complete,0.0,0,0,0,0,4aaaa208-ddbf-4d15-8860-a04e7df9c056,2026-10-02T10:11:38.723863+00:00,True
threshold_03_009,threshold,threshold_03,3,9,0.0,基于机器学习的实证资产定价研究_马甜.pdf,P0016,live_normal,K0e70f5d16add0573fa9e01167d05436ccb67105a51644a50f430f98b4a599059,2,complete,0.0,0,0,0,0,e010bb06-c457-467a-b63f-4d5e6fb2e2cc,2026-10-02T10:11:39.202480+00:00,True
threshold_03_010,threshold,threshold_03,3,10,0.0,基于机器学习的实证资产定价研究_马甜.pdf,P0017,live_normal,Ke2b440815c0955b63354c736aa0448f12c34e6dc8801a54a366637c65d2a9f97,2,complete,0.0,0,0,0,0,d73b3e71-39f7-426d-83ae-450b98925a91,2026-10-02T10:11:39.931883+00:00,True
threshold_03_011,threshold,threshold_03,3,11,0.0,面向不平衡数据集的机器学习算法对信贷风险的研究_游云贝.pdf,P0007,live_normal,Ka4e77858d93473b94e5c290ea3c4c6c76112c2ec361f563e9d698f5742d66934,2,complete,0.0,0,0,0,0,66c79a40-0283-4663-a4aa-876df9fd4d16,2026-10-02T10:11:40.688546+00:00,True
threshold_03_012,threshold,threshold_03,3,12,0.0,基于机器学习算法的P2P网络借贷信用评级产品设计_路杨宁.pdf,P0003,live_normal,K62edc95d04e6e9efb277503668bd94de7558d0ea3a85a6c77494253476a1a642,2,complete,0.0,0,0,0,0,cf2a50b9-cecc-4316-8b36-56a922bc25a0,2026-10-02T10:11:41.433546+00:00,True
threshold_03_013,threshold,threshold_03,3,13,0.0,基于文本挖掘和机器学习算法的股票投资研究_陆航航.pdf,P0001,live_normal,K6d8d34adab041a2b58aee771ff805fb059acd0ec53cfcdd55d53d4b875316a04,2,complete,0.0,0,0,0,0,f9815c5a-eab8-4a59-bdb0-9a1f1b75bfc0,2026-10-02T10:11:42.349144+00:00,True
threshold_03_014,threshold,threshold_03,3,14,0.0,面向不平衡数据集的机器学习算法对信贷风险的研究_游云贝.pdf,P0007,live_normal,Ka4e77858d93473b94e5c290ea3c4c6c76112c2ec361f563e9d698f5742d66934,2,complete,0.0,0,0,0,0,8a075fbe-6443-47b5-8c90-7fb2fa109760,2026-10-02T10:11:43.014328+00:00,True
threshold_03_015,threshold,threshold_03,3,15,0.0,基于机器学习的实证资产定价研究_马甜.pdf,P0017,live_normal,Ke2b440815c0955b63354c736aa0448f12c34e6dc8801a54a366637c65d2a9f97,2,complete,0.0,0,0,0,0,e8de228f-06e5-4b71-98ce-fe256b0b22e9,2026-10-02T10:11:43.660100+00:00,True
threshold_03_016,threshold,threshold_03,3,16,0.0,基于机器学习的实证资产定价研究_马甜.pdf,P0017,live_normal,Ke2b440815c0955b63354c736aa0448f12c34e6dc8801a54a366637c65d2a9f97,2,complete,0.0,0,0,0,0,74191749-9646-45cb-ac98-c8338a1d0e88,2026-10-02T10:11:44.092129+00:00,True
threshold_03_017,threshold,threshold_03,3,17,0.0,基于机器学习算法的P2P网络借贷信用评级产品设计_路杨宁.pdf,P0003,live_normal,K62edc95d04e6e9efb277503668bd94de7558d0ea3a85a6c77494253476a1a642,2,complete,0.0,0,0,0,0,d007b7e2-2dd8-44ed-a920-36837a38fbd5,2026-10-02T10:11:44.821353+00:00,True
threshold_03_018,threshold,threshold_03,3,18,0.0,基于文本挖掘和机器学习算法的股票投资研究_陆航航.pdf,P0001,live_normal,K6d8d34adab041a2b58aee771ff805fb059acd0ec53cfcdd55d53d4b875316a04,2,complete,0.0,0,0,0,0,e21cd099-288f-4df4-b695-1094ffa494f4,2026-10-02T10:11:45.421625+00:00,True
threshold_03_019,threshold,threshold_03,3,19,0.0,面向不平衡数据集的机器学习算法对信贷风险的研究_游云贝.pdf,P0007,live_normal,Ka4e77858d93473b94e5c290ea3c4c6c76112c2ec361f563e9d698f5742d66934,2,complete,0.0,0,0,0,0,cad43147-1fdc-4c50-ba03-56ab70c268dd,2026-10-02T10:11:45.997285+00:00,True
threshold_03_020,threshold,threshold_03,3,20,0.0,面向不平衡数据集的机器学习算法对信贷风险的研究_游云贝.pdf,P0007,live_normal,Ka4e77858d93473b94e5c290ea3c4c6c76112c2ec361f563e9d698f5742d66934,2,complete,0.0,0,0,0,0,6819f4ec-4484-4788-8b26-219d8ba22b03,2026-10-02T10:11:46.642507+00:00,True
threshold_03_021,threshold,threshold_03,3,21,0.0,面向不平衡数据集的机器学习算法对信贷风险的研究_游云贝.pdf,P0007,live_normal,Ka4e77858d93473b94e5c290ea3c4c6c76112c2ec361f563e9d698f5742d66934,2,complete,0.0,0,0,0,0,571e60b7-5b35-41c1-8706-906cb16003b4,2026-10-02T10:11:47.752834+00:00,True
threshold_03_022,threshold,threshold_03,3,22,0.0,基于机器学习算法的P2P网络借贷信用评级产品设计_路杨宁.pdf,P0003,live_normal,K62edc95d04e6e9efb277503668bd94de7558d0ea3a85a6c77494253476a1a642,2,complete,0.0,0,0,0,0,cd288e50-c62a-4a5e-9471-5a86e82c42de,2026-10-02T10:11:48.711190+00:00,True
threshold_03_023,threshold,threshold_03,3,23,0.0,面向不平衡数据集的机器学习算法对信贷风险的研究_游云贝.pdf,P0007,live_normal,Ka4e77858d93473b94e5c290ea3c4c6c76112c2ec361f563e9d698f5742d66934,2,complete,0.0,0,0,0,0,a3d75dda-2634-4db9-b4e9-ee8a164d10ad,2026-10-02T10:11:49.119894+00:00,True
threshold_03_024,threshold,threshold_03,3,24,0.0,基于机器学习算法的P2P网络借贷信用评级产品设计_路杨宁.pdf,P0003,live_normal,K62edc95d04e6e9efb277503668bd94de7558d0ea3a85a6c77494253476a1a642,2,complete,0.0,0,0,0,0,ff757059-a87f-42df-9516-9c84dd77082a,2026-10-02T10:11:49.997480+00:00,True
threshold_03_025,threshold,threshold_03,3,25,0.0,基于文本挖掘和机器学习算法的股票投资研究_陆航航.pdf,P0001,live_normal,K6d8d34adab041a2b58aee771ff805fb059acd0ec53cfcdd55d53d4b875316a04,2,complete,0.0,0,0,0,0,4aafe112-e61a-4326-bea0-29b299f7418e,2026-10-02T10:11:50.721865+00:00,True
threshold_03_026,threshold,threshold_03,3,26,0.0,基于机器学习的实证资产定价研究_马甜.pdf,P0016,live_normal,K0e70f5d16add0573fa9e01167d05436ccb67105a51644a50f430f98b4a599059,2,complete,0.0,0,0,0,0,1360937d-534f-4227-ac76-e29cf78dd4d4,2026-10-02T10:11:51.186651+00:00,True
threshold_03_027,threshold,threshold_03,3,27,0.0,基于文本挖掘和机器学习算法的股票投资研究_陆航航.pdf,P0001,live_normal,K6d8d34adab041a2b58aee771ff805fb059acd0ec53cfcdd55d53d4b875316a04,2,complete,0.0,0,0,0,0,55f92aea-eaa5-4ce3-bef2-6e8b4cd52940,2026-10-02T10:11:51.939844+00:00,True
threshold_03_028,threshold,threshold_03,3,28,0.0,基于机器学习的实证资产定价研究_马甜.pdf,P0017,live_normal,Ke2b440815c0955b63354c736aa0448f12c34e6dc8801a54a366637c65d2a9f97,2,complete,0.0,0,0,0,0,11b859e2-fbaf-4652-a1cf-91f1a777fce9,2026-10-02T10:11:52.780458+00:00,True
threshold_03_029,threshold,threshold_03,3,29,0.0,面向不平衡数据集的机器学习算法对信贷风险的研究_游云贝.pdf,P0007,live_normal,Ka4e77858d93473b94e5c290ea3c4c6c76112c2ec361f563e9d698f5742d66934,2,complete,0.0,0,0,0,0,c3134f95-55ac-4eb6-ae77-e4e88f079b2f,2026-10-02T10:11:53.556148+00:00,True
threshold_03_030,threshold,threshold_03,3,30,0.0,基于机器学习的实证资产定价研究_马甜.pdf,P0016,live_normal,K0e70f5d16add0573fa9e01167d05436ccb67105a51644a50f430f98b4a599059,2,complete,0.0,0,0,0,0,8bc3e98b-b0b6-417e-a547-22abaf57c890,2026-10-02T10:11:54.098259+00:00,True
threshold_03_031,threshold,threshold_03,3,31,0.0,基于文本挖掘和机器学习算法的股票投资研究_陆航航.pdf,P0001,live_normal,K6d8d34adab041a2b58aee771ff805fb059acd0ec53cfcdd55d53d4b875316a04,2,complete,0.0,0,0,0,0,c2b62eda-c8e6-4b9f-adb2-acab57d82e09,2026-10-02T10:11:54.707961+00:00,True
threshold_03_032,threshold,threshold_03,3,32,0.0,基于文本挖掘和机器学习算法的股票投资研究_陆航航.pdf,P0001,live_normal,K6d8d34adab041a2b58aee771ff805fb059acd0ec53cfcdd55d53d4b875316a04,2,complete,0.0,0,0,0,0,1e405173-1dfb-4b30-b2ed-dc1dc682042e,2026-10-02T10:11:55.457709+00:00,True
threshold_03_033,threshold,threshold_03,3,33,0.0,基于机器学习算法的P2P网络借贷信用评级产品设计_路杨宁.pdf,P0003,live_normal,K62edc95d04e6e9efb277503668bd94de7558d0ea3a85a6c77494253476a1a642,2,complete,0.0,0,0,0,0,5d1a29bd-c3c9-486b-99ce-557d227f504e,2026-10-02T10:11:56.598209+00:00,True
threshold_03_034,threshold,threshold_03,3,34,0.0,基于机器学习算法的P2P网络借贷信用评级产品设计_路杨宁.pdf,P0003,live_normal,K62edc95d04e6e9efb277503668bd94de7558d0ea3a85a6c77494253476a1a642,2,complete,0.0,0,0,0,0,ee93e557-f31b-4e83-a8ea-45dac2f1c8ec,2026-10-02T10:11:57.093375+00:00,True
threshold_03_035,threshold,threshold_03,3,35,0.0,基于文本挖掘和机器学习算法的股票投资研究_陆航航.pdf,P0001,live_normal,K6d8d34adab041a2b58aee771ff805fb059acd0ec53cfcdd55d53d4b875316a04,2,complete,0.0,0,0,0,0,a7e61c63-e5f0-4cda-adf2-49e4dc5481dd,2026-10-02T10:11:57.685399+00:00,True
threshold_03_036,threshold,threshold_03,3,36,0.0,基于机器学习的实证资产定价研究_马甜.pdf,P0017,live_normal,Ke2b440815c0955b63354c736aa0448f12c34e6dc8801a54a366637c65d2a9f97,2,complete,0.0,0,0,0,0,a337a6aa-6cf2-47d8-9d36-88e04387041d,2026-10-02T10:11:58.301668+00:00,True
threshold_03_037,threshold,threshold_03,3,37,0.0,基于机器学习算法的P2P网络借贷信用评级产品设计_路杨宁.pdf,P0003,live_normal,K62edc95d04e6e9efb277503668bd94de7558d0ea3a85a6c77494253476a1a642,2,complete,0.0,0,0,0,0,d4d38587-e7b0-475c-99a7-de327083ccd9,2026-10-02T10:11:58.960324+00:00,True
threshold_03_038,threshold,threshold_03,3,38,0.0,基于文本挖掘和机器学习算法的股票投资研究_陆航航.pdf,P0001,live_normal,K6d8d34adab041a2b58aee771ff805fb059acd0ec53cfcdd55d53d4b875316a04,2,complete,0.0,0,0,0,0,3f1e1241-4802-4f95-b241-e1469484f4f6,2026-10-02T10:11:59.894947+00:00,True
threshold_03_039,threshold,threshold_03,3,39,0.0,基于机器学习算法的P2P网络借贷信用评级产品设计_路杨宁.pdf,P0003,live_normal,K62edc95d04e6e9efb277503668bd94de7558d0ea3a85a6c77494253476a1a642,2,complete,0.0,0,0,0,0,b83d7431-a1c2-4243-ac6d-f0b419414c8f,2026-10-02T10:12:00.522704+00:00,True
threshold_03_040,threshold,threshold_03,3,40,0.0,基于机器学习算法的P2P网络借贷信用评级产品设计_路杨宁.pdf,P0003,live_normal,K62edc95d04e6e9efb277503668bd94de7558d0ea3a85a6c77494253476a1a642,2,complete,0.0,0,0,0,0,e6e4f6b3-e1c6-42be-a0b0-05df1ec9759d,2026-10-02T10:12:01.251354+00:00,True
threshold_04_001,threshold,threshold_04,4,1,0.0,基于机器学习算法的P2P网络借贷信用评级产品设计_路杨宁.pdf,P0003,live_normal,K62edc95d04e6e9efb277503668bd94de7558d0ea3a85a6c77494253476a1a642,2,complete,0.0,0,0,0,0,771a2d38-7fbb-4e34-b835-9be27c0702dc,2026-10-02T10:11:35.168744+00:00,True
threshold_04_002,threshold,threshold_04,4,2,0.0,基于机器学习算法的P2P网络借贷信用评级产品设计_路杨宁.pdf,P0003,live_normal,K62edc95d04e6e9efb277503668bd94de7558d0ea3a85a6c77494253476a1a642,2,complete,0.0,0,0,0,0,2df3f929-2a11-43b9-ae54-b6e42ff7e699,2026-10-02T10:11:35.949657+00:00,True
threshold_04_003,threshold,threshold_04,4,3,0.0,基于机器学习算法的P2P网络借贷信用评级产品设计_路杨宁.pdf,P0003,live_normal,K62edc95d04e6e9efb277503668bd94de7558d0ea3a85a6c77494253476a1a642,2,complete,0.0,0,0,0,0,cb37b8f4-24a4-4b6e-b82c-0e947b5a388f,2026-10-02T10:11:36.492761+00:00,True
threshold_04_004,threshold,threshold_04,4,4,0.0,面向不平衡数据集的机器学习算法对信贷风险的研究_游云贝.pdf,P0007,live_normal,Ka4e77858d93473b94e5c290ea3c4c6c76112c2ec361f563e9d698f5742d66934,2,complete,0.0,0,0,0,0,32acb1d1-a043-4bae-b47a-3e8c5f975158,2026-10-02T10:11:37.366880+00:00,True
threshold_04_005,threshold,threshold_04,4,5,0.0,基于机器学习算法的P2P网络借贷信用评级产品设计_路杨宁.pdf,P0003,live_normal,K62edc95d04e6e9efb277503668bd94de7558d0ea3a85a6c77494253476a1a642,2,complete,0.0,0,0,0,0,18123b10-713d-416f-b6f6-e4c3a718a5ba,2026-10-02T10:11:38.255472+00:00,True
threshold_04_006,threshold,threshold_04,4,6,0.0,基于机器学习的实证资产定价研究_马甜.pdf,P0016,live_normal,K0e70f5d16add0573fa9e01167d05436ccb67105a51644a50f430f98b4a599059,2,complete,0.0,0,0,0,0,fe02d4fe-ed4a-4bd2-9de6-60ea7887a086,2026-10-02T10:11:38.882795+00:00,True
threshold_04_007,threshold,threshold_04,4,7,0.0,基于机器学习的实证资产定价研究_马甜.pdf,P0016,live_normal,K0e70f5d16add0573fa9e01167d05436ccb67105a51644a50f430f98b4a599059,2,complete,0.0,0,0,0,0,86417c8b-dd8e-4d43-aaa6-19f32d8cf746,2026-10-02T10:11:39.608080+00:00,True
threshold_04_008,threshold,threshold_04,4,8,0.0,基于机器学习算法的P2P网络借贷信用评级产品设计_路杨宁.pdf,P0003,live_normal,K62edc95d04e6e9efb277503668bd94de7558d0ea3a85a6c77494253476a1a642,2,complete,0.0,0,0,0,0,51efeb0b-84a1-4f85-aeb0-f782bee22c71,2026-10-02T10:11:39.973120+00:00,True
threshold_04_009,threshold,threshold_04,4,9,0.0,基于文本挖掘和机器学习算法的股票投资研究_陆航航.pdf,P0001,live_normal,K6d8d34adab041a2b58aee771ff805fb059acd0ec53cfcdd55d53d4b875316a04,2,complete,0.0,0,0,0,0,0e938bb5-ef80-4a6a-9fcb-76be50b634cd,2026-10-02T10:11:40.857402+00:00,True
threshold_04_010,threshold,threshold_04,4,10,0.0,基于机器学习的实证资产定价研究_马甜.pdf,P0016,live_normal,K0e70f5d16add0573fa9e01167d05436ccb67105a51644a50f430f98b4a599059,2,complete,0.0,0,0,0,0,c11e9085-f5a3-49bd-a268-6394713e42cd,2026-10-02T10:11:41.942810+00:00,True
threshold_04_011,threshold,threshold_04,4,11,0.0,基于机器学习的实证资产定价研究_马甜.pdf,P0017,live_normal,Ke2b440815c0955b63354c736aa0448f12c34e6dc8801a54a366637c65d2a9f97,2,complete,0.0,0,0,0,0,824b7958-35fe-4b27-b0c0-e8531b969245,2026-10-02T10:11:42.829261+00:00,True
threshold_04_012,threshold,threshold_04,4,12,0.0,基于文本挖掘和机器学习算法的股票投资研究_陆航航.pdf,P0001,live_normal,K6d8d34adab041a2b58aee771ff805fb059acd0ec53cfcdd55d53d4b875316a04,2,complete,0.0,0,0,0,0,fc583389-253c-4994-916b-bd7fffb32192,2026-10-02T10:11:43.799551+00:00,True
threshold_04_013,threshold,threshold_04,4,13,0.0,基于文本挖掘和机器学习算法的股票投资研究_陆航航.pdf,P0001,live_normal,K6d8d34adab041a2b58aee771ff805fb059acd0ec53cfcdd55d53d4b875316a04,2,complete,0.0,0,0,0,0,2230c4de-21ab-423f-a2f9-79d155347902,2026-10-02T10:11:44.700682+00:00,True
threshold_04_014,threshold,threshold_04,4,14,0.0,基于文本挖掘和机器学习算法的股票投资研究_陆航航.pdf,P0001,live_normal,K6d8d34adab041a2b58aee771ff805fb059acd0ec53cfcdd55d53d4b875316a04,2,complete,0.0,0,0,0,0,2023b36b-de4e-4dff-8883-408eed89527d,2026-10-02T10:11:45.284661+00:00,True
threshold_04_015,threshold,threshold_04,4,15,0.0,面向不平衡数据集的机器学习算法对信贷风险的研究_游云贝.pdf,P0007,live_normal,Ka4e77858d93473b94e5c290ea3c4c6c76112c2ec361f563e9d698f5742d66934,2,complete,0.0,0,0,0,0,be7b40a7-44b2-4b69-888b-a4bb5026f106,2026-10-02T10:11:45.800898+00:00,True
threshold_04_016,threshold,threshold_04,4,16,0.0,基于机器学习的实证资产定价研究_马甜.pdf,P0016,live_normal,K0e70f5d16add0573fa9e01167d05436ccb67105a51644a50f430f98b4a599059,2,complete,0.0,0,0,0,0,fbd35df7-caa9-413c-a683-f70eefc1859a,2026-10-02T10:11:46.524252+00:00,True
threshold_04_017,threshold,threshold_04,4,17,0.0,基于文本挖掘和机器学习算法的股票投资研究_陆航航.pdf,P0001,live_normal,K6d8d34adab041a2b58aee771ff805fb059acd0ec53cfcdd55d53d4b875316a04,2,complete,0.0,0,0,0,0,39052b95-1ebe-4b0d-ba55-d9dac240f962,2026-10-02T10:11:47.300633+00:00,True
threshold_04_018,threshold,threshold_04,4,18,0.0,基于文本挖掘和机器学习算法的股票投资研究_陆航航.pdf,P0001,live_normal,K6d8d34adab041a2b58aee771ff805fb059acd0ec53cfcdd55d53d4b875316a04,2,complete,0.0,0,0,0,0,1d871961-032a-42c0-87d0-3c411c09549f,2026-10-02T10:11:48.139794+00:00,True
threshold_04_019,threshold,threshold_04,4,19,0.0,基于机器学习算法的P2P网络借贷信用评级产品设计_路杨宁.pdf,P0003,live_normal,K62edc95d04e6e9efb277503668bd94de7558d0ea3a85a6c77494253476a1a642,2,complete,0.0,0,0,0,0,bb076d9a-f0c3-4c28-b37b-49aabaf09420,2026-10-02T10:11:48.792225+00:00,True
threshold_04_020,threshold,threshold_04,4,20,0.0,面向不平衡数据集的机器学习算法对信贷风险的研究_游云贝.pdf,P0007,live_normal,Ka4e77858d93473b94e5c290ea3c4c6c76112c2ec361f563e9d698f5742d66934,2,complete,0.0,0,0,0,0,4c768c74-c40e-4633-b133-5d0aaa1d31e4,2026-10-02T10:11:49.376102+00:00,True
threshold_04_021,threshold,threshold_04,4,21,0.0,面向不平衡数据集的机器学习算法对信贷风险的研究_游云贝.pdf,P0007,live_normal,Ka4e77858d93473b94e5c290ea3c4c6c76112c2ec361f563e9d698f5742d66934,2,complete,0.0,0,0,0,0,92135ead-ba85-42cb-9b55-7721004175d1,2026-10-02T10:11:50.142807+00:00,True
threshold_04_022,threshold,threshold_04,4,22,0.0,基于文本挖掘和机器学习算法的股票投资研究_陆航航.pdf,P0001,live_normal,K6d8d34adab041a2b58aee771ff805fb059acd0ec53cfcdd55d53d4b875316a04,2,complete,0.0,0,0,0,0,b77ae77d-6cb8-40d4-80f8-d0a4600aa24c,2026-10-02T10:11:50.615328+00:00,True
threshold_04_023,threshold,threshold_04,4,23,0.0,基于机器学习算法的P2P网络借贷信用评级产品设计_路杨宁.pdf,P0003,live_normal,K62edc95d04e6e9efb277503668bd94de7558d0ea3a85a6c77494253476a1a642,2,complete,0.0,0,0,0,0,8d86a017-7c24-4665-9ffe-50978b3a078c,2026-10-02T10:11:51.433345+00:00,True
threshold_04_024,threshold,threshold_04,4,24,0.0,面向不平衡数据集的机器学习算法对信贷风险的研究_游云贝.pdf,P0007,live_normal,Ka4e77858d93473b94e5c290ea3c4c6c76112c2ec361f563e9d698f5742d66934,2,complete,0.0,0,0,0,0,db442f1e-426a-42fb-8e8f-0bed0b8429f5,2026-10-02T10:11:52.338021+00:00,True
threshold_04_025,threshold,threshold_04,4,25,0.0,基于机器学习的实证资产定价研究_马甜.pdf,P0016,live_normal,K0e70f5d16add0573fa9e01167d05436ccb67105a51644a50f430f98b4a599059,2,complete,0.0,0,0,0,0,3fc506d9-f33c-4822-a241-9007c228e5e4,2026-10-02T10:11:53.205977+00:00,True
threshold_04_026,threshold,threshold_04,4,26,0.0,基于机器学习的实证资产定价研究_马甜.pdf,P0016,live_normal,K0e70f5d16add0573fa9e01167d05436ccb67105a51644a50f430f98b4a599059,2,complete,0.0,0,0,0,0,240c3ed8-fb4d-4597-b084-409cab548622,2026-10-02T10:11:53.700628+00:00,True
threshold_04_027,threshold,threshold_04,4,27,0.0,面向不平衡数据集的机器学习算法对信贷风险的研究_游云贝.pdf,P0007,live_normal,Ka4e77858d93473b94e5c290ea3c4c6c76112c2ec361f563e9d698f5742d66934,2,complete,0.0,0,0,0,0,b0e4c0d1-3230-4690-b544-b011b01f52da,2026-10-02T10:11:54.501254+00:00,True
threshold_04_028,threshold,threshold_04,4,28,0.0,面向不平衡数据集的机器学习算法对信贷风险的研究_游云贝.pdf,P0007,live_normal,Ka4e77858d93473b94e5c290ea3c4c6c76112c2ec361f563e9d698f5742d66934,2,complete,0.0,0,0,0,0,c68735a8-8aa8-40bf-8999-8b759c0834bf,2026-10-02T10:11:55.153554+00:00,True
threshold_04_029,threshold,threshold_04,4,29,0.0,基于文本挖掘和机器学习算法的股票投资研究_陆航航.pdf,P0001,live_normal,K6d8d34adab041a2b58aee771ff805fb059acd0ec53cfcdd55d53d4b875316a04,2,complete,0.0,0,0,0,0,459732b1-1517-4d44-901f-df8f8cf6e158,2026-10-02T10:11:55.994230+00:00,True
threshold_04_030,threshold,threshold_04,4,30,0.0,基于文本挖掘和机器学习算法的股票投资研究_陆航航.pdf,P0001,live_normal,K6d8d34adab041a2b58aee771ff805fb059acd0ec53cfcdd55d53d4b875316a04,2,complete,0.0,0,0,0,0,314382e3-e9f6-411e-b0a9-f5ef21ab03f7,2026-10-02T10:11:56.512815+00:00,True
threshold_04_031,threshold,threshold_04,4,31,0.0,基于机器学习的实证资产定价研究_马甜.pdf,P0017,live_normal,Ke2b440815c0955b63354c736aa0448f12c34e6dc8801a54a366637c65d2a9f97,2,complete,0.0,0,0,0,0,54978ae7-d39f-4004-ac9c-abca38a03ca1,2026-10-02T10:11:57.291598+00:00,True
threshold_04_032,threshold,threshold_04,4,32,0.0,基于机器学习算法的P2P网络借贷信用评级产品设计_路杨宁.pdf,P0003,live_normal,K62edc95d04e6e9efb277503668bd94de7558d0ea3a85a6c77494253476a1a642,2,complete,0.0,0,0,0,0,f4ebfab1-cd4b-45ac-b92a-17a15cc74617,2026-10-02T10:11:58.248953+00:00,True
threshold_04_033,threshold,threshold_04,4,33,0.0,基于机器学习的实证资产定价研究_马甜.pdf,P0017,live_normal,Ke2b440815c0955b63354c736aa0448f12c34e6dc8801a54a366637c65d2a9f97,2,complete,0.0,0,0,0,0,c84755cc-ed92-47d5-8370-3fa1e2dbf411,2026-10-02T10:11:59.023630+00:00,True
threshold_04_034,threshold,threshold_04,4,34,0.0,基于机器学习的实证资产定价研究_马甜.pdf,P0016,live_normal,K0e70f5d16add0573fa9e01167d05436ccb67105a51644a50f430f98b4a599059,2,complete,0.0,0,0,0,0,37b2b21b-0d3f-4cf2-8463-36a7b7e8a0a9,2026-10-02T10:11:59.721845+00:00,True
threshold_04_035,threshold,threshold_04,4,35,0.0,基于文本挖掘和机器学习算法的股票投资研究_陆航航.pdf,P0001,live_normal,K6d8d34adab041a2b58aee771ff805fb059acd0ec53cfcdd55d53d4b875316a04,2,complete,0.0,0,0,0,0,cb03a99f-f8a1-4555-a1cd-14cbfcf97ed2,2026-10-02T10:12:00.978405+00:00,True
threshold_04_036,threshold,threshold_04,4,36,0.0,面向不平衡数据集的机器学习算法对信贷风险的研究_游云贝.pdf,P0007,live_normal,Ka4e77858d93473b94e5c290ea3c4c6c76112c2ec361f563e9d698f5742d66934,2,complete,0.0,0,0,0,0,bf3e5cf4-f844-481a-9fc4-9ea9b3711c8e,2026-10-02T10:12:01.741068+00:00,True
threshold_04_037,threshold,threshold_04,4,37,0.0,基于文本挖掘和机器学习算法的股票投资研究_陆航航.pdf,P0001,live_normal,K6d8d34adab041a2b58aee771ff805fb059acd0ec53cfcdd55d53d4b875316a04,2,complete,0.0,0,0,0,0,b4a5e0ae-8d7a-4788-ac77-f6ec723fa361,2026-10-02T10:12:02.357211+00:00,True
threshold_04_038,threshold,threshold_04,4,38,0.0,基于机器学习算法的P2P网络借贷信用评级产品设计_路杨宁.pdf,P0003,live_normal,K62edc95d04e6e9efb277503668bd94de7558d0ea3a85a6c77494253476a1a642,2,complete,0.0,0,0,0,0,b2e89b9f-e92e-42fc-94fe-e2cb1a84fe5b,2026-10-02T10:12:02.691120+00:00,True
threshold_04_039,threshold,threshold_04,4,39,0.0,基于机器学习的实证资产定价研究_马甜.pdf,P0017,live_normal,Ke2b440815c0955b63354c736aa0448f12c34e6dc8801a54a366637c65d2a9f97,2,complete,0.0,0,0,0,0,c1b6ab5d-8b1e-420d-bbd5-d2e4057a3a23,2026-10-02T10:12:03.489449+00:00,True
threshold_04_040,threshold,threshold_04,4,40,0.0,面向不平衡数据集的机器学习算法对信贷风险的研究_游云贝.pdf,P0007,live_normal,Ka4e77858d93473b94e5c290ea3c4c6c76112c2ec361f563e9d698f5742d66934,2,complete,0.0,0,0,0,0,d5abd92b-132a-4502-9e1f-bfe95f7cbd96,2026-10-02T10:12:04.301564+00:00,True
threshold_05_001,threshold,threshold_05,5,1,0.0,基于机器学习的实证资产定价研究_马甜.pdf,P0016,live_normal,K0e70f5d16add0573fa9e01167d05436ccb67105a51644a50f430f98b4a599059,2,complete,0.0,0,0,0,0,03ef9209-336e-4154-ab0c-1d46c5b91ae9,2026-10-02T10:11:42.634742+00:00,True
threshold_05_002,threshold,threshold_05,5,2,0.0,基于文本挖掘和机器学习算法的股票投资研究_陆航航.pdf,P0001,live_normal,K6d8d34adab041a2b58aee771ff805fb059acd0ec53cfcdd55d53d4b875316a04,2,complete,0.0,0,0,0,0,a26e6b8d-53c2-4119-b1c8-c518dabff2b7,2026-10-02T10:11:43.278071+00:00,True
threshold_05_003,threshold,threshold_05,5,3,0.0,基于机器学习算法的P2P网络借贷信用评级产品设计_路杨宁.pdf,P0003,live_normal,K62edc95d04e6e9efb277503668bd94de7558d0ea3a85a6c77494253476a1a642,2,complete,0.0,0,0,0,0,fc8400ae-1151-4cb4-a3dc-111cf96bef6c,2026-10-02T10:11:44.080703+00:00,True
threshold_05_004,threshold,threshold_05,5,4,0.0,基于文本挖掘和机器学习算法的股票投资研究_陆航航.pdf,P0001,live_normal,K6d8d34adab041a2b58aee771ff805fb059acd0ec53cfcdd55d53d4b875316a04,2,complete,0.0,0,0,0,0,aa6724d0-7eba-467e-b2c5-531c237ed641,2026-10-02T10:11:44.905715+00:00,True
threshold_05_005,threshold,threshold_05,5,5,0.0,基于机器学习的实证资产定价研究_马甜.pdf,P0016,live_normal,K0e70f5d16add0573fa9e01167d05436ccb67105a51644a50f430f98b4a599059,2,complete,0.0,0,0,0,0,3c49059f-184f-4b0d-8419-a3e00e73935d,2026-10-02T10:11:45.372200+00:00,True
threshold_05_006,threshold,threshold_05,5,6,0.0,面向不平衡数据集的机器学习算法对信贷风险的研究_游云贝.pdf,P0007,live_normal,Ka4e77858d93473b94e5c290ea3c4c6c76112c2ec361f563e9d698f5742d66934,2,complete,0.0,0,0,0,0,0a21814c-974c-4c43-a5a4-0f69cdf7897d,2026-10-02T10:11:46.016659+00:00,True
threshold_05_007,threshold,threshold_05,5,7,0.0,基于机器学习算法的P2P网络借贷信用评级产品设计_路杨宁.pdf,P0003,live_normal,K62edc95d04e6e9efb277503668bd94de7558d0ea3a85a6c77494253476a1a642,2,complete,0.0,0,0,0,0,8a861ca0-9fb8-4865-9e92-2c7bbc666698,2026-10-02T10:11:46.733929+00:00,True
threshold_05_008,threshold,threshold_05,5,8,0.0,基于文本挖掘和机器学习算法的股票投资研究_陆航航.pdf,P0001,live_normal,K6d8d34adab041a2b58aee771ff805fb059acd0ec53cfcdd55d53d4b875316a04,2,complete,0.0,0,0,0,0,6f3cca6e-f909-4a9d-80d0-1fa59f862ebf,2026-10-02T10:11:47.721243+00:00,True
threshold_05_009,threshold,threshold_05,5,9,0.0,基于机器学习的实证资产定价研究_马甜.pdf,P0017,live_normal,Ke2b440815c0955b63354c736aa0448f12c34e6dc8801a54a366637c65d2a9f97,2,complete,0.0,0,0,0,0,48e0f14a-b751-4ab1-b1eb-b304c021b42d,2026-10-02T10:11:48.559530+00:00,True
threshold_05_010,threshold,threshold_05,5,10,0.0,基于文本挖掘和机器学习算法的股票投资研究_陆航航.pdf,P0001,live_normal,K6d8d34adab041a2b58aee771ff805fb059acd0ec53cfcdd55d53d4b875316a04,2,complete,0.0,0,0,0,0,1b0ea348-6b10-4768-8ae3-ea6a49d2a919,2026-10-02T10:11:49.433179+00:00,True
threshold_05_011,threshold,threshold_05,5,11,0.0,面向不平衡数据集的机器学习算法对信贷风险的研究_游云贝.pdf,P0007,live_normal,Ka4e77858d93473b94e5c290ea3c4c6c76112c2ec361f563e9d698f5742d66934,2,complete,0.0,0,0,0,0,fbea24b5-e0b0-41f1-9199-2fdde4d2834e,2026-10-02T10:11:50.429278+00:00,True
threshold_05_012,threshold,threshold_05,5,12,0.0,基于机器学习的实证资产定价研究_马甜.pdf,P0017,live_normal,Ke2b440815c0955b63354c736aa0448f12c34e6dc8801a54a366637c65d2a9f97,2,complete,0.0,0,0,0,0,1a607b7b-ce23-4a5f-ad3d-43c125b67118,2026-10-02T10:11:51.308687+00:00,True
threshold_05_013,threshold,threshold_05,5,13,0.0,面向不平衡数据集的机器学习算法对信贷风险的研究_游云贝.pdf,P0007,live_normal,Ka4e77858d93473b94e5c290ea3c4c6c76112c2ec361f563e9d698f5742d66934,2,complete,0.0,0,0,0,0,cacdf618-8087-4e2f-8a79-17e365068b8d,2026-10-02T10:11:52.215806+00:00,True
threshold_05_014,threshold,threshold_05,5,14,0.0,基于文本挖掘和机器学习算法的股票投资研究_陆航航.pdf,P0001,live_normal,K6d8d34adab041a2b58aee771ff805fb059acd0ec53cfcdd55d53d4b875316a04,2,complete,0.0,0,0,0,0,7a80643a-8f85-4f33-9a7e-0ea2e8e93931,2026-10-02T10:11:52.969755+00:00,True
threshold_05_015,threshold,threshold_05,5,15,0.0,基于机器学习算法的P2P网络借贷信用评级产品设计_路杨宁.pdf,P0003,live_normal,K62edc95d04e6e9efb277503668bd94de7558d0ea3a85a6c77494253476a1a642,2,complete,0.0,0,0,0,0,c918786a-dec8-4a78-94c8-dd11fbdc6bb3,2026-10-02T10:11:53.838487+00:00,True
threshold_05_016,threshold,threshold_05,5,16,0.0,基于文本挖掘和机器学习算法的股票投资研究_陆航航.pdf,P0001,live_normal,K6d8d34adab041a2b58aee771ff805fb059acd0ec53cfcdd55d53d4b875316a04,2,complete,0.0,0,0,0,0,a5bc3fc7-4843-4d66-91bf-510d16bece60,2026-10-02T10:11:54.408767+00:00,True
threshold_05_017,threshold,threshold_05,5,17,0.0,基于机器学习的实证资产定价研究_马甜.pdf,P0017,live_normal,Ke2b440815c0955b63354c736aa0448f12c34e6dc8801a54a366637c65d2a9f97,2,complete,0.0,0,0,0,0,ea89c143-4909-4b80-90be-108b82e6d95f,2026-10-02T10:11:55.232601+00:00,True
threshold_05_018,threshold,threshold_05,5,18,0.0,基于机器学习的实证资产定价研究_马甜.pdf,P0016,live_normal,K0e70f5d16add0573fa9e01167d05436ccb67105a51644a50f430f98b4a599059,2,complete,0.0,0,0,0,0,8abd728a-5610-4e98-81ea-eebe3bebb16d,2026-10-02T10:11:56.245365+00:00,True
threshold_05_019,threshold,threshold_05,5,19,0.0,面向不平衡数据集的机器学习算法对信贷风险的研究_游云贝.pdf,P0007,live_normal,Ka4e77858d93473b94e5c290ea3c4c6c76112c2ec361f563e9d698f5742d66934,2,complete,0.0,0,0,0,0,3718e6a2-0529-4592-ad7b-37d63cee1557,2026-10-02T10:11:56.858821+00:00,True
threshold_05_020,threshold,threshold_05,5,20,0.0,基于机器学习算法的P2P网络借贷信用评级产品设计_路杨宁.pdf,P0003,live_normal,K62edc95d04e6e9efb277503668bd94de7558d0ea3a85a6c77494253476a1a642,2,complete,0.0,0,0,0,0,8e2ae542-efbe-44b4-ab85-dd71be946f32,2026-10-02T10:11:57.357943+00:00,True
threshold_05_021,threshold,threshold_05,5,21,0.0,基于机器学习的实证资产定价研究_马甜.pdf,P0017,live_normal,Ke2b440815c0955b63354c736aa0448f12c34e6dc8801a54a366637c65d2a9f97,2,complete,0.0,0,0,0,0,d9d8bec2-9d16-4b32-a898-b856d45469ed,2026-10-02T10:11:58.212635+00:00,True
threshold_05_022,threshold,threshold_05,5,22,0.0,面向不平衡数据集的机器学习算法对信贷风险的研究_游云贝.pdf,P0007,live_normal,Ka4e77858d93473b94e5c290ea3c4c6c76112c2ec361f563e9d698f5742d66934,2,complete,0.0,0,0,0,0,75c023c7-dbce-46bb-a6d6-06e05eb05c27,2026-10-02T10:11:59.114006+00:00,True
threshold_05_023,threshold,threshold_05,5,23,0.0,基于文本挖掘和机器学习算法的股票投资研究_陆航航.pdf,P0001,live_normal,K6d8d34adab041a2b58aee771ff805fb059acd0ec53cfcdd55d53d4b875316a04,2,complete,0.0,0,0,0,0,54e45e0d-48b3-43f6-84f8-e6010ef663e7,2026-10-02T10:11:59.894450+00:00,True
threshold_05_024,threshold,threshold_05,5,24,0.0,基于机器学习的实证资产定价研究_马甜.pdf,P0017,live_normal,Ke2b440815c0955b63354c736aa0448f12c34e6dc8801a54a366637c65d2a9f97,2,complete,0.0,0,0,0,0,293da3f9-97dd-48c1-b335-e0aa10141fb7,2026-10-02T10:12:00.272492+00:00,True
threshold_05_025,threshold,threshold_05,5,25,0.0,基于机器学习的实证资产定价研究_马甜.pdf,P0016,live_normal,K0e70f5d16add0573fa9e01167d05436ccb67105a51644a50f430f98b4a599059,2,complete,0.0,0,0,0,0,7b838606-1c4f-415f-a5f9-04a3332a4971,2026-10-02T10:12:00.915838+00:00,True
threshold_05_026,threshold,threshold_05,5,26,0.0,基于文本挖掘和机器学习算法的股票投资研究_陆航航.pdf,P0001,live_normal,K6d8d34adab041a2b58aee771ff805fb059acd0ec53cfcdd55d53d4b875316a04,2,complete,0.0,0,0,0,0,21e248d6-d5dc-442d-867c-9288be8eb6f0,2026-10-02T10:12:01.540414+00:00,True
threshold_05_027,threshold,threshold_05,5,27,0.0,基于机器学习算法的P2P网络借贷信用评级产品设计_路杨宁.pdf,P0003,live_normal,K62edc95d04e6e9efb277503668bd94de7558d0ea3a85a6c77494253476a1a642,2,complete,0.0,0,0,0,0,580a4c3c-b52e-4caa-a544-e84245d02f17,2026-10-02T10:12:02.449692+00:00,True
threshold_05_028,threshold,threshold_05,5,28,0.0,基于文本挖掘和机器学习算法的股票投资研究_陆航航.pdf,P0001,live_normal,K6d8d34adab041a2b58aee771ff805fb059acd0ec53cfcdd55d53d4b875316a04,2,complete,0.0,0,0,0,0,d8b2b9d4-320f-44b8-8a6e-8f79a7f7c6e2,2026-10-02T10:12:03.263724+00:00,True
threshold_05_029,threshold,threshold_05,5,29,0.0,面向不平衡数据集的机器学习算法对信贷风险的研究_游云贝.pdf,P0007,live_normal,Ka4e77858d93473b94e5c290ea3c4c6c76112c2ec361f563e9d698f5742d66934,2,complete,0.0,0,0,0,0,22c38594-0a56-4fc7-bb08-097e183a7137,2026-10-02T10:12:04.317458+00:00,True
threshold_05_030,threshold,threshold_05,5,30,0.0,面向不平衡数据集的机器学习算法对信贷风险的研究_游云贝.pdf,P0007,live_normal,Ka4e77858d93473b94e5c290ea3c4c6c76112c2ec361f563e9d698f5742d66934,2,complete,0.0,0,0,0,0,f1b1a59e-8551-49aa-822f-ccb76529f011,2026-10-02T10:12:05.120591+00:00,True
threshold_05_031,threshold,threshold_05,5,31,0.0,面向不平衡数据集的机器学习算法对信贷风险的研究_游云贝.pdf,P0007,live_normal,Ka4e77858d93473b94e5c290ea3c4c6c76112c2ec361f563e9d698f5742d66934,2,complete,0.0,0,0,0,0,3bc24962-7506-461f-ba0d-3d5d6c4d594b,2026-10-02T10:12:05.936880+00:00,True
threshold_05_032,threshold,threshold_05,5,32,0.0,基于机器学习的实证资产定价研究_马甜.pdf,P0016,live_normal,K0e70f5d16add0573fa9e01167d05436ccb67105a51644a50f430f98b4a599059,2,complete,0.0,0,0,0,0,511961e7-1ecc-431f-af0e-b95ab979a982,2026-10-02T10:12:06.675884+00:00,True
threshold_05_033,threshold,threshold_05,5,33,0.0,基于机器学习的实证资产定价研究_马甜.pdf,P0017,live_normal,Ke2b440815c0955b63354c736aa0448f12c34e6dc8801a54a366637c65d2a9f97,2,complete,0.0,0,0,0,0,4c8e61ca-e92f-4ccf-b8e6-2b200afa3bfa,2026-10-02T10:12:07.642371+00:00,True
threshold_05_034,threshold,threshold_05,5,34,0.0,基于机器学习算法的P2P网络借贷信用评级产品设计_路杨宁.pdf,P0003,live_normal,K62edc95d04e6e9efb277503668bd94de7558d0ea3a85a6c77494253476a1a642,2,complete,0.0,0,0,0,0,150cfcf9-016d-4210-a388-e5c8a8b8d091,2026-10-02T10:12:08.410757+00:00,True
threshold_05_035,threshold,threshold_05,5,35,0.0,基于文本挖掘和机器学习算法的股票投资研究_陆航航.pdf,P0001,live_normal,K6d8d34adab041a2b58aee771ff805fb059acd0ec53cfcdd55d53d4b875316a04,2,complete,0.0,0,0,0,0,8a4bc05a-ba5c-48c4-8f05-74f88e8e5d92,2026-10-02T10:12:09.008009+00:00,True
threshold_05_036,threshold,threshold_05,5,36,0.0,面向不平衡数据集的机器学习算法对信贷风险的研究_游云贝.pdf,P0007,live_normal,Ka4e77858d93473b94e5c290ea3c4c6c76112c2ec361f563e9d698f5742d66934,2,complete,0.0,0,0,0,0,4791f36b-691d-4262-a10d-abee9daba6b1,2026-10-02T10:12:09.803809+00:00,True
threshold_05_037,threshold,threshold_05,5,37,0.0,面向不平衡数据集的机器学习算法对信贷风险的研究_游云贝.pdf,P0007,live_normal,Ka4e77858d93473b94e5c290ea3c4c6c76112c2ec361f563e9d698f5742d66934,2,complete,0.0,0,0,0,0,d207201e-56af-4bdb-af8d-e206231f9024,2026-10-02T10:12:10.453953+00:00,True
threshold_05_038,threshold,threshold_05,5,38,0.0,面向不平衡数据集的机器学习算法对信贷风险的研究_游云贝.pdf,P0007,live_normal,Ka4e77858d93473b94e5c290ea3c4c6c76112c2ec361f563e9d698f5742d66934,2,complete,0.0,0,0,0,0,88d1d1f1-ccb3-40ff-bfea-b952c7687927,2026-10-02T10:12:11.228113+00:00,True
threshold_05_039,threshold,threshold_05,5,39,0.0,基于机器学习算法的P2P网络借贷信用评级产品设计_路杨宁.pdf,P0003,live_normal,K62edc95d04e6e9efb277503668bd94de7558d0ea3a85a6c77494253476a1a642,2,complete,0.0,0,0,0,0,03b09ddd-b1f9-4f2e-a7fc-2532f747b342,2026-10-02T10:12:12.068300+00:00,True
threshold_05_040,threshold,threshold_05,5,40,0.0,基于机器学习算法的P2P网络借贷信用评级产品设计_路杨宁.pdf,P0003,live_normal,K62edc95d04e6e9efb277503668bd94de7558d0ea3a85a6c77494253476a1a642,2,complete,0.0,0,0,0,0,905d8a19-a994-4b8d-ba0b-60e1a4fccf7b,2026-10-02T10:12:12.619673+00:00,True
threshold_06_001,threshold,threshold_06,6,1,0.0,基于文本挖掘和机器学习算法的股票投资研究_陆航航.pdf,P0001,live_normal,K6d8d34adab041a2b58aee771ff805fb059acd0ec53cfcdd55d53d4b875316a04,2,complete,0.0,0,0,0,0,2bdb2507-188a-4da3-bf93-f9a67d970574,2026-10-02T10:12:11.695624+00:00,True
threshold_06_002,threshold,threshold_06,6,2,0.0,基于机器学习算法的P2P网络借贷信用评级产品设计_路杨宁.pdf,P0003,live_normal,K62edc95d04e6e9efb277503668bd94de7558d0ea3a85a6c77494253476a1a642,2,complete,0.0,0,0,0,0,14057c32-9599-4fd8-9486-2bd7f4090f3d,2026-10-02T10:12:12.694670+00:00,True
threshold_06_003,threshold,threshold_06,6,3,0.0,基于机器学习算法的P2P网络借贷信用评级产品设计_路杨宁.pdf,P0003,live_normal,K62edc95d04e6e9efb277503668bd94de7558d0ea3a85a6c77494253476a1a642,2,complete,0.0,0,0,0,0,d04fab04-3b73-4353-b444-d70da336da81,2026-10-02T10:12:13.085590+00:00,True
threshold_06_004,threshold,threshold_06,6,4,0.0,基于文本挖掘和机器学习算法的股票投资研究_陆航航.pdf,P0001,live_normal,K6d8d34adab041a2b58aee771ff805fb059acd0ec53cfcdd55d53d4b875316a04,2,complete,0.0,0,0,0,0,ef53f694-aed3-4d6b-adb6-2747e73a2e55,2026-10-02T10:12:13.938033+00:00,True
threshold_06_005,threshold,threshold_06,6,5,0.0,基于文本挖掘和机器学习算法的股票投资研究_陆航航.pdf,P0001,live_normal,K6d8d34adab041a2b58aee771ff805fb059acd0ec53cfcdd55d53d4b875316a04,2,complete,0.0,0,0,0,0,089bd74b-24d2-4676-8f87-b3071acbda61,2026-10-02T10:12:14.535890+00:00,True
threshold_06_006,threshold,threshold_06,6,6,0.0,基于机器学习算法的P2P网络借贷信用评级产品设计_路杨宁.pdf,P0003,live_normal,K62edc95d04e6e9efb277503668bd94de7558d0ea3a85a6c77494253476a1a642,2,complete,0.0,0,0,0,0,19c23923-c2c1-4bf9-a1ea-82d99706fc43,2026-10-02T10:12:15.026534+00:00,True
threshold_06_007,threshold,threshold_06,6,7,0.0,基于机器学习的实证资产定价研究_马甜.pdf,P0016,live_normal,K0e70f5d16add0573fa9e01167d05436ccb67105a51644a50f430f98b4a599059,2,complete,0.0,0,0,0,0,1302b614-2540-4712-a7bb-357e6297504e,2026-10-02T10:12:15.762811+00:00,True
threshold_06_008,threshold,threshold_06,6,8,0.0,基于文本挖掘和机器学习算法的股票投资研究_陆航航.pdf,P0001,live_normal,K6d8d34adab041a2b58aee771ff805fb059acd0ec53cfcdd55d53d4b875316a04,2,complete,0.0,0,0,0,0,4dfca561-0eae-40de-8bda-fe1da2048e7e,2026-10-02T10:12:16.375336+00:00,True
threshold_06_009,threshold,threshold_06,6,9,0.0,基于文本挖掘和机器学习算法的股票投资研究_陆航航.pdf,P0001,live_normal,K6d8d34adab041a2b58aee771ff805fb059acd0ec53cfcdd55d53d4b875316a04,2,complete,0.0,0,0,0,0,124d8584-a1c9-483e-b851-e8d57d7afb02,2026-10-02T10:12:17.045940+00:00,True
threshold_06_010,threshold,threshold_06,6,10,0.0,基于机器学习算法的P2P网络借贷信用评级产品设计_路杨宁.pdf,P0003,live_normal,K62edc95d04e6e9efb277503668bd94de7558d0ea3a85a6c77494253476a1a642,2,complete,0.0,0,0,0,0,bfaee58b-abd7-4573-b6d2-54d421693fc3,2026-10-02T10:12:17.948066+00:00,True
threshold_06_011,threshold,threshold_06,6,11,0.0,基于文本挖掘和机器学习算法的股票投资研究_陆航航.pdf,P0001,live_normal,K6d8d34adab041a2b58aee771ff805fb059acd0ec53cfcdd55d53d4b875316a04,2,complete,0.0,0,0,0,0,4c90e799-4831-47b2-bc21-f82be1a44e57,2026-10-02T10:12:18.398166+00:00,True
threshold_06_012,threshold,threshold_06,6,12,0.0,基于机器学习算法的P2P网络借贷信用评级产品设计_路杨宁.pdf,P0003,live_normal,K62edc95d04e6e9efb277503668bd94de7558d0ea3a85a6c77494253476a1a642,2,complete,0.0,0,0,0,0,bf9366bc-26e3-4a4e-b89d-8e14001771d3,2026-10-02T10:12:19.576916+00:00,True
threshold_06_013,threshold,threshold_06,6,13,0.0,基于机器学习算法的P2P网络借贷信用评级产品设计_路杨宁.pdf,P0003,live_normal,K62edc95d04e6e9efb277503668bd94de7558d0ea3a85a6c77494253476a1a642,2,complete,0.0,0,0,0,0,728c3a06-0bf1-4674-ba96-984dda5d55b4,2026-10-02T10:12:20.452461+00:00,True
threshold_06_014,threshold,threshold_06,6,14,0.0,基于机器学习算法的P2P网络借贷信用评级产品设计_路杨宁.pdf,P0003,live_normal,K62edc95d04e6e9efb277503668bd94de7558d0ea3a85a6c77494253476a1a642,2,complete,0.0,0,0,0,0,2f9fb609-c72d-4f7f-a7e2-1d673720ea17,2026-10-02T10:12:21.222152+00:00,True
threshold_06_015,threshold,threshold_06,6,15,0.0,基于机器学习算法的P2P网络借贷信用评级产品设计_路杨宁.pdf,P0003,live_normal,K62edc95d04e6e9efb277503668bd94de7558d0ea3a85a6c77494253476a1a642,2,complete,0.0,0,0,0,0,40ea8a29-e856-4fc7-a44f-9cba61253f63,2026-10-02T10:12:22.194078+00:00,True
threshold_06_016,threshold,threshold_06,6,16,0.0,基于机器学习算法的P2P网络借贷信用评级产品设计_路杨宁.pdf,P0003,live_normal,K62edc95d04e6e9efb277503668bd94de7558d0ea3a85a6c77494253476a1a642,2,complete,0.0,0,0,0,0,e91add05-abf8-477c-b034-120ee64508e4,2026-10-02T10:12:23.112737+00:00,True
threshold_06_017,threshold,threshold_06,6,17,0.0,基于机器学习算法的P2P网络借贷信用评级产品设计_路杨宁.pdf,P0003,live_normal,K62edc95d04e6e9efb277503668bd94de7558d0ea3a85a6c77494253476a1a642,2,complete,0.0,0,0,0,0,d0ff479c-a0c3-46dc-805a-e85a83e387ec,2026-10-02T10:12:23.699331+00:00,True
threshold_06_018,threshold,threshold_06,6,18,0.0,面向不平衡数据集的机器学习算法对信贷风险的研究_游云贝.pdf,P0007,live_normal,Ka4e77858d93473b94e5c290ea3c4c6c76112c2ec361f563e9d698f5742d66934,2,complete,0.0,0,0,0,0,2896369f-b331-4fc0-9515-b01044d750dd,2026-10-02T10:12:24.334758+00:00,True
threshold_06_019,threshold,threshold_06,6,19,0.0,基于机器学习的实证资产定价研究_马甜.pdf,P0016,live_normal,K0e70f5d16add0573fa9e01167d05436ccb67105a51644a50f430f98b4a599059,2,complete,0.0,0,0,0,0,e4c3a799-981c-4544-8f98-271e1310ef1b,2026-10-02T10:12:25.243733+00:00,True
threshold_06_020,threshold,threshold_06,6,20,0.0,基于文本挖掘和机器学习算法的股票投资研究_陆航航.pdf,P0001,live_normal,K6d8d34adab041a2b58aee771ff805fb059acd0ec53cfcdd55d53d4b875316a04,2,complete,0.0,0,0,0,0,3bbb76bc-56f4-41e1-868c-27401664f10c,2026-10-02T10:12:26.120980+00:00,True
threshold_06_021,threshold,threshold_06,6,21,0.0,基于机器学习算法的P2P网络借贷信用评级产品设计_路杨宁.pdf,P0003,live_normal,K62edc95d04e6e9efb277503668bd94de7558d0ea3a85a6c77494253476a1a642,2,complete,0.0,0,0,0,0,506327ad-d9bc-4fc3-bf42-09b44b891647,2026-10-02T10:12:27.720366+00:00,True
threshold_06_022,threshold,threshold_06,6,22,0.0,基于机器学习算法的P2P网络借贷信用评级产品设计_路杨宁.pdf,P0003,live_normal,K62edc95d04e6e9efb277503668bd94de7558d0ea3a85a6c77494253476a1a642,2,complete,0.0,0,0,0,0,28e73eae-5ed2-472a-8463-d446178e3406,2026-10-02T10:12:28.635951+00:00,True
threshold_06_023,threshold,threshold_06,6,23,0.0,基于文本挖掘和机器学习算法的股票投资研究_陆航航.pdf,P0001,live_normal,K6d8d34adab041a2b58aee771ff805fb059acd0ec53cfcdd55d53d4b875316a04,2,complete,0.0,0,0,0,0,0359a29a-e531-4a14-8823-cf98008797ab,2026-10-02T10:12:29.492562+00:00,True
threshold_06_024,threshold,threshold_06,6,24,0.0,基于机器学习的实证资产定价研究_马甜.pdf,P0016,live_normal,K0e70f5d16add0573fa9e01167d05436ccb67105a51644a50f430f98b4a599059,2,complete,0.0,0,0,0,0,a2fc3326-bc15-42ff-88fc-168e6e16f9a2,2026-10-02T10:12:30.276027+00:00,True
threshold_06_025,threshold,threshold_06,6,25,0.0,基于机器学习算法的P2P网络借贷信用评级产品设计_路杨宁.pdf,P0003,live_normal,K62edc95d04e6e9efb277503668bd94de7558d0ea3a85a6c77494253476a1a642,2,complete,0.0,0,0,0,0,b8c338bf-bd0a-48bc-9f86-2e48db7b9aee,2026-10-02T10:12:31.159194+00:00,True
threshold_06_026,threshold,threshold_06,6,26,0.0,基于文本挖掘和机器学习算法的股票投资研究_陆航航.pdf,P0001,live_normal,K6d8d34adab041a2b58aee771ff805fb059acd0ec53cfcdd55d53d4b875316a04,2,complete,0.0,0,0,0,0,65ab0c25-d298-4929-a5ab-dde344e96750,2026-10-02T10:12:31.637250+00:00,True
threshold_06_027,threshold,threshold_06,6,27,0.0,基于机器学习算法的P2P网络借贷信用评级产品设计_路杨宁.pdf,P0003,live_normal,K62edc95d04e6e9efb277503668bd94de7558d0ea3a85a6c77494253476a1a642,2,complete,0.0,0,0,0,0,0d8c0379-41b5-49b8-b03c-443a91399447,2026-10-02T10:12:32.458674+00:00,True
threshold_06_028,threshold,threshold_06,6,28,0.0,基于机器学习算法的P2P网络借贷信用评级产品设计_路杨宁.pdf,P0003,live_normal,K62edc95d04e6e9efb277503668bd94de7558d0ea3a85a6c77494253476a1a642,2,complete,0.0,0,0,0,0,a30b4bb7-301c-4a1e-88f0-d14800ed804d,2026-10-02T10:12:32.843497+00:00,True
threshold_06_029,threshold,threshold_06,6,29,0.0,基于文本挖掘和机器学习算法的股票投资研究_陆航航.pdf,P0001,live_normal,K6d8d34adab041a2b58aee771ff805fb059acd0ec53cfcdd55d53d4b875316a04,2,complete,0.0,0,0,0,0,1386f89c-b2bf-4b7c-bb0b-37803a8a9563,2026-10-02T10:12:33.439158+00:00,True
threshold_06_030,threshold,threshold_06,6,30,0.0,基于机器学习的实证资产定价研究_马甜.pdf,P0017,live_normal,Ke2b440815c0955b63354c736aa0448f12c34e6dc8801a54a366637c65d2a9f97,2,complete,0.0,0,0,0,0,dc85529c-5e86-4887-bb9d-4f5ce8e9ae77,2026-10-02T10:12:34.034887+00:00,True
threshold_06_031,threshold,threshold_06,6,31,0.0,面向不平衡数据集的机器学习算法对信贷风险的研究_游云贝.pdf,P0007,live_normal,Ka4e77858d93473b94e5c290ea3c4c6c76112c2ec361f563e9d698f5742d66934,2,complete,0.0,0,0,0,0,4503039f-29cc-43f1-a47c-b419ca2181a5,2026-10-02T10:12:34.841523+00:00,True
threshold_06_032,threshold,threshold_06,6,32,0.0,基于机器学习算法的P2P网络借贷信用评级产品设计_路杨宁.pdf,P0003,live_normal,K62edc95d04e6e9efb277503668bd94de7558d0ea3a85a6c77494253476a1a642,2,complete,0.0,0,0,0,0,76c8ef4d-f08f-4666-b946-d8107ca1d086,2026-10-02T10:12:35.324012+00:00,True
threshold_06_033,threshold,threshold_06,6,33,0.0,基于机器学习的实证资产定价研究_马甜.pdf,P0016,live_normal,K0e70f5d16add0573fa9e01167d05436ccb67105a51644a50f430f98b4a599059,2,complete,0.0,0,0,0,0,5bb4e697-cdfc-4a9d-a9b4-0e68ea1284f5,2026-10-02T10:12:35.807221+00:00,True
threshold_06_034,threshold,threshold_06,6,34,0.0,基于机器学习的实证资产定价研究_马甜.pdf,P0017,live_normal,Ke2b440815c0955b63354c736aa0448f12c34e6dc8801a54a366637c65d2a9f97,2,complete,0.0,0,0,0,0,4189966a-86c1-46f9-bed7-8178eb47ff5a,2026-10-02T10:12:36.317505+00:00,True
threshold_06_035,threshold,threshold_06,6,35,0.0,面向不平衡数据集的机器学习算法对信贷风险的研究_游云贝.pdf,P0007,live_normal,Ka4e77858d93473b94e5c290ea3c4c6c76112c2ec361f563e9d698f5742d66934,2,complete,0.0,0,0,0,0,644b16d9-70e1-4b8b-af97-b6d30105d243,2026-10-02T10:12:36.923385+00:00,True
threshold_06_036,threshold,threshold_06,6,36,0.0,基于文本挖掘和机器学习算法的股票投资研究_陆航航.pdf,P0001,live_normal,K6d8d34adab041a2b58aee771ff805fb059acd0ec53cfcdd55d53d4b875316a04,2,complete,0.0,0,0,0,0,10c099e7-f906-4dc4-a92b-1dddd795af52,2026-10-02T10:12:37.831518+00:00,True
threshold_06_037,threshold,threshold_06,6,37,0.0,基于文本挖掘和机器学习算法的股票投资研究_陆航航.pdf,P0001,live_normal,K6d8d34adab041a2b58aee771ff805fb059acd0ec53cfcdd55d53d4b875316a04,2,complete,0.0,0,0,0,0,dd5a9db1-dbea-4dc9-9257-2cb9c1e8f8ae,2026-10-02T10:12:38.407396+00:00,True
threshold_06_038,threshold,threshold_06,6,38,0.0,基于文本挖掘和机器学习算法的股票投资研究_陆航航.pdf,P0001,live_normal,K6d8d34adab041a2b58aee771ff805fb059acd0ec53cfcdd55d53d4b875316a04,2,complete,0.0,0,0,0,0,6405e22f-162d-4396-837f-7e18b86afcd6,2026-10-02T10:12:39.109185+00:00,True
threshold_06_039,threshold,threshold_06,6,39,0.0,面向不平衡数据集的机器学习算法对信贷风险的研究_游云贝.pdf,P0007,live_normal,Ka4e77858d93473b94e5c290ea3c4c6c76112c2ec361f563e9d698f5742d66934,2,complete,0.0,0,0,0,0,343fc268-d5e9-4cab-b2f0-fe9966da611a,2026-10-02T10:12:40.141084+00:00,True
threshold_06_040,threshold,threshold_06,6,40,0.0,面向不平衡数据集的机器学习算法对信贷风险的研究_游云贝.pdf,P0007,live_normal,Ka4e77858d93473b94e5c290ea3c4c6c76112c2ec361f563e9d698f5742d66934,2,complete,0.0,0,0,0,0,ca12fa7b-4a1e-4806-bee7-85f13a72e4d9,2026-10-02T10:12:40.815670+00:00,True
threshold_07_001,threshold,threshold_07,7,1,0.0,面向不平衡数据集的机器学习算法对信贷风险的研究_游云贝.pdf,P0007,live_normal,Ka4e77858d93473b94e5c290ea3c4c6c76112c2ec361f563e9d698f5742d66934,2,complete,0.0,0,0,0,0,6660fd65-cf59-4296-96b3-9caf1856d2dd,2026-10-02T10:12:02.884799+00:00,True
threshold_07_002,threshold,threshold_07,7,2,0.0,基于机器学习的实证资产定价研究_马甜.pdf,P0017,live_normal,Ke2b440815c0955b63354c736aa0448f12c34e6dc8801a54a366637c65d2a9f97,2,complete,0.0,0,0,0,0,8d22714e-5a84-46a5-a699-ae54db1e3b6e,2026-10-02T10:12:03.609871+00:00,True
threshold_07_003,threshold,threshold_07,7,3,0.0,基于文本挖掘和机器学习算法的股票投资研究_陆航航.pdf,P0001,live_normal,K6d8d34adab041a2b58aee771ff805fb059acd0ec53cfcdd55d53d4b875316a04,2,complete,0.0,0,0,0,0,539e8bc0-f421-4461-b147-5f55b19579de,2026-10-02T10:12:04.343785+00:00,True
threshold_07_004,threshold,threshold_07,7,4,0.0,基于文本挖掘和机器学习算法的股票投资研究_陆航航.pdf,P0001,live_normal,K6d8d34adab041a2b58aee771ff805fb059acd0ec53cfcdd55d53d4b875316a04,2,complete,0.0,0,0,0,0,60c21216-46a6-4320-b4a9-855e1272e62d,2026-10-02T10:12:05.292099+00:00,True
threshold_07_005,threshold,threshold_07,7,5,0.0,面向不平衡数据集的机器学习算法对信贷风险的研究_游云贝.pdf,P0007,live_normal,Ka4e77858d93473b94e5c290ea3c4c6c76112c2ec361f563e9d698f5742d66934,2,complete,0.0,0,0,0,0,9da5381b-5574-411d-b0a6-c68eb4f65366,2026-10-02T10:12:05.675588+00:00,True
threshold_07_006,threshold,threshold_07,7,6,0.0,基于文本挖掘和机器学习算法的股票投资研究_陆航航.pdf,P0001,live_normal,K6d8d34adab041a2b58aee771ff805fb059acd0ec53cfcdd55d53d4b875316a04,2,complete,0.0,0,0,0,0,f166ffd5-304d-4da4-bc39-d68f12f89ef2,2026-10-02T10:12:06.253799+00:00,True
threshold_07_007,threshold,threshold_07,7,7,0.0,基于机器学习算法的P2P网络借贷信用评级产品设计_路杨宁.pdf,P0003,live_normal,K62edc95d04e6e9efb277503668bd94de7558d0ea3a85a6c77494253476a1a642,2,complete,0.0,0,0,0,0,ba977ae0-e6ac-4bf2-9eea-24234df5305f,2026-10-02T10:12:07.029190+00:00,True
threshold_07_008,threshold,threshold_07,7,8,0.0,基于机器学习算法的P2P网络借贷信用评级产品设计_路杨宁.pdf,P0003,live_normal,K62edc95d04e6e9efb277503668bd94de7558d0ea3a85a6c77494253476a1a642,2,complete,0.0,0,0,0,0,bcd28d9f-41ff-43c3-8c31-82feb86f7d63,2026-10-02T10:12:07.975755+00:00,True
threshold_07_009,threshold,threshold_07,7,9,0.0,面向不平衡数据集的机器学习算法对信贷风险的研究_游云贝.pdf,P0007,live_normal,Ka4e77858d93473b94e5c290ea3c4c6c76112c2ec361f563e9d698f5742d66934,2,complete,0.0,0,0,0,0,d1408e58-c466-45fa-8369-7ae7a99f8871,2026-10-02T10:12:08.582358+00:00,True
threshold_07_010,threshold,threshold_07,7,10,0.0,面向不平衡数据集的机器学习算法对信贷风险的研究_游云贝.pdf,P0007,live_normal,Ka4e77858d93473b94e5c290ea3c4c6c76112c2ec361f563e9d698f5742d66934,2,complete,0.0,0,0,0,0,8f6a0245-3e92-4496-90c9-64e73f2b6794,2026-10-02T10:12:09.145066+00:00,True
threshold_07_011,threshold,threshold_07,7,11,0.0,基于机器学习的实证资产定价研究_马甜.pdf,P0017,live_normal,Ke2b440815c0955b63354c736aa0448f12c34e6dc8801a54a366637c65d2a9f97,2,complete,0.0,0,0,0,0,4d2e7351-01dd-4490-b9f2-90ac7547e694,2026-10-02T10:12:09.871150+00:00,True
threshold_07_012,threshold,threshold_07,7,12,0.0,面向不平衡数据集的机器学习算法对信贷风险的研究_游云贝.pdf,P0007,live_normal,Ka4e77858d93473b94e5c290ea3c4c6c76112c2ec361f563e9d698f5742d66934,2,complete,0.0,0,0,0,0,6abced98-b280-4747-b549-56d688b305bb,2026-10-02T10:12:10.870716+00:00,True
threshold_07_013,threshold,threshold_07,7,13,0.0,面向不平衡数据集的机器学习算法对信贷风险的研究_游云贝.pdf,P0007,live_normal,Ka4e77858d93473b94e5c290ea3c4c6c76112c2ec361f563e9d698f5742d66934,2,complete,0.0,0,0,0,0,e4fe0111-8b72-48b8-aef0-43ec856a8913,2026-10-02T10:12:11.768667+00:00,True
threshold_07_014,threshold,threshold_07,7,14,0.0,基于机器学习算法的P2P网络借贷信用评级产品设计_路杨宁.pdf,P0003,live_normal,K62edc95d04e6e9efb277503668bd94de7558d0ea3a85a6c77494253476a1a642,2,complete,0.0,0,0,0,0,1501fb40-a24d-44e0-a5c7-60efd3a29604,2026-10-02T10:12:12.560735+00:00,True
threshold_07_015,threshold,threshold_07,7,15,0.0,基于机器学习算法的P2P网络借贷信用评级产品设计_路杨宁.pdf,P0003,live_normal,K62edc95d04e6e9efb277503668bd94de7558d0ea3a85a6c77494253476a1a642,2,complete,0.0,0,0,0,0,61b5c86a-bfb5-4375-ad12-7312284eda23,2026-10-02T10:12:12.987246+00:00,True
threshold_07_016,threshold,threshold_07,7,16,0.0,基于机器学习算法的P2P网络借贷信用评级产品设计_路杨宁.pdf,P0003,live_normal,K62edc95d04e6e9efb277503668bd94de7558d0ea3a85a6c77494253476a1a642,2,complete,0.0,0,0,0,0,4bbbafbb-6ef6-46d0-8398-ab83879294ef,2026-10-02T10:12:14.014827+00:00,True
threshold_07_017,threshold,threshold_07,7,17,0.0,基于机器学习算法的P2P网络借贷信用评级产品设计_路杨宁.pdf,P0003,live_normal,K62edc95d04e6e9efb277503668bd94de7558d0ea3a85a6c77494253476a1a642,2,complete,0.0,0,0,0,0,fe757eac-a7dc-4178-b9f9-a2f8d1062f9c,2026-10-02T10:12:14.970197+00:00,True
threshold_07_018,threshold,threshold_07,7,18,0.0,基于机器学习的实证资产定价研究_马甜.pdf,P0017,live_normal,Ke2b440815c0955b63354c736aa0448f12c34e6dc8801a54a366637c65d2a9f97,2,complete,0.0,0,0,0,0,3e86cb57-1d2d-4f99-9a36-c322ad7cd196,2026-10-02T10:12:15.660588+00:00,True
threshold_07_019,threshold,threshold_07,7,19,0.0,基于文本挖掘和机器学习算法的股票投资研究_陆航航.pdf,P0001,live_normal,K6d8d34adab041a2b58aee771ff805fb059acd0ec53cfcdd55d53d4b875316a04,2,complete,0.0,0,0,0,0,248b2eed-1819-4131-92fa-220c381bfed2,2026-10-02T10:12:16.374843+00:00,True
threshold_07_020,threshold,threshold_07,7,20,0.0,基于机器学习的实证资产定价研究_马甜.pdf,P0016,live_normal,K0e70f5d16add0573fa9e01167d05436ccb67105a51644a50f430f98b4a599059,2,complete,0.0,0,0,0,0,1e8741d6-8048-45d9-9bbb-55091c6d0b3e,2026-10-02T10:12:17.253746+00:00,True
threshold_07_021,threshold,threshold_07,7,21,0.0,基于机器学习算法的P2P网络借贷信用评级产品设计_路杨宁.pdf,P0003,live_normal,K62edc95d04e6e9efb277503668bd94de7558d0ea3a85a6c77494253476a1a642,2,complete,0.0,0,0,0,0,25a6dab6-9375-4a27-a6e9-56e0b117c960,2026-10-02T10:12:18.100833+00:00,True
threshold_07_022,threshold,threshold_07,7,22,0.0,基于文本挖掘和机器学习算法的股票投资研究_陆航航.pdf,P0001,live_normal,K6d8d34adab041a2b58aee771ff805fb059acd0ec53cfcdd55d53d4b875316a04,2,complete,0.0,0,0,0,0,7be6be61-c821-42af-8a7b-c6553d33f066,2026-10-02T10:12:18.721481+00:00,True
threshold_07_023,threshold,threshold_07,7,23,0.0,基于文本挖掘和机器学习算法的股票投资研究_陆航航.pdf,P0001,live_normal,K6d8d34adab041a2b58aee771ff805fb059acd0ec53cfcdd55d53d4b875316a04,2,complete,0.0,0,0,0,0,74b1ac67-d147-4ea8-8676-9baed07fdaa4,2026-10-02T10:12:19.559112+00:00,True
threshold_07_024,threshold,threshold_07,7,24,0.0,基于机器学习算法的P2P网络借贷信用评级产品设计_路杨宁.pdf,P0003,live_normal,K62edc95d04e6e9efb277503668bd94de7558d0ea3a85a6c77494253476a1a642,2,complete,0.0,0,0,0,0,a927de72-e6f2-4320-86b6-5f5116b5f7cb,2026-10-02T10:12:20.598672+00:00,True
threshold_07_025,threshold,threshold_07,7,25,0.0,基于文本挖掘和机器学习算法的股票投资研究_陆航航.pdf,P0001,live_normal,K6d8d34adab041a2b58aee771ff805fb059acd0ec53cfcdd55d53d4b875316a04,2,complete,0.0,0,0,0,0,1423ffae-3599-4b6d-a7ab-1e021b00afab,2026-10-02T10:12:21.388118+00:00,True
threshold_07_026,threshold,threshold_07,7,26,0.0,面向不平衡数据集的机器学习算法对信贷风险的研究_游云贝.pdf,P0007,live_normal,Ka4e77858d93473b94e5c290ea3c4c6c76112c2ec361f563e9d698f5742d66934,2,complete,0.0,0,0,0,0,24fd2571-a204-421d-890d-62efb6ba781f,2026-10-02T10:12:21.952133+00:00,True
threshold_07_027,threshold,threshold_07,7,27,0.0,基于机器学习的实证资产定价研究_马甜.pdf,P0016,live_normal,K0e70f5d16add0573fa9e01167d05436ccb67105a51644a50f430f98b4a599059,2,complete,0.0,0,0,0,0,2a71da59-a59f-4b36-95bf-5b26f0b7fe0e,2026-10-02T10:12:22.635017+00:00,True
threshold_07_028,threshold,threshold_07,7,28,0.0,基于机器学习的实证资产定价研究_马甜.pdf,P0016,live_normal,K0e70f5d16add0573fa9e01167d05436ccb67105a51644a50f430f98b4a599059,2,complete,0.0,0,0,0,0,934ec452-cf5d-4d16-aa48-6965cab7ddd7,2026-10-02T10:12:23.093261+00:00,True
threshold_07_029,threshold,threshold_07,7,29,0.0,基于机器学习的实证资产定价研究_马甜.pdf,P0016,live_normal,K0e70f5d16add0573fa9e01167d05436ccb67105a51644a50f430f98b4a599059,2,complete,0.0,0,0,0,0,deffac7a-d8a0-4b52-bc63-0332d4e44e3b,2026-10-02T10:12:24.002928+00:00,True
threshold_07_030,threshold,threshold_07,7,30,0.0,基于文本挖掘和机器学习算法的股票投资研究_陆航航.pdf,P0001,live_normal,K6d8d34adab041a2b58aee771ff805fb059acd0ec53cfcdd55d53d4b875316a04,2,complete,0.0,0,0,0,0,9b552fef-d7b5-4140-b5cf-c4a9447c785d,2026-10-02T10:12:24.851306+00:00,True
threshold_07_031,threshold,threshold_07,7,31,0.0,基于机器学习的实证资产定价研究_马甜.pdf,P0017,live_normal,Ke2b440815c0955b63354c736aa0448f12c34e6dc8801a54a366637c65d2a9f97,2,complete,0.0,0,0,0,0,2bc648a4-290f-4b4f-b626-cd283cc4b049,2026-10-02T10:12:25.711614+00:00,True
threshold_07_032,threshold,threshold_07,7,32,0.0,基于机器学习的实证资产定价研究_马甜.pdf,P0016,live_normal,Ke3d56c86795a752b66e9016fc085e8bb25b3dbfcba1a281d13b042169943a309,2,complete,0.0,0,0,0,0,a1bd0789-14f1-43d7-9ff0-30efcf6ed05d,2026-10-02T10:12:26.098551+00:00,True
threshold_07_033,threshold,threshold_07,7,33,0.0,基于机器学习算法的P2P网络借贷信用评级产品设计_路杨宁.pdf,P0003,live_normal,K62edc95d04e6e9efb277503668bd94de7558d0ea3a85a6c77494253476a1a642,2,complete,0.0,0,0,0,0,ddaa7897-b383-4b8a-9fd0-84017c357584,2026-10-02T10:12:27.219518+00:00,True
threshold_07_034,threshold,threshold_07,7,34,0.0,基于机器学习的实证资产定价研究_马甜.pdf,P0016,live_normal,K0e70f5d16add0573fa9e01167d05436ccb67105a51644a50f430f98b4a599059,2,complete,0.0,0,0,0,0,4573cfc4-1237-4c90-89d2-c7a20fc34707,2026-10-02T10:12:27.872239+00:00,True
threshold_07_035,threshold,threshold_07,7,35,0.0,基于机器学习的实证资产定价研究_马甜.pdf,P0016,live_normal,K0e70f5d16add0573fa9e01167d05436ccb67105a51644a50f430f98b4a599059,2,complete,0.0,0,0,0,0,a4a27e9b-7f33-4e1c-8403-b3629fce7f19,2026-10-02T10:12:28.430429+00:00,True
threshold_07_036,threshold,threshold_07,7,36,0.0,基于机器学习算法的P2P网络借贷信用评级产品设计_路杨宁.pdf,P0003,live_normal,K62edc95d04e6e9efb277503668bd94de7558d0ea3a85a6c77494253476a1a642,2,complete,0.0,0,0,0,0,4b107330-5cc7-40a8-9603-3138d09e2110,2026-10-02T10:12:29.218865+00:00,True
threshold_07_037,threshold,threshold_07,7,37,0.0,面向不平衡数据集的机器学习算法对信贷风险的研究_游云贝.pdf,P0007,live_normal,Ka4e77858d93473b94e5c290ea3c4c6c76112c2ec361f563e9d698f5742d66934,2,complete,0.0,0,0,0,0,130fa9dc-48ac-4ee7-8a7f-d5e5cc6022c7,2026-10-02T10:12:29.893228+00:00,True
threshold_07_038,threshold,threshold_07,7,38,0.0,面向不平衡数据集的机器学习算法对信贷风险的研究_游云贝.pdf,P0007,live_normal,Ka4e77858d93473b94e5c290ea3c4c6c76112c2ec361f563e9d698f5742d66934,2,complete,0.0,0,0,0,0,297b5a3b-7e01-42d6-b8c1-66c6ded4440c,2026-10-02T10:12:30.494191+00:00,True
threshold_07_039,threshold,threshold_07,7,39,0.0,基于文本挖掘和机器学习算法的股票投资研究_陆航航.pdf,P0001,live_normal,K6d8d34adab041a2b58aee771ff805fb059acd0ec53cfcdd55d53d4b875316a04,2,complete,0.0,0,0,0,0,dc0c4792-a244-4d93-ade2-e09425dbe2f2,2026-10-02T10:12:30.975969+00:00,True
threshold_07_040,threshold,threshold_07,7,40,0.0,基于文本挖掘和机器学习算法的股票投资研究_陆航航.pdf,P0001,live_normal,K6d8d34adab041a2b58aee771ff805fb059acd0ec53cfcdd55d53d4b875316a04,2,complete,0.0,0,0,0,0,8aef5836-8451-4758-bae9-e50ecf9553de,2026-10-02T10:12:31.895604+00:00,True
threshold_08_001,threshold,threshold_08,8,1,0.0,基于文本挖掘和机器学习算法的股票投资研究_陆航航.pdf,P0001,live_normal,K6d8d34adab041a2b58aee771ff805fb059acd0ec53cfcdd55d53d4b875316a04,2,complete,0.0,0,0,0,0,dc78f2f7-db51-4cac-abf1-a6c221838c67,2026-10-02T10:11:04.883134+00:00,True
threshold_08_002,threshold,threshold_08,8,2,0.0,面向不平衡数据集的机器学习算法对信贷风险的研究_游云贝.pdf,P0007,live_normal,Ka4e77858d93473b94e5c290ea3c4c6c76112c2ec361f563e9d698f5742d66934,2,complete,0.0,0,0,0,0,bf1f26cf-939b-4ce9-ab31-066fb57a16b1,2026-10-02T10:11:05.768349+00:00,True
threshold_08_003,threshold,threshold_08,8,3,0.0,基于机器学习的实证资产定价研究_马甜.pdf,P0017,live_normal,Ke2b440815c0955b63354c736aa0448f12c34e6dc8801a54a366637c65d2a9f97,2,complete,0.0,0,0,0,0,299d3739-f1b6-4629-b89a-9f3f22180626,2026-10-02T10:11:06.446434+00:00,True
threshold_08_004,threshold,threshold_08,8,4,0.0,基于机器学习的实证资产定价研究_马甜.pdf,P0016,live_normal,K0e70f5d16add0573fa9e01167d05436ccb67105a51644a50f430f98b4a599059,2,complete,0.0,0,0,0,0,0264939a-71b6-4f3c-81c2-fc51996bb3d1,2026-10-02T10:11:07.339599+00:00,True
threshold_08_005,threshold,threshold_08,8,5,0.0,基于机器学习的实证资产定价研究_马甜.pdf,P0016,live_normal,K0e70f5d16add0573fa9e01167d05436ccb67105a51644a50f430f98b4a599059,2,complete,0.0,0,0,0,0,d2b38c01-e2df-4036-94fc-e627ce9c14f2,2026-10-02T10:11:07.952295+00:00,True
threshold_08_006,threshold,threshold_08,8,6,0.0,基于机器学习的实证资产定价研究_马甜.pdf,P0016,live_normal,K0e70f5d16add0573fa9e01167d05436ccb67105a51644a50f430f98b4a599059,2,complete,0.0,0,0,0,0,04fc9db7-42a4-40f0-b475-c21f9846707e,2026-10-02T10:11:08.833874+00:00,True
threshold_08_007,threshold,threshold_08,8,7,0.0,面向不平衡数据集的机器学习算法对信贷风险的研究_游云贝.pdf,P0007,live_normal,Ka4e77858d93473b94e5c290ea3c4c6c76112c2ec361f563e9d698f5742d66934,2,complete,0.0,0,0,0,0,a291928e-ae47-4c2b-9032-56019cdafeac,2026-10-02T10:11:09.526241+00:00,True
threshold_08_008,threshold,threshold_08,8,8,0.0,基于机器学习算法的P2P网络借贷信用评级产品设计_路杨宁.pdf,P0003,live_normal,K62edc95d04e6e9efb277503668bd94de7558d0ea3a85a6c77494253476a1a642,2,complete,0.0,0,0,0,0,bb3ca4a8-44ab-4b94-a45b-b4e7549e33ca,2026-10-02T10:11:10.144126+00:00,True
threshold_08_009,threshold,threshold_08,8,9,0.0,基于机器学习算法的P2P网络借贷信用评级产品设计_路杨宁.pdf,P0003,live_normal,K62edc95d04e6e9efb277503668bd94de7558d0ea3a85a6c77494253476a1a642,2,complete,0.0,0,0,0,0,6b00c09d-7607-48e7-a99d-9b1e0d762db3,2026-10-02T10:11:11.116102+00:00,True
threshold_08_010,threshold,threshold_08,8,10,0.0,基于机器学习算法的P2P网络借贷信用评级产品设计_路杨宁.pdf,P0003,live_normal,K62edc95d04e6e9efb277503668bd94de7558d0ea3a85a6c77494253476a1a642,2,complete,0.0,0,0,0,0,5189ca03-12eb-49ab-a791-ec3ba67e088c,2026-10-02T10:11:11.794277+00:00,True
threshold_08_011,threshold,threshold_08,8,11,0.0,基于机器学习算法的P2P网络借贷信用评级产品设计_路杨宁.pdf,P0003,live_normal,K62edc95d04e6e9efb277503668bd94de7558d0ea3a85a6c77494253476a1a642,2,complete,0.0,0,0,0,0,5dd6dad9-9dfa-4ba3-b8ff-12c1a0794140,2026-10-02T10:11:12.458288+00:00,True
threshold_08_012,threshold,threshold_08,8,12,0.0,面向不平衡数据集的机器学习算法对信贷风险的研究_游云贝.pdf,P0007,live_normal,Ka4e77858d93473b94e5c290ea3c4c6c76112c2ec361f563e9d698f5742d66934,2,complete,0.0,0,0,0,0,6d64df07-b9c6-47ad-bcaf-21a16aef2f70,2026-10-02T10:11:13.151145+00:00,True
threshold_08_013,threshold,threshold_08,8,13,0.0,基于机器学习算法的P2P网络借贷信用评级产品设计_路杨宁.pdf,P0003,live_normal,K62edc95d04e6e9efb277503668bd94de7558d0ea3a85a6c77494253476a1a642,2,complete,0.0,0,0,0,0,313542d8-1638-4d61-9617-4f176608ad31,2026-10-02T10:11:13.557194+00:00,True
threshold_08_014,threshold,threshold_08,8,14,0.0,基于文本挖掘和机器学习算法的股票投资研究_陆航航.pdf,P0001,live_normal,K6d8d34adab041a2b58aee771ff805fb059acd0ec53cfcdd55d53d4b875316a04,2,complete,0.0,0,0,0,0,c2a75a99-7eb6-47ee-a6ad-b97f59c2a952,2026-10-02T10:11:14.254997+00:00,True
threshold_08_015,threshold,threshold_08,8,15,0.0,基于机器学习的实证资产定价研究_马甜.pdf,P0016,live_normal,Ke3d56c86795a752b66e9016fc085e8bb25b3dbfcba1a281d13b042169943a309,2,complete,0.0,0,0,0,0,d621cc01-9753-49e7-ab6d-b36c6b4d6f71,2026-10-02T10:11:22.861771+00:00,False
threshold_08_016,threshold,threshold_08,8,16,0.0,基于机器学习的实证资产定价研究_马甜.pdf,P0017,live_normal,Ke2b440815c0955b63354c736aa0448f12c34e6dc8801a54a366637c65d2a9f97,2,complete,0.0,0,0,0,0,12d2d359-ca55-4ce4-9c93-7d50e15c6cf5,2026-10-02T10:11:23.738486+00:00,True
threshold_08_017,threshold,threshold_08,8,17,0.0,基于机器学习的实证资产定价研究_马甜.pdf,P0017,live_normal,Ke2b440815c0955b63354c736aa0448f12c34e6dc8801a54a366637c65d2a9f97,2,complete,0.0,0,0,0,0,855b8507-b355-4012-a659-b8d63b598b3a,2026-10-02T10:11:24.708797+00:00,True
threshold_08_018,threshold,threshold_08,8,18,0.0,基于机器学习的实证资产定价研究_马甜.pdf,P0016,live_normal,K0e70f5d16add0573fa9e01167d05436ccb67105a51644a50f430f98b4a599059,2,complete,0.0,0,0,0,0,b35db5a8-204d-4deb-8670-d27d46be5383,2026-10-02T10:11:25.522625+00:00,True
threshold_08_019,threshold,threshold_08,8,19,0.0,面向不平衡数据集的机器学习算法对信贷风险的研究_游云贝.pdf,P0007,live_normal,Ka4e77858d93473b94e5c290ea3c4c6c76112c2ec361f563e9d698f5742d66934,2,complete,0.0,0,0,0,0,3cf3dd10-7cb7-4675-bbec-60e24c1f5398,2026-10-02T10:11:26.168285+00:00,True
threshold_08_020,threshold,threshold_08,8,20,0.0,基于文本挖掘和机器学习算法的股票投资研究_陆航航.pdf,P0001,live_normal,K6d8d34adab041a2b58aee771ff805fb059acd0ec53cfcdd55d53d4b875316a04,2,complete,0.0,0,0,0,0,6315b438-c84c-444b-b68e-1abe3d143abf,2026-10-02T10:11:26.910408+00:00,True
threshold_08_021,threshold,threshold_08,8,21,0.0,面向不平衡数据集的机器学习算法对信贷风险的研究_游云贝.pdf,P0007,live_normal,Ka4e77858d93473b94e5c290ea3c4c6c76112c2ec361f563e9d698f5742d66934,2,complete,0.0,0,0,0,0,e2b221bc-d44a-4db8-9415-7f970cfeafb6,2026-10-02T10:11:27.642097+00:00,True
threshold_08_022,threshold,threshold_08,8,22,0.0,基于文本挖掘和机器学习算法的股票投资研究_陆航航.pdf,P0001,live_normal,K6d8d34adab041a2b58aee771ff805fb059acd0ec53cfcdd55d53d4b875316a04,2,complete,0.0,0,0,0,0,4a7fb0ef-134b-40a2-8322-63042b46a465,2026-10-02T10:11:28.362420+00:00,True
threshold_08_023,threshold,threshold_08,8,23,0.0,基于机器学习的实证资产定价研究_马甜.pdf,P0016,live_normal,K0e70f5d16add0573fa9e01167d05436ccb67105a51644a50f430f98b4a599059,2,complete,0.0,0,0,0,0,55295a4d-b7a4-4a63-b24d-ea97021f2cb3,2026-10-02T10:11:28.761926+00:00,True
threshold_08_024,threshold,threshold_08,8,24,0.0,面向不平衡数据集的机器学习算法对信贷风险的研究_游云贝.pdf,P0007,live_normal,Ka4e77858d93473b94e5c290ea3c4c6c76112c2ec361f563e9d698f5742d66934,2,complete,0.0,0,0,0,0,c4e21074-22ac-4c3f-9028-12adc02035c2,2026-10-02T10:11:29.307767+00:00,True
threshold_08_025,threshold,threshold_08,8,25,0.0,面向不平衡数据集的机器学习算法对信贷风险的研究_游云贝.pdf,P0007,live_normal,Ka4e77858d93473b94e5c290ea3c4c6c76112c2ec361f563e9d698f5742d66934,2,complete,0.0,0,0,0,0,f04e7a5a-7743-4ad6-981b-134beb27ac78,2026-10-02T10:11:30.072243+00:00,True
threshold_08_026,threshold,threshold_08,8,26,0.0,基于文本挖掘和机器学习算法的股票投资研究_陆航航.pdf,P0001,live_normal,K6d8d34adab041a2b58aee771ff805fb059acd0ec53cfcdd55d53d4b875316a04,2,complete,0.0,0,0,0,0,d58e34aa-6d94-4376-b200-f4105187d54e,2026-10-02T10:11:30.568763+00:00,True
threshold_08_027,threshold,threshold_08,8,27,0.0,基于文本挖掘和机器学习算法的股票投资研究_陆航航.pdf,P0001,live_normal,K6d8d34adab041a2b58aee771ff805fb059acd0ec53cfcdd55d53d4b875316a04,2,complete,0.0,0,0,0,0,995a9ccc-c257-4049-9c2b-ebd65b756060,2026-10-02T10:11:31.487884+00:00,True
threshold_08_028,threshold,threshold_08,8,28,0.0,基于文本挖掘和机器学习算法的股票投资研究_陆航航.pdf,P0001,live_normal,K6d8d34adab041a2b58aee771ff805fb059acd0ec53cfcdd55d53d4b875316a04,2,complete,0.0,0,0,0,0,43a24586-5212-45b4-a395-fbfb880dd5f2,2026-10-02T10:11:32.608629+00:00,True
threshold_08_029,threshold,threshold_08,8,29,0.0,基于机器学习的实证资产定价研究_马甜.pdf,P0017,live_normal,Ke2b440815c0955b63354c736aa0448f12c34e6dc8801a54a366637c65d2a9f97,2,complete,0.0,0,0,0,0,f0e2bdbb-75df-40f5-8c52-8a21922cd700,2026-10-02T10:11:33.326625+00:00,True
threshold_08_030,threshold,threshold_08,8,30,0.0,面向不平衡数据集的机器学习算法对信贷风险的研究_游云贝.pdf,P0007,live_normal,Ka4e77858d93473b94e5c290ea3c4c6c76112c2ec361f563e9d698f5742d66934,2,complete,0.0,0,0,0,0,42e478a7-cbb2-4612-8552-79c1e1548ea3,2026-10-02T10:11:34.179601+00:00,True
threshold_08_031,threshold,threshold_08,8,31,0.0,基于机器学习算法的P2P网络借贷信用评级产品设计_路杨宁.pdf,P0003,live_normal,K62edc95d04e6e9efb277503668bd94de7558d0ea3a85a6c77494253476a1a642,2,complete,0.0,0,0,0,0,c2a9258e-e462-4d0e-a103-1a5713b36325,2026-10-02T10:11:34.921971+00:00,True
threshold_08_032,threshold,threshold_08,8,32,0.0,面向不平衡数据集的机器学习算法对信贷风险的研究_游云贝.pdf,P0007,live_normal,Ka4e77858d93473b94e5c290ea3c4c6c76112c2ec361f563e9d698f5742d66934,2,complete,0.0,0,0,0,0,299fe0d0-67ec-4691-8b04-13b4c15ea3ef,2026-10-02T10:11:35.642576+00:00,True
threshold_08_033,threshold,threshold_08,8,33,0.0,基于文本挖掘和机器学习算法的股票投资研究_陆航航.pdf,P0001,live_normal,K6d8d34adab041a2b58aee771ff805fb059acd0ec53cfcdd55d53d4b875316a04,2,complete,0.0,0,0,0,0,1d1db423-3181-4460-a65d-5e62cb088508,2026-10-02T10:11:36.063240+00:00,True
threshold_08_034,threshold,threshold_08,8,34,0.0,基于文本挖掘和机器学习算法的股票投资研究_陆航航.pdf,P0001,live_normal,K6d8d34adab041a2b58aee771ff805fb059acd0ec53cfcdd55d53d4b875316a04,2,complete,0.0,0,0,0,0,0aea6ac0-6746-4241-b4eb-418ee7354f11,2026-10-02T10:11:36.738928+00:00,True
threshold_08_035,threshold,threshold_08,8,35,0.0,基于文本挖掘和机器学习算法的股票投资研究_陆航航.pdf,P0001,live_normal,K6d8d34adab041a2b58aee771ff805fb059acd0ec53cfcdd55d53d4b875316a04,2,complete,0.0,0,0,0,0,badd7d8e-9629-4631-b88c-673cbbaada5a,2026-10-02T10:11:37.339263+00:00,True
threshold_08_036,threshold,threshold_08,8,36,0.0,基于文本挖掘和机器学习算法的股票投资研究_陆航航.pdf,P0001,live_normal,K6d8d34adab041a2b58aee771ff805fb059acd0ec53cfcdd55d53d4b875316a04,2,complete,0.0,0,0,0,0,12a971a4-a510-4dfb-91ee-97d7a1da8c22,2026-10-02T10:11:38.237011+00:00,True
threshold_08_037,threshold,threshold_08,8,37,0.0,面向不平衡数据集的机器学习算法对信贷风险的研究_游云贝.pdf,P0007,live_normal,Ka4e77858d93473b94e5c290ea3c4c6c76112c2ec361f563e9d698f5742d66934,2,complete,0.0,0,0,0,0,346b1e89-4fa6-4782-bdb0-755abe4c1876,2026-10-02T10:11:38.650850+00:00,True
threshold_08_038,threshold,threshold_08,8,38,0.0,面向不平衡数据集的机器学习算法对信贷风险的研究_游云贝.pdf,P0007,live_normal,Ka4e77858d93473b94e5c290ea3c4c6c76112c2ec361f563e9d698f5742d66934,2,complete,0.0,0,0,0,0,5cdfeb4e-66e1-4398-9618-550aa76fb39d,2026-10-02T10:11:39.458371+00:00,True
threshold_08_039,threshold,threshold_08,8,39,0.0,基于机器学习的实证资产定价研究_马甜.pdf,P0017,live_normal,Ke2b440815c0955b63354c736aa0448f12c34e6dc8801a54a366637c65d2a9f97,2,complete,0.0,0,0,0,0,980a2dcf-eceb-4953-96b4-0bc142b2fcc9,2026-10-02T10:11:40.374442+00:00,True
threshold_08_040,threshold,threshold_08,8,40,0.0,面向不平衡数据集的机器学习算法对信贷风险的研究_游云贝.pdf,P0007,live_normal,Ka4e77858d93473b94e5c290ea3c4c6c76112c2ec361f563e9d698f5742d66934,2,complete,0.0,0,0,0,0,d0e5905a-8924-4eb7-ab40-1c01aa1f02ab,2026-10-02T10:11:41.292990+00:00,True
threshold_09_001,threshold,threshold_09,9,1,0.0,面向不平衡数据集的机器学习算法对信贷风险的研究_游云贝.pdf,P0007,live_normal,Ka4e77858d93473b94e5c290ea3c4c6c76112c2ec361f563e9d698f5742d66934,2,complete,0.0,0,0,0,0,8bffc574-7347-4b2e-abc7-e798742da5da,2026-10-02T10:11:40.190963+00:00,True
threshold_09_002,threshold,threshold_09,9,2,0.0,基于机器学习算法的P2P网络借贷信用评级产品设计_路杨宁.pdf,P0003,live_normal,K62edc95d04e6e9efb277503668bd94de7558d0ea3a85a6c77494253476a1a642,2,complete,0.0,0,0,0,0,6ae14444-a2ee-41c9-91bf-ae5c1ebf77f8,2026-10-02T10:11:41.109552+00:00,True
threshold_09_003,threshold,threshold_09,9,3,0.0,基于文本挖掘和机器学习算法的股票投资研究_陆航航.pdf,P0001,live_normal,K6d8d34adab041a2b58aee771ff805fb059acd0ec53cfcdd55d53d4b875316a04,2,complete,0.0,0,0,0,0,d6ace42e-eb73-43ee-955e-638cfa8b3d9c,2026-10-02T10:11:41.814485+00:00,True
threshold_09_004,threshold,threshold_09,9,4,0.0,基于文本挖掘和机器学习算法的股票投资研究_陆航航.pdf,P0001,live_normal,K6d8d34adab041a2b58aee771ff805fb059acd0ec53cfcdd55d53d4b875316a04,2,complete,0.0,0,0,0,0,12153e3f-e38d-4780-8083-eeae4961301b,2026-10-02T10:11:42.583023+00:00,True
threshold_09_005,threshold,threshold_09,9,5,0.0,基于机器学习算法的P2P网络借贷信用评级产品设计_路杨宁.pdf,P0003,live_normal,K62edc95d04e6e9efb277503668bd94de7558d0ea3a85a6c77494253476a1a642,2,complete,0.0,0,0,0,0,4d6e0940-9c4d-470d-ac4a-30b2087f58e0,2026-10-02T10:11:43.498844+00:00,True
threshold_09_006,threshold,threshold_09,9,6,0.0,基于机器学习的实证资产定价研究_马甜.pdf,P0016,live_normal,K0e70f5d16add0573fa9e01167d05436ccb67105a51644a50f430f98b4a599059,2,complete,0.0,0,0,0,0,a3f93013-1473-4586-a504-28ee6047f915,2026-10-02T10:11:44.133010+00:00,True
threshold_09_007,threshold,threshold_09,9,7,0.0,基于机器学习算法的P2P网络借贷信用评级产品设计_路杨宁.pdf,P0003,live_normal,K62edc95d04e6e9efb277503668bd94de7558d0ea3a85a6c77494253476a1a642,2,complete,0.0,0,0,0,0,f30ee8ea-03c7-419b-aacd-c404ccade7f8,2026-10-02T10:11:44.770270+00:00,True
threshold_09_008,threshold,threshold_09,9,8,0.0,面向不平衡数据集的机器学习算法对信贷风险的研究_游云贝.pdf,P0007,live_normal,Ka4e77858d93473b94e5c290ea3c4c6c76112c2ec361f563e9d698f5742d66934,2,complete,0.0,0,0,0,0,17c9b34e-3ecd-4cf0-8a50-02e481d9cf19,2026-10-02T10:11:45.356594+00:00,True
threshold_09_009,threshold,threshold_09,9,9,0.0,面向不平衡数据集的机器学习算法对信贷风险的研究_游云贝.pdf,P0007,live_normal,Ka4e77858d93473b94e5c290ea3c4c6c76112c2ec361f563e9d698f5742d66934,2,complete,0.0,0,0,0,0,a3e7670f-fb90-4224-b900-3648fe3a8f0e,2026-10-02T10:11:46.063546+00:00,True
threshold_09_010,threshold,threshold_09,9,10,0.0,面向不平衡数据集的机器学习算法对信贷风险的研究_游云贝.pdf,P0007,live_normal,Ka4e77858d93473b94e5c290ea3c4c6c76112c2ec361f563e9d698f5742d66934,2,complete,0.0,0,0,0,0,4b8f0f4e-a84f-4547-9349-04938e1027a9,2026-10-02T10:11:46.736909+00:00,True
threshold_09_011,threshold,threshold_09,9,11,0.0,基于机器学习算法的P2P网络借贷信用评级产品设计_路杨宁.pdf,P0003,live_normal,K62edc95d04e6e9efb277503668bd94de7558d0ea3a85a6c77494253476a1a642,2,complete,0.0,0,0,0,0,74e32461-fd2d-4806-9cfa-908acaacc33e,2026-10-02T10:11:47.545846+00:00,True
threshold_09_012,threshold,threshold_09,9,12,0.0,基于机器学习的实证资产定价研究_马甜.pdf,P0016,live_normal,K0e70f5d16add0573fa9e01167d05436ccb67105a51644a50f430f98b4a599059,2,complete,0.0,0,0,0,0,b914a45d-a64f-4819-b9c9-4d6bdeeaf2f5,2026-10-02T10:11:48.586492+00:00,True
threshold_09_013,threshold,threshold_09,9,13,0.0,面向不平衡数据集的机器学习算法对信贷风险的研究_游云贝.pdf,P0007,live_normal,Ka4e77858d93473b94e5c290ea3c4c6c76112c2ec361f563e9d698f5742d66934,2,complete,0.0,0,0,0,0,3d85d24a-29f8-49e8-aff7-e7f2f0013c9c,2026-10-02T10:11:49.172890+00:00,True
threshold_09_014,threshold,threshold_09,9,14,0.0,面向不平衡数据集的机器学习算法对信贷风险的研究_游云贝.pdf,P0007,live_normal,Ka4e77858d93473b94e5c290ea3c4c6c76112c2ec361f563e9d698f5742d66934,2,complete,0.0,0,0,0,0,435e50e9-8054-45ad-86d9-f809ca22746b,2026-10-02T10:11:50.065613+00:00,True
threshold_09_015,threshold,threshold_09,9,15,0.0,基于文本挖掘和机器学习算法的股票投资研究_陆航航.pdf,P0001,live_normal,K6d8d34adab041a2b58aee771ff805fb059acd0ec53cfcdd55d53d4b875316a04,2,complete,0.0,0,0,0,0,34fd9e7d-edf2-4dc2-a44e-5792ac4bc19b,2026-10-02T10:11:51.120465+00:00,True
threshold_09_016,threshold,threshold_09,9,16,0.0,基于机器学习算法的P2P网络借贷信用评级产品设计_路杨宁.pdf,P0003,live_normal,K62edc95d04e6e9efb277503668bd94de7558d0ea3a85a6c77494253476a1a642,2,complete,0.0,0,0,0,0,39b03e39-8725-44b1-a7c3-0c1420b56dd8,2026-10-02T10:11:51.857486+00:00,True
threshold_09_017,threshold,threshold_09,9,17,0.0,面向不平衡数据集的机器学习算法对信贷风险的研究_游云贝.pdf,P0007,live_normal,Ka4e77858d93473b94e5c290ea3c4c6c76112c2ec361f563e9d698f5742d66934,2,complete,0.0,0,0,0,0,a4adc119-947f-4247-b532-d9256fb4cc78,2026-10-02T10:11:52.805468+00:00,True
threshold_09_018,threshold,threshold_09,9,18,0.0,基于机器学习算法的P2P网络借贷信用评级产品设计_路杨宁.pdf,P0003,live_normal,K62edc95d04e6e9efb277503668bd94de7558d0ea3a85a6c77494253476a1a642,2,complete,0.0,0,0,0,0,d53f3075-a67b-406c-bbd3-9a1574e2def9,2026-10-02T10:11:53.687715+00:00,True
threshold_09_019,threshold,threshold_09,9,19,0.0,基于机器学习算法的P2P网络借贷信用评级产品设计_路杨宁.pdf,P0003,live_normal,K62edc95d04e6e9efb277503668bd94de7558d0ea3a85a6c77494253476a1a642,2,complete,0.0,0,0,0,0,d12c2bbd-ba0b-4825-8054-bb2484a954d1,2026-10-02T10:11:54.595890+00:00,True
threshold_09_020,threshold,threshold_09,9,20,0.0,基于机器学习的实证资产定价研究_马甜.pdf,P0016,live_normal,K0e70f5d16add0573fa9e01167d05436ccb67105a51644a50f430f98b4a599059,2,complete,0.0,0,0,0,0,3bcc6ba6-3c99-4caa-9e09-317dae47b284,2026-10-02T10:11:55.387154+00:00,True
threshold_09_021,threshold,threshold_09,9,21,0.0,基于文本挖掘和机器学习算法的股票投资研究_陆航航.pdf,P0001,live_normal,K6d8d34adab041a2b58aee771ff805fb059acd0ec53cfcdd55d53d4b875316a04,2,complete,0.0,0,0,0,0,67e788f3-625e-4c4c-b27f-7e1e1e47cbf3,2026-10-02T10:11:55.939078+00:00,True
threshold_09_022,threshold,threshold_09,9,22,0.0,基于文本挖掘和机器学习算法的股票投资研究_陆航航.pdf,P0001,live_normal,K6d8d34adab041a2b58aee771ff805fb059acd0ec53cfcdd55d53d4b875316a04,2,complete,0.0,0,0,0,0,f407f9ef-c19d-4b48-8ae1-b2bae1eb78ed,2026-10-02T10:11:56.550890+00:00,True
threshold_09_023,threshold,threshold_09,9,23,0.0,面向不平衡数据集的机器学习算法对信贷风险的研究_游云贝.pdf,P0007,live_normal,Ka4e77858d93473b94e5c290ea3c4c6c76112c2ec361f563e9d698f5742d66934,2,complete,0.0,0,0,0,0,219e6eca-b405-4ab8-8e2c-13ac74c35f7e,2026-10-02T10:11:57.325484+00:00,True
threshold_09_024,threshold,threshold_09,9,24,0.0,面向不平衡数据集的机器学习算法对信贷风险的研究_游云贝.pdf,P0007,live_normal,Ka4e77858d93473b94e5c290ea3c4c6c76112c2ec361f563e9d698f5742d66934,2,complete,0.0,0,0,0,0,aba12eff-387f-4681-b502-7fc4b0bbf806,2026-10-02T10:11:58.382197+00:00,True
threshold_09_025,threshold,threshold_09,9,25,0.0,基于机器学习算法的P2P网络借贷信用评级产品设计_路杨宁.pdf,P0003,live_normal,K62edc95d04e6e9efb277503668bd94de7558d0ea3a85a6c77494253476a1a642,2,complete,0.0,0,0,0,0,0aba4ddd-ab80-4ad9-b375-63be1e067328,2026-10-02T10:11:59.178866+00:00,True
threshold_09_026,threshold,threshold_09,9,26,0.0,基于机器学习算法的P2P网络借贷信用评级产品设计_路杨宁.pdf,P0003,live_normal,K62edc95d04e6e9efb277503668bd94de7558d0ea3a85a6c77494253476a1a642,2,complete,0.0,0,0,0,0,8b4c0108-919f-43c6-b8d3-94f7da5203cc,2026-10-02T10:11:59.778793+00:00,True
threshold_09_027,threshold,threshold_09,9,27,0.0,面向不平衡数据集的机器学习算法对信贷风险的研究_游云贝.pdf,P0007,live_normal,Ka4e77858d93473b94e5c290ea3c4c6c76112c2ec361f563e9d698f5742d66934,2,complete,0.0,0,0,0,0,c1710336-8d42-44b8-a0b1-02e8b0d16d67,2026-10-02T10:12:00.345438+00:00,True
threshold_09_028,threshold,threshold_09,9,28,0.0,基于机器学习的实证资产定价研究_马甜.pdf,P0017,live_normal,Ke2b440815c0955b63354c736aa0448f12c34e6dc8801a54a366637c65d2a9f97,2,complete,0.0,0,0,0,0,920c147a-6d8e-4188-a91a-f367c59dcd34,2026-10-02T10:12:01.170910+00:00,True
threshold_09_029,threshold,threshold_09,9,29,0.0,基于机器学习算法的P2P网络借贷信用评级产品设计_路杨宁.pdf,P0003,live_normal,K62edc95d04e6e9efb277503668bd94de7558d0ea3a85a6c77494253476a1a642,2,complete,0.0,0,0,0,0,6fd139ac-10d3-4565-82fb-2f43d5fc5e37,2026-10-02T10:12:01.760933+00:00,True
threshold_09_030,threshold,threshold_09,9,30,0.0,基于机器学习算法的P2P网络借贷信用评级产品设计_路杨宁.pdf,P0003,live_normal,K62edc95d04e6e9efb277503668bd94de7558d0ea3a85a6c77494253476a1a642,2,complete,0.0,0,0,0,0,c67ace21-ad06-4f52-9835-79112f09dff2,2026-10-02T10:12:02.572629+00:00,True
threshold_09_031,threshold,threshold_09,9,31,0.0,面向不平衡数据集的机器学习算法对信贷风险的研究_游云贝.pdf,P0007,live_normal,Ka4e77858d93473b94e5c290ea3c4c6c76112c2ec361f563e9d698f5742d66934,2,complete,0.0,0,0,0,0,f117b11b-0e1a-4888-bf9e-36fc8bd6dfc9,2026-10-02T10:12:03.300479+00:00,True
threshold_09_032,threshold,threshold_09,9,32,0.0,基于机器学习算法的P2P网络借贷信用评级产品设计_路杨宁.pdf,P0003,live_normal,K62edc95d04e6e9efb277503668bd94de7558d0ea3a85a6c77494253476a1a642,2,complete,0.0,0,0,0,0,bae0bbda-1546-4129-915c-617fddb212a9,2026-10-02T10:12:03.799046+00:00,True
threshold_09_033,threshold,threshold_09,9,33,0.0,基于机器学习算法的P2P网络借贷信用评级产品设计_路杨宁.pdf,P0003,live_normal,K62edc95d04e6e9efb277503668bd94de7558d0ea3a85a6c77494253476a1a642,2,complete,0.0,0,0,0,0,194d3da8-292e-4e01-8588-f05ac7b7d785,2026-10-02T10:12:04.613969+00:00,True
threshold_09_034,threshold,threshold_09,9,34,0.0,基于机器学习算法的P2P网络借贷信用评级产品设计_路杨宁.pdf,P0003,live_normal,K62edc95d04e6e9efb277503668bd94de7558d0ea3a85a6c77494253476a1a642,2,complete,0.0,0,0,0,0,51116e63-825e-4d8c-b33e-e988ecd882d1,2026-10-02T10:12:05.247751+00:00,True
threshold_09_035,threshold,threshold_09,9,35,0.0,基于机器学习算法的P2P网络借贷信用评级产品设计_路杨宁.pdf,P0003,live_normal,K62edc95d04e6e9efb277503668bd94de7558d0ea3a85a6c77494253476a1a642,2,complete,0.0,0,0,0,0,8b7c6d5a-c76e-4a9b-acc6-f7311f1f33b4,2026-10-02T10:12:06.109162+00:00,True
threshold_09_036,threshold,threshold_09,9,36,0.0,基于机器学习的实证资产定价研究_马甜.pdf,P0016,live_normal,K0e70f5d16add0573fa9e01167d05436ccb67105a51644a50f430f98b4a599059,2,complete,0.0,0,0,0,0,d1b22e0f-a806-44e0-8d5a-feaca17ba7df,2026-10-02T10:12:06.870265+00:00,True
threshold_09_037,threshold,threshold_09,9,37,0.0,基于文本挖掘和机器学习算法的股票投资研究_陆航航.pdf,P0001,live_normal,K6d8d34adab041a2b58aee771ff805fb059acd0ec53cfcdd55d53d4b875316a04,2,complete,0.0,0,0,0,0,006847f6-4169-4a62-b8eb-00c95327acc0,2026-10-02T10:12:07.360561+00:00,True
threshold_09_038,threshold,threshold_09,9,38,0.0,基于机器学习的实证资产定价研究_马甜.pdf,P0017,live_normal,Ke2b440815c0955b63354c736aa0448f12c34e6dc8801a54a366637c65d2a9f97,2,complete,0.0,0,0,0,0,9775944e-5536-4b67-9fd4-16e0b7dd0abc,2026-10-02T10:12:08.709769+00:00,True
threshold_09_039,threshold,threshold_09,9,39,0.0,基于机器学习的实证资产定价研究_马甜.pdf,P0016,live_normal,K0e70f5d16add0573fa9e01167d05436ccb67105a51644a50f430f98b4a599059,2,complete,0.0,0,0,0,0,d8a56eb1-a8cb-4c6e-8df4-22a6cc3a21a9,2026-10-02T10:12:09.542089+00:00,True
threshold_09_040,threshold,threshold_09,9,40,0.0,基于文本挖掘和机器学习算法的股票投资研究_陆航航.pdf,P0001,live_normal,K6d8d34adab041a2b58aee771ff805fb059acd0ec53cfcdd55d53d4b875316a04,2,complete,0.0,0,0,0,0,0b610a7f-5fe0-41f4-b5dd-06640f1ba888,2026-10-02T10:12:10.109764+00:00,True
threshold_10_001,threshold,threshold_10,10,1,0.0,基于文本挖掘和机器学习算法的股票投资研究_陆航航.pdf,P0001,live_normal,K6d8d34adab041a2b58aee771ff805fb059acd0ec53cfcdd55d53d4b875316a04,2,complete,0.0,0,0,0,0,9c7b90ce-0a5d-4539-a6b7-137a81dfc7bd,2026-10-02T10:12:05.307283+00:00,True
threshold_10_002,threshold,threshold_10,10,2,0.0,基于机器学习算法的P2P网络借贷信用评级产品设计_路杨宁.pdf,P0003,live_normal,K62edc95d04e6e9efb277503668bd94de7558d0ea3a85a6c77494253476a1a642,2,complete,0.0,0,0,0,0,8ca8fd4c-c0a9-4db2-96dc-0bb024e54882,2026-10-02T10:12:05.781824+00:00,True
threshold_10_003,threshold,threshold_10,10,3,0.0,面向不平衡数据集的机器学习算法对信贷风险的研究_游云贝.pdf,P0007,live_normal,Ka4e77858d93473b94e5c290ea3c4c6c76112c2ec361f563e9d698f5742d66934,2,complete,0.0,0,0,0,0,9c39006d-3eac-495d-b1f8-c28d3cd8b44c,2026-10-02T10:12:06.460866+00:00,True
threshold_10_004,threshold,threshold_10,10,4,0.0,面向不平衡数据集的机器学习算法对信贷风险的研究_游云贝.pdf,P0007,live_normal,Ka4e77858d93473b94e5c290ea3c4c6c76112c2ec361f563e9d698f5742d66934,2,complete,0.0,0,0,0,0,16777265-67b4-4423-9415-9b0be3d17998,2026-10-02T10:12:07.175938+00:00,True
threshold_10_005,threshold,threshold_10,10,5,0.0,面向不平衡数据集的机器学习算法对信贷风险的研究_游云贝.pdf,P0007,live_normal,Ka4e77858d93473b94e5c290ea3c4c6c76112c2ec361f563e9d698f5742d66934,2,complete,0.0,0,0,0,0,d187e519-d445-4bd9-9c4c-752dcb609c21,2026-10-02T10:12:08.119727+00:00,True
threshold_10_006,threshold,threshold_10,10,6,0.0,面向不平衡数据集的机器学习算法对信贷风险的研究_游云贝.pdf,P0007,live_normal,Ka4e77858d93473b94e5c290ea3c4c6c76112c2ec361f563e9d698f5742d66934,2,complete,0.0,0,0,0,0,d577efe9-3c55-4f02-a118-64edb9d70a90,2026-10-02T10:12:08.756148+00:00,True
threshold_10_007,threshold,threshold_10,10,7,0.0,基于机器学习算法的P2P网络借贷信用评级产品设计_路杨宁.pdf,P0003,live_normal,K62edc95d04e6e9efb277503668bd94de7558d0ea3a85a6c77494253476a1a642,2,complete,0.0,0,0,0,0,52b009ec-fb7a-4bbd-86e2-92841e90e996,2026-10-02T10:12:09.435206+00:00,True
threshold_10_008,threshold,threshold_10,10,8,0.0,基于文本挖掘和机器学习算法的股票投资研究_陆航航.pdf,P0001,live_normal,K6d8d34adab041a2b58aee771ff805fb059acd0ec53cfcdd55d53d4b875316a04,2,complete,0.0,0,0,0,0,2b0b7a1a-5dee-48dc-8627-84760bc48751,2026-10-02T10:12:10.210587+00:00,True
threshold_10_009,threshold,threshold_10,10,9,0.0,基于文本挖掘和机器学习算法的股票投资研究_陆航航.pdf,P0001,live_normal,K6d8d34adab041a2b58aee771ff805fb059acd0ec53cfcdd55d53d4b875316a04,2,complete,0.0,0,0,0,0,a037cb9e-240f-47f3-b8bc-d2ea95fd7c3b,2026-10-02T10:12:10.992482+00:00,True
threshold_10_010,threshold,threshold_10,10,10,0.0,基于文本挖掘和机器学习算法的股票投资研究_陆航航.pdf,P0001,live_normal,K6d8d34adab041a2b58aee771ff805fb059acd0ec53cfcdd55d53d4b875316a04,2,complete,0.0,0,0,0,0,ac7255be-07cd-429d-818f-0dd686b05ba3,2026-10-02T10:12:11.634900+00:00,True
threshold_10_011,threshold,threshold_10,10,11,0.0,面向不平衡数据集的机器学习算法对信贷风险的研究_游云贝.pdf,P0007,live_normal,Ka4e77858d93473b94e5c290ea3c4c6c76112c2ec361f563e9d698f5742d66934,2,complete,0.0,0,0,0,0,fd0fcb0d-de79-4b23-a4ae-e5a0a9ad752e,2026-10-02T10:12:12.297695+00:00,True
threshold_10_012,threshold,threshold_10,10,12,0.0,基于机器学习算法的P2P网络借贷信用评级产品设计_路杨宁.pdf,P0003,live_normal,K62edc95d04e6e9efb277503668bd94de7558d0ea3a85a6c77494253476a1a642,2,complete,0.0,0,0,0,0,d841c44a-7d15-4889-b43d-0afd7ab70f16,2026-10-02T10:12:12.904303+00:00,True
threshold_10_013,threshold,threshold_10,10,13,0.0,基于文本挖掘和机器学习算法的股票投资研究_陆航航.pdf,P0001,live_normal,K6d8d34adab041a2b58aee771ff805fb059acd0ec53cfcdd55d53d4b875316a04,2,complete,0.0,0,0,0,0,95ca9264-2679-4fb5-a7ba-6e70a0821f5a,2026-10-02T10:12:13.620160+00:00,True
threshold_10_014,threshold,threshold_10,10,14,0.0,面向不平衡数据集的机器学习算法对信贷风险的研究_游云贝.pdf,P0007,live_normal,Ka4e77858d93473b94e5c290ea3c4c6c76112c2ec361f563e9d698f5742d66934,2,complete,0.0,0,0,0,0,cc23cb8a-faba-41e2-8d06-c69ed056035c,2026-10-02T10:12:14.202569+00:00,True
threshold_10_015,threshold,threshold_10,10,15,0.0,基于机器学习算法的P2P网络借贷信用评级产品设计_路杨宁.pdf,P0003,live_normal,K62edc95d04e6e9efb277503668bd94de7558d0ea3a85a6c77494253476a1a642,2,complete,0.0,0,0,0,0,d2035606-3a68-48a8-91e8-35a4483368d5,2026-10-02T10:12:14.937224+00:00,True
threshold_10_016,threshold,threshold_10,10,16,0.0,基于文本挖掘和机器学习算法的股票投资研究_陆航航.pdf,P0001,live_normal,K6d8d34adab041a2b58aee771ff805fb059acd0ec53cfcdd55d53d4b875316a04,2,complete,0.0,0,0,0,0,0d72441e-56da-429c-90a6-c5d4c5a0b7e9,2026-10-02T10:12:15.776714+00:00,True
threshold_10_017,threshold,threshold_10,10,17,0.0,基于机器学习算法的P2P网络借贷信用评级产品设计_路杨宁.pdf,P0003,live_normal,K62edc95d04e6e9efb277503668bd94de7558d0ea3a85a6c77494253476a1a642,2,complete,0.0,0,0,0,0,a7d06359-056c-484e-99ce-aebad5ead1cf,2026-10-02T10:12:16.669898+00:00,True
threshold_10_018,threshold,threshold_10,10,18,0.0,基于机器学习的实证资产定价研究_马甜.pdf,P0017,live_normal,Ke2b440815c0955b63354c736aa0448f12c34e6dc8801a54a366637c65d2a9f97,2,complete,0.0,0,0,0,0,c8ce9256-4ed5-44b5-ab2a-b4bab1213cd9,2026-10-02T10:12:17.122871+00:00,True
threshold_10_019,threshold,threshold_10,10,19,0.0,基于文本挖掘和机器学习算法的股票投资研究_陆航航.pdf,P0001,live_normal,K6d8d34adab041a2b58aee771ff805fb059acd0ec53cfcdd55d53d4b875316a04,2,complete,0.0,0,0,0,0,b4c64780-16e5-49f9-b612-b423758c316a,2026-10-02T10:12:18.315255+00:00,True
threshold_10_020,threshold,threshold_10,10,20,0.0,面向不平衡数据集的机器学习算法对信贷风险的研究_游云贝.pdf,P0007,live_normal,Ka4e77858d93473b94e5c290ea3c4c6c76112c2ec361f563e9d698f5742d66934,2,complete,0.0,0,0,0,0,b00f448d-7033-40ef-8355-75ffb8afdd0e,2026-10-02T10:12:19.045065+00:00,True
threshold_10_021,threshold,threshold_10,10,21,0.0,基于文本挖掘和机器学习算法的股票投资研究_陆航航.pdf,P0001,live_normal,K6d8d34adab041a2b58aee771ff805fb059acd0ec53cfcdd55d53d4b875316a04,2,complete,0.0,0,0,0,0,36572716-5d2e-4838-a122-18934ec59761,2026-10-02T10:12:19.596004+00:00,True
threshold_10_022,threshold,threshold_10,10,22,0.0,基于机器学习的实证资产定价研究_马甜.pdf,P0016,live_normal,K0e70f5d16add0573fa9e01167d05436ccb67105a51644a50f430f98b4a599059,2,complete,0.0,0,0,0,0,4758fe27-07a9-4403-aadb-1960138d97b1,2026-10-02T10:12:20.604131+00:00,True
threshold_10_023,threshold,threshold_10,10,23,0.0,基于机器学习算法的P2P网络借贷信用评级产品设计_路杨宁.pdf,P0003,live_normal,K62edc95d04e6e9efb277503668bd94de7558d0ea3a85a6c77494253476a1a642,2,complete,0.0,0,0,0,0,5c2509d3-868b-493e-94b7-9143f1a5a429,2026-10-02T10:12:21.263726+00:00,True
threshold_10_024,threshold,threshold_10,10,24,0.0,基于文本挖掘和机器学习算法的股票投资研究_陆航航.pdf,P0001,live_normal,K6d8d34adab041a2b58aee771ff805fb059acd0ec53cfcdd55d53d4b875316a04,2,complete,0.0,0,0,0,0,d2f84c41-3e48-4d82-92c2-5e808b7894b8,2026-10-02T10:12:22.148439+00:00,True
threshold_10_025,threshold,threshold_10,10,25,0.0,基于机器学习算法的P2P网络借贷信用评级产品设计_路杨宁.pdf,P0003,live_normal,K62edc95d04e6e9efb277503668bd94de7558d0ea3a85a6c77494253476a1a642,2,complete,0.0,0,0,0,0,7aeaa0b6-49e4-4c9b-8409-a437a2c80ee4,2026-10-02T10:12:22.759830+00:00,True
threshold_10_026,threshold,threshold_10,10,26,0.0,面向不平衡数据集的机器学习算法对信贷风险的研究_游云贝.pdf,P0007,live_normal,Ka4e77858d93473b94e5c290ea3c4c6c76112c2ec361f563e9d698f5742d66934,2,complete,0.0,0,0,0,0,20b58dca-ec1e-4f1e-a2a3-d450137bf6a7,2026-10-02T10:12:23.694464+00:00,True
threshold_10_027,threshold,threshold_10,10,27,0.0,基于文本挖掘和机器学习算法的股票投资研究_陆航航.pdf,P0001,live_normal,K6d8d34adab041a2b58aee771ff805fb059acd0ec53cfcdd55d53d4b875316a04,2,complete,0.0,0,0,0,0,69e4d5f7-497b-4fda-8692-3b8501aaa207,2026-10-02T10:12:24.302809+00:00,True
threshold_10_028,threshold,threshold_10,10,28,0.0,基于机器学习的实证资产定价研究_马甜.pdf,P0017,live_normal,Ke2b440815c0955b63354c736aa0448f12c34e6dc8801a54a366637c65d2a9f97,2,complete,0.0,0,0,0,0,1dc96d52-25d9-46f2-a3b0-cf3141f5ae66,2026-10-02T10:12:25.076068+00:00,True
threshold_10_029,threshold,threshold_10,10,29,0.0,面向不平衡数据集的机器学习算法对信贷风险的研究_游云贝.pdf,P0007,live_normal,Ka4e77858d93473b94e5c290ea3c4c6c76112c2ec361f563e9d698f5742d66934,2,complete,0.0,0,0,0,0,8a7a6cb2-86f8-4246-aa6d-12f420fe34a0,2026-10-02T10:12:25.787609+00:00,True
threshold_10_030,threshold,threshold_10,10,30,0.0,基于文本挖掘和机器学习算法的股票投资研究_陆航航.pdf,P0001,live_normal,K6d8d34adab041a2b58aee771ff805fb059acd0ec53cfcdd55d53d4b875316a04,2,complete,0.0,0,0,0,0,a8b7434d-4c9f-4197-a7f9-a40499e768d1,2026-10-02T10:12:26.734930+00:00,True
threshold_10_031,threshold,threshold_10,10,31,0.0,基于机器学习的实证资产定价研究_马甜.pdf,P0016,live_normal,K0e70f5d16add0573fa9e01167d05436ccb67105a51644a50f430f98b4a599059,2,complete,0.0,0,0,0,0,8e3c8b13-4951-40fc-be39-1c13ac1684f1,2026-10-02T10:12:27.692727+00:00,True
threshold_10_032,threshold,threshold_10,10,32,0.0,面向不平衡数据集的机器学习算法对信贷风险的研究_游云贝.pdf,P0007,live_normal,Ka4e77858d93473b94e5c290ea3c4c6c76112c2ec361f563e9d698f5742d66934,2,complete,0.0,0,0,0,0,72163ca6-c9b2-4d8d-b31e-3035bf2be974,2026-10-02T10:12:28.626944+00:00,True
threshold_10_033,threshold,threshold_10,10,33,0.0,面向不平衡数据集的机器学习算法对信贷风险的研究_游云贝.pdf,P0007,live_normal,Ka4e77858d93473b94e5c290ea3c4c6c76112c2ec361f563e9d698f5742d66934,2,complete,0.0,0,0,0,0,2563e820-a3be-481e-ab85-8c184da62740,2026-10-02T10:12:29.502992+00:00,True
threshold_10_034,threshold,threshold_10,10,34,0.0,基于机器学习的实证资产定价研究_马甜.pdf,P0017,live_normal,Ke2b440815c0955b63354c736aa0448f12c34e6dc8801a54a366637c65d2a9f97,2,complete,0.0,0,0,0,0,01215407-9301-4421-aab6-993884093acf,2026-10-02T10:12:30.370766+00:00,True
threshold_10_035,threshold,threshold_10,10,35,0.0,基于文本挖掘和机器学习算法的股票投资研究_陆航航.pdf,P0001,live_normal,K6d8d34adab041a2b58aee771ff805fb059acd0ec53cfcdd55d53d4b875316a04,2,complete,0.0,0,0,0,0,894676ef-5426-4762-8c7f-62cf355da3f2,2026-10-02T10:12:31.405369+00:00,True
threshold_10_036,threshold,threshold_10,10,36,0.0,基于机器学习算法的P2P网络借贷信用评级产品设计_路杨宁.pdf,P0003,live_normal,K62edc95d04e6e9efb277503668bd94de7558d0ea3a85a6c77494253476a1a642,2,complete,0.0,0,0,0,0,66c33ee5-3a78-4200-a7e7-d21b10a43856,2026-10-02T10:12:32.152669+00:00,True
threshold_10_037,threshold,threshold_10,10,37,0.0,基于机器学习算法的P2P网络借贷信用评级产品设计_路杨宁.pdf,P0003,live_normal,K62edc95d04e6e9efb277503668bd94de7558d0ea3a85a6c77494253476a1a642,2,complete,0.0,0,0,0,0,d7c19d9d-c168-4a2c-ba33-ec970a0f62e0,2026-10-02T10:12:32.959257+00:00,True
threshold_10_038,threshold,threshold_10,10,38,0.0,基于机器学习的实证资产定价研究_马甜.pdf,P0017,live_normal,Ke2b440815c0955b63354c736aa0448f12c34e6dc8801a54a366637c65d2a9f97,2,complete,0.0,0,0,0,0,75379390-cba5-4d41-808e-756baf097d47,2026-10-02T10:12:33.742856+00:00,True
threshold_10_039,threshold,threshold_10,10,39,0.0,基于文本挖掘和机器学习算法的股票投资研究_陆航航.pdf,P0001,live_normal,K6d8d34adab041a2b58aee771ff805fb059acd0ec53cfcdd55d53d4b875316a04,2,complete,0.0,0,0,0,0,0134f57c-073e-4678-af6b-520fb451a220,2026-10-02T10:12:34.682122+00:00,True
threshold_10_040,threshold,threshold_10,10,40,0.0,基于文本挖掘和机器学习算法的股票投资研究_陆航航.pdf,P0001,live_normal,K6d8d34adab041a2b58aee771ff805fb059acd0ec53cfcdd55d53d4b875316a04,2,complete,0.0,0,0,0,0,7ce35f61-2746-4778-b291-39d4ee43339a,2026-10-02T10:12:35.468306+00:00,True
threshold_11_001,threshold,threshold_11,11,1,0.0,面向不平衡数据集的机器学习算法对信贷风险的研究_游云贝.pdf,P0007,live_normal,Ka4e77858d93473b94e5c290ea3c4c6c76112c2ec361f563e9d698f5742d66934,2,complete,0.0,0,0,0,0,895045a7-8dc3-49fb-aa3d-4b156f045c56,2026-10-02T10:11:05.215480+00:00,True
threshold_11_002,threshold,threshold_11,11,2,0.0,基于文本挖掘和机器学习算法的股票投资研究_陆航航.pdf,P0001,live_normal,K6d8d34adab041a2b58aee771ff805fb059acd0ec53cfcdd55d53d4b875316a04,2,complete,0.0,0,0,0,0,6c3ef5d2-8a11-4ead-8623-346c2e86b482,2026-10-02T10:11:05.632862+00:00,True
threshold_11_003,threshold,threshold_11,11,3,0.0,面向不平衡数据集的机器学习算法对信贷风险的研究_游云贝.pdf,P0007,live_normal,Ka4e77858d93473b94e5c290ea3c4c6c76112c2ec361f563e9d698f5742d66934,2,complete,0.0,0,0,0,0,10a954c5-c6f2-4ac3-b92e-58450e23b5bb,2026-10-02T10:11:06.377093+00:00,True
threshold_11_004,threshold,threshold_11,11,4,0.0,基于文本挖掘和机器学习算法的股票投资研究_陆航航.pdf,P0001,live_normal,K6d8d34adab041a2b58aee771ff805fb059acd0ec53cfcdd55d53d4b875316a04,2,complete,0.0,0,0,0,0,94d3e62a-9111-457e-a79e-583c091fb22c,2026-10-02T10:11:07.064942+00:00,True
threshold_11_005,threshold,threshold_11,11,5,0.0,基于机器学习算法的P2P网络借贷信用评级产品设计_路杨宁.pdf,P0003,live_normal,K62edc95d04e6e9efb277503668bd94de7558d0ea3a85a6c77494253476a1a642,2,complete,0.0,0,0,0,0,ef93b8fa-ea0d-4d16-92a4-6f76c4787d09,2026-10-02T10:11:07.813534+00:00,True
threshold_11_006,threshold,threshold_11,11,6,0.0,基于机器学习算法的P2P网络借贷信用评级产品设计_路杨宁.pdf,P0003,live_normal,K62edc95d04e6e9efb277503668bd94de7558d0ea3a85a6c77494253476a1a642,2,complete,0.0,0,0,0,0,2e62bb0a-8972-47c6-bd83-494afaaa45ee,2026-10-02T10:11:08.468723+00:00,True
threshold_11_007,threshold,threshold_11,11,7,0.0,基于机器学习算法的P2P网络借贷信用评级产品设计_路杨宁.pdf,P0003,live_normal,K62edc95d04e6e9efb277503668bd94de7558d0ea3a85a6c77494253476a1a642,2,complete,0.0,0,0,0,0,a5bac78d-e735-4aaf-b7a5-97ae5ba00b9c,2026-10-02T10:11:09.331545+00:00,True
threshold_11_008,threshold,threshold_11,11,8,0.0,基于机器学习算法的P2P网络借贷信用评级产品设计_路杨宁.pdf,P0003,live_normal,K62edc95d04e6e9efb277503668bd94de7558d0ea3a85a6c77494253476a1a642,2,complete,0.0,0,0,0,0,a866ec73-87bb-4fcd-a86f-08b40f3356b6,2026-10-02T10:11:10.124761+00:00,True
threshold_11_009,threshold,threshold_11,11,9,0.0,基于机器学习的实证资产定价研究_马甜.pdf,P0017,live_normal,Ke2b440815c0955b63354c736aa0448f12c34e6dc8801a54a366637c65d2a9f97,2,complete,0.0,0,0,0,0,1b508e4a-594d-483c-baae-15afda72dab3,2026-10-02T10:11:10.550399+00:00,True
threshold_11_010,threshold,threshold_11,11,10,0.0,基于文本挖掘和机器学习算法的股票投资研究_陆航航.pdf,P0001,live_normal,K6d8d34adab041a2b58aee771ff805fb059acd0ec53cfcdd55d53d4b875316a04,2,complete,0.0,0,0,0,0,5c2db3dd-f448-4020-a3fa-db060b0c5375,2026-10-02T10:11:11.248215+00:00,True
threshold_11_011,threshold,threshold_11,11,11,0.0,基于机器学习的实证资产定价研究_马甜.pdf,P0016,live_normal,K0e70f5d16add0573fa9e01167d05436ccb67105a51644a50f430f98b4a599059,2,complete,0.0,0,0,0,0,871470f7-38e0-436d-92f0-d6c2ceb17d57,2026-10-02T10:11:12.358455+00:00,True
threshold_11_012,threshold,threshold_11,11,12,0.0,基于文本挖掘和机器学习算法的股票投资研究_陆航航.pdf,P0001,live_normal,K6d8d34adab041a2b58aee771ff805fb059acd0ec53cfcdd55d53d4b875316a04,2,complete,0.0,0,0,0,0,d01c0fbd-5f46-4990-96cb-332b55ae1204,2026-10-02T10:11:13.273824+00:00,True
threshold_11_013,threshold,threshold_11,11,13,0.0,基于机器学习的实证资产定价研究_马甜.pdf,P0016,live_normal,K0e70f5d16add0573fa9e01167d05436ccb67105a51644a50f430f98b4a599059,2,complete,0.0,0,0,0,0,f94a391d-c72f-40c8-a6ea-e7b421ec3c21,2026-10-02T10:11:13.678021+00:00,True
threshold_11_014,threshold,threshold_11,11,14,0.0,基于机器学习的实证资产定价研究_马甜.pdf,P0016,live_normal,K0e70f5d16add0573fa9e01167d05436ccb67105a51644a50f430f98b4a599059,2,complete,0.0,0,0,0,0,c06bb5d4-0c36-4854-8849-4add81e9511c,2026-10-02T10:11:14.434005+00:00,True
threshold_11_015,threshold,threshold_11,11,15,0.0,面向不平衡数据集的机器学习算法对信贷风险的研究_游云贝.pdf,P0007,live_normal,Ka4e77858d93473b94e5c290ea3c4c6c76112c2ec361f563e9d698f5742d66934,2,complete,0.0,0,0,0,0,d159cc37-aae1-4001-84c8-6372b0bfd6c8,2026-10-02T10:11:15.188837+00:00,True
threshold_11_016,threshold,threshold_11,11,16,0.0,基于机器学习的实证资产定价研究_马甜.pdf,P0016,live_normal,K0e70f5d16add0573fa9e01167d05436ccb67105a51644a50f430f98b4a599059,2,complete,0.0,0,0,0,0,1b86ce57-2b69-4f5b-8290-57f0a7cc32fd,2026-10-02T10:11:16.037928+00:00,True
threshold_11_017,threshold,threshold_11,11,17,0.0,基于机器学习算法的P2P网络借贷信用评级产品设计_路杨宁.pdf,P0003,live_normal,K62edc95d04e6e9efb277503668bd94de7558d0ea3a85a6c77494253476a1a642,2,complete,0.0,0,0,0,0,c6971a8c-d0e5-4963-b348-87a855e80cd7,2026-10-02T10:11:16.546048+00:00,True
threshold_11_018,threshold,threshold_11,11,18,0.0,基于机器学习的实证资产定价研究_马甜.pdf,P0016,live_normal,Ke3d56c86795a752b66e9016fc085e8bb25b3dbfcba1a281d13b042169943a309,2,complete,0.0,0,0,0,0,f078eceb-f96a-4850-b854-0457b13cd3fe,2026-10-02T10:11:22.862262+00:00,True
threshold_11_019,threshold,threshold_11,11,19,0.0,基于文本挖掘和机器学习算法的股票投资研究_陆航航.pdf,P0001,live_normal,K6d8d34adab041a2b58aee771ff805fb059acd0ec53cfcdd55d53d4b875316a04,2,complete,0.0,0,0,0,0,864cc482-9e5c-428c-8b7f-49014304ee20,2026-10-02T10:11:23.566435+00:00,True
threshold_11_020,threshold,threshold_11,11,20,0.0,基于机器学习的实证资产定价研究_马甜.pdf,P0017,live_normal,Ke2b440815c0955b63354c736aa0448f12c34e6dc8801a54a366637c65d2a9f97,2,complete,0.0,0,0,0,0,e47112c9-6de9-40ad-9978-35ccae1a0d3a,2026-10-02T10:11:24.522015+00:00,True
threshold_11_021,threshold,threshold_11,11,21,0.0,基于机器学习的实证资产定价研究_马甜.pdf,P0016,live_normal,Ke3d56c86795a752b66e9016fc085e8bb25b3dbfcba1a281d13b042169943a309,2,complete,0.0,0,0,0,0,c12316c2-623a-4f80-9ca4-03f57308eff2,2026-10-02T10:11:24.850345+00:00,True
threshold_11_022,threshold,threshold_11,11,22,0.0,基于文本挖掘和机器学习算法的股票投资研究_陆航航.pdf,P0001,live_normal,K6d8d34adab041a2b58aee771ff805fb059acd0ec53cfcdd55d53d4b875316a04,2,complete,0.0,0,0,0,0,0b97e703-fcad-4a95-9aae-8937ee14b573,2026-10-02T10:11:25.638944+00:00,True
threshold_11_023,threshold,threshold_11,11,23,0.0,基于机器学习算法的P2P网络借贷信用评级产品设计_路杨宁.pdf,P0003,live_normal,K62edc95d04e6e9efb277503668bd94de7558d0ea3a85a6c77494253476a1a642,2,complete,0.0,0,0,0,0,6812ad45-64c3-40c1-8aff-7134c780f89f,2026-10-02T10:11:26.353000+00:00,True
threshold_11_024,threshold,threshold_11,11,24,0.0,基于文本挖掘和机器学习算法的股票投资研究_陆航航.pdf,P0001,live_normal,K6d8d34adab041a2b58aee771ff805fb059acd0ec53cfcdd55d53d4b875316a04,2,complete,0.0,0,0,0,0,4da87b91-1a95-4ce3-9a3e-8470aeb8b0a1,2026-10-02T10:11:27.174386+00:00,True
threshold_11_025,threshold,threshold_11,11,25,0.0,基于文本挖掘和机器学习算法的股票投资研究_陆航航.pdf,P0001,live_normal,K6d8d34adab041a2b58aee771ff805fb059acd0ec53cfcdd55d53d4b875316a04,2,complete,0.0,0,0,0,0,bb107c23-1188-4392-9778-b8c60e151055,2026-10-02T10:11:27.954120+00:00,True
threshold_11_026,threshold,threshold_11,11,26,0.0,基于文本挖掘和机器学习算法的股票投资研究_陆航航.pdf,P0001,live_normal,K6d8d34adab041a2b58aee771ff805fb059acd0ec53cfcdd55d53d4b875316a04,2,complete,0.0,0,0,0,0,c123fc4b-44c4-418a-b8f4-bdc1d27add5c,2026-10-02T10:11:28.669525+00:00,True
threshold_11_027,threshold,threshold_11,11,27,0.0,基于文本挖掘和机器学习算法的股票投资研究_陆航航.pdf,P0001,live_normal,K6d8d34adab041a2b58aee771ff805fb059acd0ec53cfcdd55d53d4b875316a04,2,complete,0.0,0,0,0,0,f6abbfce-1b4b-43ae-9e80-95ef74aa442a,2026-10-02T10:11:29.102227+00:00,True
threshold_11_028,threshold,threshold_11,11,28,0.0,基于机器学习算法的P2P网络借贷信用评级产品设计_路杨宁.pdf,P0003,live_normal,K62edc95d04e6e9efb277503668bd94de7558d0ea3a85a6c77494253476a1a642,2,complete,0.0,0,0,0,0,ef6bb9f5-76d9-4688-be62-85fbc50e55f7,2026-10-02T10:11:29.925056+00:00,True
threshold_11_029,threshold,threshold_11,11,29,0.0,面向不平衡数据集的机器学习算法对信贷风险的研究_游云贝.pdf,P0007,live_normal,Ka4e77858d93473b94e5c290ea3c4c6c76112c2ec361f563e9d698f5742d66934,2,complete,0.0,0,0,0,0,984bbff8-840b-4f22-931b-97bdb251b194,2026-10-02T10:11:30.491908+00:00,True
threshold_11_030,threshold,threshold_11,11,30,0.0,面向不平衡数据集的机器学习算法对信贷风险的研究_游云贝.pdf,P0007,live_normal,Ka4e77858d93473b94e5c290ea3c4c6c76112c2ec361f563e9d698f5742d66934,2,complete,0.0,0,0,0,0,34fa2310-bcbe-463f-8824-e2ef654c0595,2026-10-02T10:11:31.293269+00:00,True
threshold_11_031,threshold,threshold_11,11,31,0.0,基于机器学习算法的P2P网络借贷信用评级产品设计_路杨宁.pdf,P0003,live_normal,K62edc95d04e6e9efb277503668bd94de7558d0ea3a85a6c77494253476a1a642,2,complete,0.0,0,0,0,0,f3fa49ca-5f8d-46a1-975c-ccc3d1e6d092,2026-10-02T10:11:31.807377+00:00,True
threshold_11_032,threshold,threshold_11,11,32,0.0,面向不平衡数据集的机器学习算法对信贷风险的研究_游云贝.pdf,P0007,live_normal,Ka4e77858d93473b94e5c290ea3c4c6c76112c2ec361f563e9d698f5742d66934,2,complete,0.0,0,0,0,0,8cf37d06-7752-4d0e-bae7-c378fdb073a5,2026-10-02T10:11:32.822988+00:00,True
threshold_11_033,threshold,threshold_11,11,33,0.0,基于文本挖掘和机器学习算法的股票投资研究_陆航航.pdf,P0001,live_normal,K6d8d34adab041a2b58aee771ff805fb059acd0ec53cfcdd55d53d4b875316a04,2,complete,0.0,0,0,0,0,1026966d-1464-4174-8471-7f03ab88f9f6,2026-10-02T10:11:33.413541+00:00,True
threshold_11_034,threshold,threshold_11,11,34,0.0,基于机器学习的实证资产定价研究_马甜.pdf,P0016,live_normal,K0e70f5d16add0573fa9e01167d05436ccb67105a51644a50f430f98b4a599059,2,complete,0.0,0,0,0,0,33187311-dab6-46b5-bffc-23e59d9fc655,2026-10-02T10:11:34.230759+00:00,True
threshold_11_035,threshold,threshold_11,11,35,0.0,基于机器学习算法的P2P网络借贷信用评级产品设计_路杨宁.pdf,P0003,live_normal,K62edc95d04e6e9efb277503668bd94de7558d0ea3a85a6c77494253476a1a642,2,complete,0.0,0,0,0,0,824c8592-06e8-4790-8428-8d5164ce6456,2026-10-02T10:11:34.797844+00:00,True
threshold_11_036,threshold,threshold_11,11,36,0.0,面向不平衡数据集的机器学习算法对信贷风险的研究_游云贝.pdf,P0007,live_normal,Ka4e77858d93473b94e5c290ea3c4c6c76112c2ec361f563e9d698f5742d66934,2,complete,0.0,0,0,0,0,8f8a9da5-b656-4286-ad82-177b8b1f4cee,2026-10-02T10:11:35.589125+00:00,True
threshold_11_037,threshold,threshold_11,11,37,0.0,基于机器学习算法的P2P网络借贷信用评级产品设计_路杨宁.pdf,P0003,live_normal,K62edc95d04e6e9efb277503668bd94de7558d0ea3a85a6c77494253476a1a642,2,complete,0.0,0,0,0,0,3ef09981-dabc-4649-8b29-0eb3cd668547,2026-10-02T10:11:36.226282+00:00,True
threshold_11_038,threshold,threshold_11,11,38,0.0,基于机器学习算法的P2P网络借贷信用评级产品设计_路杨宁.pdf,P0003,live_normal,K62edc95d04e6e9efb277503668bd94de7558d0ea3a85a6c77494253476a1a642,2,complete,0.0,0,0,0,0,09a9b2e0-65e4-4bef-9bf4-07f3722b69bc,2026-10-02T10:11:36.832674+00:00,True
threshold_11_039,threshold,threshold_11,11,39,0.0,面向不平衡数据集的机器学习算法对信贷风险的研究_游云贝.pdf,P0007,live_normal,Ka4e77858d93473b94e5c290ea3c4c6c76112c2ec361f563e9d698f5742d66934,2,complete,0.0,0,0,0,0,6948e016-b7bf-4388-a5d0-4ba5bad8f868,2026-10-02T10:11:37.482532+00:00,True
threshold_11_040,threshold,threshold_11,11,40,0.0,面向不平衡数据集的机器学习算法对信贷风险的研究_游云贝.pdf,P0007,live_normal,Ka4e77858d93473b94e5c290ea3c4c6c76112c2ec361f563e9d698f5742d66934,2,complete,0.0,0,0,0,0,0bc35e34-7e2d-4aba-bcf4-0d6b9f308d3b,2026-10-02T10:11:38.617078+00:00,True
normal_00_001,test,normal_00,0,1,0.0,气候金融背景下的气温衍生品定价研究——基于机器学习算法_杨刚.pdf,P0005,live_normal,K49cf5919474d41c8f7083ab6cb64a02560857ee3d54409accfc8538f21abb419,2,complete,0.0,0,0,0,0,16d888b5-4f63-4697-b84b-4d07b28d6c82,2026-10-02T10:14:01.644125+00:00,False
normal_00_002,test,normal_00,0,2,0.0,基于机器学习算法的黑色系期货价格预测_郭梓晗.pdf,P0015,live_normal,K5a3b1a850e68e1179ffaab8a8182196b1d087696ef52257a0a6ffad347030b14,2,complete,0.0,0,0,0,0,b8254c9f-f0af-47dd-b32e-ed3830aa2463,2026-10-02T10:14:09.472996+00:00,False
normal_00_003,test,normal_00,0,3,0.0,气候金融背景下的气温衍生品定价研究——基于机器学习算法_杨刚.pdf,P0005,live_normal,Kf3ea2a47d88a646e6f2b6eb9185ca4261c1ea08aacbe7bea23189551f42130a6,2,complete,0.0,0,0,0,0,e2a7c4de-95d9-4798-8c9a-d94fe1d6d0b3,2026-10-02T10:14:16.928871+00:00,False
normal_00_004,test,normal_00,0,4,0.0,气候金融背景下的气温衍生品定价研究——基于机器学习算法_杨刚.pdf,P0004,live_normal,K9270f70913c0acef9bfc8848ba83f8d9b692f8ab4f838c7fb64aaa248fe849fb,2,complete,0.0,0,0,0,0,94794be8-e1dd-4e89-b6c3-95bdac352ef9,2026-10-02T10:14:17.691254+00:00,True
normal_00_005,test,normal_00,0,5,0.0,信息熵在机器学习算法中的运用_张璐瑶.pdf,P0012,live_normal,K9455b6d7518a5c36d827b4348e81a09fdcc5e5fe003e877bc05bb7eb138eca2f,2,complete,0.0,0,0,0,0,f3c4d0e7-f6ff-43f7-9dc2-2ba3d6dc1a5d,2026-10-02T10:14:18.301614+00:00,True
normal_00_006,test,normal_00,0,6,0.0,信息熵在机器学习算法中的运用_张璐瑶.pdf,P0012,live_normal,K9455b6d7518a5c36d827b4348e81a09fdcc5e5fe003e877bc05bb7eb138eca2f,2,complete,0.0,0,0,0,0,f4660614-c80c-4a37-aa85-bf7679fa5f1b,2026-10-02T10:14:19.356838+00:00,True
normal_00_007,test,normal_00,0,7,0.0,基于机器学习算法的黑色系期货价格预测_郭梓晗.pdf,P0015,live_normal,K5a3b1a850e68e1179ffaab8a8182196b1d087696ef52257a0a6ffad347030b14,2,complete,0.0,0,0,0,0,3160be6b-12f0-47d7-bf4e-186d4cc2ff3c,2026-10-02T10:14:20.265596+00:00,True
normal_00_008,test,normal_00,0,8,0.0,气候金融背景下的气温衍生品定价研究——基于机器学习算法_杨刚.pdf,P0004,live_normal,K9270f70913c0acef9bfc8848ba83f8d9b692f8ab4f838c7fb64aaa248fe849fb,2,complete,0.0,0,0,0,0,d48d9b2d-8e9b-492f-91a5-c95a353b662f,2026-10-02T10:14:21.094762+00:00,True
normal_00_009,test,normal_00,0,9,0.0,气候金融背景下的气温衍生品定价研究——基于机器学习算法_杨刚.pdf,P0004,live_normal,K9270f70913c0acef9bfc8848ba83f8d9b692f8ab4f838c7fb64aaa248fe849fb,2,complete,0.0,0,0,0,0,746a0971-13d4-416b-95f1-1c4b833862d1,2026-10-02T10:14:21.470246+00:00,True
normal_00_010,test,normal_00,0,10,0.0,基于机器学习算法的黑色系期货价格预测_郭梓晗.pdf,P0015,live_normal,K5a3b1a850e68e1179ffaab8a8182196b1d087696ef52257a0a6ffad347030b14,2,complete,0.0,0,0,0,0,23dc81c7-b4bd-4ce0-b6cc-4c4b8dbebb13,2026-10-02T10:14:22.291643+00:00,True
normal_00_011,test,normal_00,0,11,0.0,基于机器学习和新闻文本的原油期货资产配置研究_钟浩.pdf,P0010,live_normal,Keff678b299227ecddcbf4d17f7660b95ad60c101672d17ba7b273738c73df3c0,2,complete,0.0,0,0,0,0,52a379b4-0162-4926-92a3-c22fc07aefdd,2026-10-02T10:14:23.083861+00:00,True
normal_00_012,test,normal_00,0,12,0.0,信息熵在机器学习算法中的运用_张璐瑶.pdf,P0012,live_normal,K9455b6d7518a5c36d827b4348e81a09fdcc5e5fe003e877bc05bb7eb138eca2f,2,complete,0.0,0,0,0,0,c382ee2e-b98c-4dd4-ae54-b97f5e5d6c20,2026-10-02T10:14:24.020641+00:00,True
normal_00_013,test,normal_00,0,13,0.0,气候金融背景下的气温衍生品定价研究——基于机器学习算法_杨刚.pdf,P0004,live_normal,K9270f70913c0acef9bfc8848ba83f8d9b692f8ab4f838c7fb64aaa248fe849fb,2,complete,0.0,0,0,0,0,23a7de8e-5163-41df-bef2-a10ba8e88508,2026-10-02T10:14:24.748816+00:00,True
normal_00_014,test,normal_00,0,14,0.0,基于机器学习算法的黑色系期货价格预测_郭梓晗.pdf,P0015,live_normal,K5a3b1a850e68e1179ffaab8a8182196b1d087696ef52257a0a6ffad347030b14,2,complete,0.0,0,0,0,0,de64e0a3-ac68-4bba-a7b7-fffc33311b12,2026-10-02T10:14:25.670122+00:00,True
normal_00_015,test,normal_00,0,15,0.0,基于机器学习和新闻文本的原油期货资产配置研究_钟浩.pdf,P0010,live_normal,Keff678b299227ecddcbf4d17f7660b95ad60c101672d17ba7b273738c73df3c0,2,complete,0.0,0,0,0,0,d2aa291e-4a50-47e6-a4b3-0e72fa645899,2026-10-02T10:14:26.188493+00:00,True
normal_00_016,test,normal_00,0,16,0.0,基于机器学习算法的黑色系期货价格预测_郭梓晗.pdf,P0015,live_normal,K5a3b1a850e68e1179ffaab8a8182196b1d087696ef52257a0a6ffad347030b14,2,complete,0.0,0,0,0,0,7ada6fe8-4e40-43d0-88a3-377c0f3fd733,2026-10-02T10:14:26.578599+00:00,True
normal_00_017,test,normal_00,0,17,0.0,气候金融背景下的气温衍生品定价研究——基于机器学习算法_杨刚.pdf,P0005,live_normal,K49cf5919474d41c8f7083ab6cb64a02560857ee3d54409accfc8538f21abb419,2,complete,0.0,0,0,0,0,a0ca1c7b-7866-4499-a328-732a34b18405,2026-10-02T10:14:27.254959+00:00,True
normal_00_018,test,normal_00,0,18,0.0,基于机器学习和新闻文本的原油期货资产配置研究_钟浩.pdf,P0010,live_normal,Keff678b299227ecddcbf4d17f7660b95ad60c101672d17ba7b273738c73df3c0,2,complete,0.0,0,0,0,0,b773924d-50ae-4147-9a2b-fd82fae29a23,2026-10-02T10:14:28.121018+00:00,True
normal_00_019,test,normal_00,0,19,0.0,基于机器学习和新闻文本的原油期货资产配置研究_钟浩.pdf,P0010,live_normal,Keff678b299227ecddcbf4d17f7660b95ad60c101672d17ba7b273738c73df3c0,2,complete,0.0,0,0,0,0,2866192c-d226-4950-afed-3fc8bc2daca9,2026-10-02T10:14:28.960781+00:00,True
normal_00_020,test,normal_00,0,20,0.0,信息熵在机器学习算法中的运用_张璐瑶.pdf,P0012,live_normal,K9455b6d7518a5c36d827b4348e81a09fdcc5e5fe003e877bc05bb7eb138eca2f,2,complete,0.0,0,0,0,0,7907c916-2894-4812-88c8-82e6e75b7500,2026-10-02T10:14:29.786629+00:00,True
normal_00_021,test,normal_00,0,21,0.0,气候金融背景下的气温衍生品定价研究——基于机器学习算法_杨刚.pdf,P0005,live_normal,K49cf5919474d41c8f7083ab6cb64a02560857ee3d54409accfc8538f21abb419,2,complete,0.0,0,0,0,0,b0a24b09-1f63-4728-80b6-7b2c3abb4787,2026-10-02T10:14:30.507730+00:00,True
normal_00_022,test,normal_00,0,22,0.0,基于机器学习算法的黑色系期货价格预测_郭梓晗.pdf,P0015,live_normal,K5a3b1a850e68e1179ffaab8a8182196b1d087696ef52257a0a6ffad347030b14,2,complete,0.0,0,0,0,0,f25a136f-49cd-4dd0-98a4-2ee56e49f381,2026-10-02T10:14:31.110152+00:00,True
normal_00_023,test,normal_00,0,23,0.0,信息熵在机器学习算法中的运用_张璐瑶.pdf,P0012,live_normal,K9455b6d7518a5c36d827b4348e81a09fdcc5e5fe003e877bc05bb7eb138eca2f,2,complete,0.0,0,0,0,0,19805af6-492b-4858-a324-1b0fd6ad6ed4,2026-10-02T10:14:31.820856+00:00,True
normal_00_024,test,normal_00,0,24,0.0,信息熵在机器学习算法中的运用_张璐瑶.pdf,P0012,live_normal,K9455b6d7518a5c36d827b4348e81a09fdcc5e5fe003e877bc05bb7eb138eca2f,2,complete,0.0,0,0,0,0,d624988a-3757-4883-ad67-96e8114a2426,2026-10-02T10:14:32.673279+00:00,True
normal_00_025,test,normal_00,0,25,0.0,基于机器学习和新闻文本的原油期货资产配置研究_钟浩.pdf,P0010,live_normal,Keff678b299227ecddcbf4d17f7660b95ad60c101672d17ba7b273738c73df3c0,2,complete,0.0,0,0,0,0,22c5c0f5-b71e-4d32-bbf2-2666f8b99f0b,2026-10-02T10:14:33.417783+00:00,True
normal_00_026,test,normal_00,0,26,0.0,基于机器学习和新闻文本的原油期货资产配置研究_钟浩.pdf,P0010,live_normal,Keff678b299227ecddcbf4d17f7660b95ad60c101672d17ba7b273738c73df3c0,2,complete,0.0,0,0,0,0,669dc843-67a4-47cc-81e7-2c0034cf941f,2026-10-02T10:14:34.008573+00:00,True
normal_00_027,test,normal_00,0,27,0.0,基于机器学习和新闻文本的原油期货资产配置研究_钟浩.pdf,P0010,live_normal,Keff678b299227ecddcbf4d17f7660b95ad60c101672d17ba7b273738c73df3c0,2,complete,0.0,0,0,0,0,e21c3407-e385-4984-a15b-ee559a3c5c98,2026-10-02T10:14:34.721900+00:00,True
normal_00_028,test,normal_00,0,28,0.0,基于机器学习算法的黑色系期货价格预测_郭梓晗.pdf,P0015,live_normal,K5a3b1a850e68e1179ffaab8a8182196b1d087696ef52257a0a6ffad347030b14,2,complete,0.0,0,0,0,0,5e0b4417-4c08-43c6-b9d0-866b192d8d02,2026-10-02T10:14:35.708964+00:00,True
normal_00_029,test,normal_00,0,29,0.0,信息熵在机器学习算法中的运用_张璐瑶.pdf,P0012,live_normal,K9455b6d7518a5c36d827b4348e81a09fdcc5e5fe003e877bc05bb7eb138eca2f,2,complete,0.0,0,0,0,0,ecd2daba-5d0a-45a3-beb1-30db982d49a0,2026-10-02T10:14:36.420520+00:00,True
normal_00_030,test,normal_00,0,30,0.0,信息熵在机器学习算法中的运用_张璐瑶.pdf,P0012,live_normal,K9455b6d7518a5c36d827b4348e81a09fdcc5e5fe003e877bc05bb7eb138eca2f,2,complete,0.0,0,0,0,0,fea68854-6c3a-45a1-85eb-94c1c61daa1f,2026-10-02T10:14:37.413853+00:00,True
normal_00_031,test,normal_00,0,31,0.0,基于机器学习和新闻文本的原油期货资产配置研究_钟浩.pdf,P0010,live_normal,Keff678b299227ecddcbf4d17f7660b95ad60c101672d17ba7b273738c73df3c0,2,complete,0.0,0,0,0,0,628bff24-99ec-4c5b-adc6-695d60143486,2026-10-02T10:14:38.356252+00:00,True
normal_00_032,test,normal_00,0,32,0.0,基于机器学习算法的黑色系期货价格预测_郭梓晗.pdf,P0015,live_normal,K5a3b1a850e68e1179ffaab8a8182196b1d087696ef52257a0a6ffad347030b14,2,complete,0.0,0,0,0,0,0ea5e46b-35e4-4a70-8ef9-642c888d4a29,2026-10-02T10:14:39.082627+00:00,True
normal_00_033,test,normal_00,0,33,0.0,基于机器学习算法的黑色系期货价格预测_郭梓晗.pdf,P0015,live_normal,K5a3b1a850e68e1179ffaab8a8182196b1d087696ef52257a0a6ffad347030b14,2,complete,0.0,0,0,0,0,5706c90c-f38c-4d91-a0a0-d3267ac49e67,2026-10-02T10:14:39.638232+00:00,True
normal_00_034,test,normal_00,0,34,0.0,基于机器学习和新闻文本的原油期货资产配置研究_钟浩.pdf,P0010,live_normal,Keff678b299227ecddcbf4d17f7660b95ad60c101672d17ba7b273738c73df3c0,2,complete,0.0,0,0,0,0,6bfc01c5-20ae-47f9-ae64-eb6bb066867a,2026-10-02T10:14:40.142553+00:00,True
normal_00_035,test,normal_00,0,35,0.0,基于机器学习和新闻文本的原油期货资产配置研究_钟浩.pdf,P0010,live_normal,Keff678b299227ecddcbf4d17f7660b95ad60c101672d17ba7b273738c73df3c0,2,complete,0.0,0,0,0,0,8f39a760-93df-4855-ae89-bea0c262b1d4,2026-10-02T10:14:40.911914+00:00,True
normal_00_036,test,normal_00,0,36,0.0,气候金融背景下的气温衍生品定价研究——基于机器学习算法_杨刚.pdf,P0004,live_normal,K9270f70913c0acef9bfc8848ba83f8d9b692f8ab4f838c7fb64aaa248fe849fb,2,complete,0.0,0,0,0,0,5a1a50fd-88a5-4412-af60-05b96d68174e,2026-10-02T10:14:41.453950+00:00,True
normal_00_037,test,normal_00,0,37,0.0,基于机器学习和新闻文本的原油期货资产配置研究_钟浩.pdf,P0010,live_normal,Keff678b299227ecddcbf4d17f7660b95ad60c101672d17ba7b273738c73df3c0,2,complete,0.0,0,0,0,0,8c67fb74-4ad8-460d-a8cf-2ed6d3bc05d3,2026-10-02T10:14:42.411892+00:00,True
normal_00_038,test,normal_00,0,38,0.0,基于机器学习和新闻文本的原油期货资产配置研究_钟浩.pdf,P0010,live_normal,Keff678b299227ecddcbf4d17f7660b95ad60c101672d17ba7b273738c73df3c0,2,complete,0.0,0,0,0,0,d389bfda-69ff-43d8-b0e7-d1ea5cbd1ebc,2026-10-02T10:14:43.229576+00:00,True
normal_00_039,test,normal_00,0,39,0.0,信息熵在机器学习算法中的运用_张璐瑶.pdf,P0012,live_normal,K9455b6d7518a5c36d827b4348e81a09fdcc5e5fe003e877bc05bb7eb138eca2f,2,complete,0.0,0,0,0,0,a40d3764-423d-4188-9f62-fb70cf506634,2026-10-02T10:14:43.944119+00:00,True
normal_00_040,test,normal_00,0,40,0.0,基于机器学习算法的黑色系期货价格预测_郭梓晗.pdf,P0015,live_normal,K5a3b1a850e68e1179ffaab8a8182196b1d087696ef52257a0a6ffad347030b14,2,complete,0.0,0,0,0,0,1cb5dd08-5d8d-418b-82b0-486979bd36f2,2026-10-02T10:14:44.956138+00:00,True
normal_01_001,test,normal_01,1,1,0.0,信息熵在机器学习算法中的运用_张璐瑶.pdf,P0012,live_normal,K9455b6d7518a5c36d827b4348e81a09fdcc5e5fe003e877bc05bb7eb138eca2f,2,complete,0.0,0,0,0,0,3d00a564-e084-4c86-bef0-b32be886375b,2026-10-02T10:19:13.123286+00:00,True
normal_01_002,test,normal_01,1,2,0.0,基于机器学习算法的黑色系期货价格预测_郭梓晗.pdf,P0015,live_normal,K5a3b1a850e68e1179ffaab8a8182196b1d087696ef52257a0a6ffad347030b14,2,complete,0.0,0,0,0,0,129b08e9-ee70-498b-a9b9-dd084aa20a1a,2026-10-02T10:19:13.550862+00:00,True
normal_01_003,test,normal_01,1,3,0.0,气候金融背景下的气温衍生品定价研究——基于机器学习算法_杨刚.pdf,P0005,live_normal,K49cf5919474d41c8f7083ab6cb64a02560857ee3d54409accfc8538f21abb419,2,complete,0.0,0,0,0,0,8e1ef8c5-6b1f-4f7c-8704-4d9ade0e9329,2026-10-02T10:19:14.414768+00:00,True
normal_01_004,test,normal_01,1,4,0.0,气候金融背景下的气温衍生品定价研究——基于机器学习算法_杨刚.pdf,P0005,live_normal,K49cf5919474d41c8f7083ab6cb64a02560857ee3d54409accfc8538f21abb419,2,complete,0.0,0,0,0,0,a4696f41-dee3-492b-b214-72c1d623567a,2026-10-02T10:19:15.181335+00:00,True
normal_01_005,test,normal_01,1,5,0.0,信息熵在机器学习算法中的运用_张璐瑶.pdf,P0012,live_normal,K9455b6d7518a5c36d827b4348e81a09fdcc5e5fe003e877bc05bb7eb138eca2f,2,complete,0.0,0,0,0,0,3a4e34c5-2ff9-41cf-873c-6a791675be3e,2026-10-02T10:19:15.850969+00:00,True
normal_01_006,test,normal_01,1,6,0.0,信息熵在机器学习算法中的运用_张璐瑶.pdf,P0012,live_normal,K9455b6d7518a5c36d827b4348e81a09fdcc5e5fe003e877bc05bb7eb138eca2f,2,complete,0.0,0,0,0,0,28d8a89e-44f6-4738-8faf-6a3bc0fef091,2026-10-02T10:19:16.656050+00:00,True
normal_01_007,test,normal_01,1,7,0.0,基于机器学习算法的黑色系期货价格预测_郭梓晗.pdf,P0015,live_normal,K5a3b1a850e68e1179ffaab8a8182196b1d087696ef52257a0a6ffad347030b14,2,complete,0.0,0,0,0,0,093541bf-6ced-40fc-872a-8e6ed50d7250,2026-10-02T10:19:17.320316+00:00,True
normal_01_008,test,normal_01,1,8,0.0,基于机器学习和新闻文本的原油期货资产配置研究_钟浩.pdf,P0010,live_normal,Keff678b299227ecddcbf4d17f7660b95ad60c101672d17ba7b273738c73df3c0,2,complete,0.0,0,0,0,0,89794f43-fffc-4564-b560-e961166de29b,2026-10-02T10:19:17.970376+00:00,True
normal_01_009,test,normal_01,1,9,0.0,气候金融背景下的气温衍生品定价研究——基于机器学习算法_杨刚.pdf,P0005,live_normal,K49cf5919474d41c8f7083ab6cb64a02560857ee3d54409accfc8538f21abb419,2,complete,0.0,0,0,0,0,6e1280de-1ce5-4b8f-8f36-5d5318bb01c3,2026-10-02T10:19:18.787952+00:00,True
normal_01_010,test,normal_01,1,10,0.0,气候金融背景下的气温衍生品定价研究——基于机器学习算法_杨刚.pdf,P0005,live_normal,K49cf5919474d41c8f7083ab6cb64a02560857ee3d54409accfc8538f21abb419,2,complete,0.0,0,0,0,0,c73acfe7-5e23-4751-a05c-57243a3106cc,2026-10-02T10:19:19.555594+00:00,True
normal_01_011,test,normal_01,1,11,0.0,基于机器学习算法的黑色系期货价格预测_郭梓晗.pdf,P0015,live_normal,K5a3b1a850e68e1179ffaab8a8182196b1d087696ef52257a0a6ffad347030b14,2,complete,0.0,0,0,0,0,e864711c-a296-4973-8e19-6aa5ee9ca6a5,2026-10-02T10:19:20.374130+00:00,True
normal_01_012,test,normal_01,1,12,0.0,基于机器学习算法的黑色系期货价格预测_郭梓晗.pdf,P0015,live_normal,K5a3b1a850e68e1179ffaab8a8182196b1d087696ef52257a0a6ffad347030b14,2,complete,0.0,0,0,0,0,b7719bb2-dad3-42b6-94db-b0ef3f72a729,2026-10-02T10:19:21.054226+00:00,True
normal_01_013,test,normal_01,1,13,0.0,基于机器学习和新闻文本的原油期货资产配置研究_钟浩.pdf,P0010,live_normal,Keff678b299227ecddcbf4d17f7660b95ad60c101672d17ba7b273738c73df3c0,2,complete,0.0,0,0,0,0,c4a49c68-7aed-4409-ad19-9e760cd6938e,2026-10-02T10:19:21.743313+00:00,True
normal_01_014,test,normal_01,1,14,0.0,基于机器学习和新闻文本的原油期货资产配置研究_钟浩.pdf,P0010,live_normal,Keff678b299227ecddcbf4d17f7660b95ad60c101672d17ba7b273738c73df3c0,2,complete,0.0,0,0,0,0,78236254-e166-4bca-a1d8-7b0ce75e54ee,2026-10-02T10:19:22.561404+00:00,True
normal_01_015,test,normal_01,1,15,0.0,基于机器学习和新闻文本的原油期货资产配置研究_钟浩.pdf,P0010,live_normal,Keff678b299227ecddcbf4d17f7660b95ad60c101672d17ba7b273738c73df3c0,2,complete,0.0,0,0,0,0,33521851-e943-41f4-8870-580d01dcd1ef,2026-10-02T10:19:23.322172+00:00,True
normal_01_016,test,normal_01,1,16,0.0,基于机器学习和新闻文本的原油期货资产配置研究_钟浩.pdf,P0010,live_normal,Keff678b299227ecddcbf4d17f7660b95ad60c101672d17ba7b273738c73df3c0,2,complete,0.0,0,0,0,0,80592611-2ebf-4143-ac46-9e2f9a146087,2026-10-02T10:19:24.009664+00:00,True
normal_01_017,test,normal_01,1,17,0.0,基于机器学习算法的黑色系期货价格预测_郭梓晗.pdf,P0015,live_normal,K5a3b1a850e68e1179ffaab8a8182196b1d087696ef52257a0a6ffad347030b14,2,complete,0.0,0,0,0,0,97e4a145-d04c-47b0-adc7-4d73b5229f2c,2026-10-02T10:19:24.756429+00:00,True
normal_01_018,test,normal_01,1,18,0.0,基于机器学习算法的黑色系期货价格预测_郭梓晗.pdf,P0015,live_normal,K5a3b1a850e68e1179ffaab8a8182196b1d087696ef52257a0a6ffad347030b14,2,complete,0.0,0,0,0,0,9cbf946d-05eb-42e2-a307-01ae8e515454,2026-10-02T10:19:25.485161+00:00,True
normal_01_019,test,normal_01,1,19,0.0,基于机器学习和新闻文本的原油期货资产配置研究_钟浩.pdf,P0010,live_normal,Keff678b299227ecddcbf4d17f7660b95ad60c101672d17ba7b273738c73df3c0,2,complete,0.0,0,0,0,0,e43b25d9-4da4-40e0-b763-5cee84f4f30c,2026-10-02T10:19:26.402494+00:00,True
normal_01_020,test,normal_01,1,20,0.0,基于机器学习和新闻文本的原油期货资产配置研究_钟浩.pdf,P0010,live_normal,Keff678b299227ecddcbf4d17f7660b95ad60c101672d17ba7b273738c73df3c0,2,complete,0.0,0,0,0,0,abfdf749-90c4-4e96-b5af-e4abca3b557f,2026-10-02T10:19:27.274498+00:00,True
normal_01_021,test,normal_01,1,21,0.0,气候金融背景下的气温衍生品定价研究——基于机器学习算法_杨刚.pdf,P0005,live_normal,K49cf5919474d41c8f7083ab6cb64a02560857ee3d54409accfc8538f21abb419,2,complete,0.0,0,0,0,0,a83b3e0c-44e7-47ac-a8e9-d6333bc07cf3,2026-10-02T10:19:28.191145+00:00,True
normal_01_022,test,normal_01,1,22,0.0,信息熵在机器学习算法中的运用_张璐瑶.pdf,P0012,live_normal,K9455b6d7518a5c36d827b4348e81a09fdcc5e5fe003e877bc05bb7eb138eca2f,2,complete,0.0,0,0,0,0,5ca7ad6b-ee19-4f6e-a76e-292a8c751feb,2026-10-02T10:19:29.199206+00:00,True
normal_01_023,test,normal_01,1,23,0.0,气候金融背景下的气温衍生品定价研究——基于机器学习算法_杨刚.pdf,P0005,live_normal,K49cf5919474d41c8f7083ab6cb64a02560857ee3d54409accfc8538f21abb419,2,complete,0.0,0,0,0,0,7d2243db-2810-46c4-8525-3ce72740a8d1,2026-10-02T10:19:30.109837+00:00,True
normal_01_024,test,normal_01,1,24,0.0,基于机器学习和新闻文本的原油期货资产配置研究_钟浩.pdf,P0010,live_normal,Keff678b299227ecddcbf4d17f7660b95ad60c101672d17ba7b273738c73df3c0,2,complete,0.0,0,0,0,0,af4aa22c-b718-4db4-99f7-b85587e008f0,2026-10-02T10:19:31.092448+00:00,True
normal_01_025,test,normal_01,1,25,0.0,信息熵在机器学习算法中的运用_张璐瑶.pdf,P0012,live_normal,K9455b6d7518a5c36d827b4348e81a09fdcc5e5fe003e877bc05bb7eb138eca2f,2,complete,0.0,0,0,0,0,944aa068-735f-4929-b04c-76e3cbf38139,2026-10-02T10:19:31.992409+00:00,True
normal_01_026,test,normal_01,1,26,0.0,基于机器学习算法的黑色系期货价格预测_郭梓晗.pdf,P0015,live_normal,K5a3b1a850e68e1179ffaab8a8182196b1d087696ef52257a0a6ffad347030b14,2,complete,0.0,0,0,0,0,2b87c5e7-480d-4055-b470-bed8fed11a78,2026-10-02T10:19:32.622743+00:00,True
normal_01_027,test,normal_01,1,27,0.0,气候金融背景下的气温衍生品定价研究——基于机器学习算法_杨刚.pdf,P0005,live_normal,K49cf5919474d41c8f7083ab6cb64a02560857ee3d54409accfc8538f21abb419,2,complete,0.0,0,0,0,0,394cabf2-2440-4f4c-8bae-d67cd1c56c23,2026-10-02T10:19:33.151921+00:00,True
normal_01_028,test,normal_01,1,28,0.0,基于机器学习和新闻文本的原油期货资产配置研究_钟浩.pdf,P0010,live_normal,Keff678b299227ecddcbf4d17f7660b95ad60c101672d17ba7b273738c73df3c0,2,complete,0.0,0,0,0,0,0ecae89a-1b19-47be-bd43-f015ed8b7f05,2026-10-02T10:19:33.816097+00:00,True
normal_01_029,test,normal_01,1,29,0.0,信息熵在机器学习算法中的运用_张璐瑶.pdf,P0012,live_normal,K9455b6d7518a5c36d827b4348e81a09fdcc5e5fe003e877bc05bb7eb138eca2f,2,complete,0.0,0,0,0,0,db70e39a-8170-4562-ad0d-6f22c0f515b9,2026-10-02T10:19:34.848946+00:00,True
normal_01_030,test,normal_01,1,30,0.0,基于机器学习算法的黑色系期货价格预测_郭梓晗.pdf,P0015,live_normal,K5a3b1a850e68e1179ffaab8a8182196b1d087696ef52257a0a6ffad347030b14,2,complete,0.0,0,0,0,0,a9ea33b6-fd4e-443d-a58f-e6de98db6c96,2026-10-02T10:19:35.257095+00:00,True
normal_01_031,test,normal_01,1,31,0.0,基于机器学习和新闻文本的原油期货资产配置研究_钟浩.pdf,P0010,live_normal,Keff678b299227ecddcbf4d17f7660b95ad60c101672d17ba7b273738c73df3c0,2,complete,0.0,0,0,0,0,c6291d51-0720-44bb-9d09-c2d943c73cb2,2026-10-02T10:19:36.059605+00:00,True
normal_01_032,test,normal_01,1,32,0.0,基于机器学习和新闻文本的原油期货资产配置研究_钟浩.pdf,P0010,live_normal,Keff678b299227ecddcbf4d17f7660b95ad60c101672d17ba7b273738c73df3c0,2,complete,0.0,0,0,0,0,601df1e7-e452-48d7-9144-ce82a9f2a338,2026-10-02T10:19:36.654031+00:00,True
normal_01_033,test,normal_01,1,33,0.0,基于机器学习算法的黑色系期货价格预测_郭梓晗.pdf,P0015,live_normal,K5a3b1a850e68e1179ffaab8a8182196b1d087696ef52257a0a6ffad347030b14,2,complete,0.0,0,0,0,0,44100389-094e-4a32-a3df-a1ede7957bf6,2026-10-02T10:19:37.467786+00:00,True
normal_01_034,test,normal_01,1,34,0.0,基于机器学习算法的黑色系期货价格预测_郭梓晗.pdf,P0015,live_normal,K5a3b1a850e68e1179ffaab8a8182196b1d087696ef52257a0a6ffad347030b14,2,complete,0.0,0,0,0,0,02d0e3f8-8440-4e15-bf0e-137513a7f8c1,2026-10-02T10:19:38.144465+00:00,True
normal_01_035,test,normal_01,1,35,0.0,信息熵在机器学习算法中的运用_张璐瑶.pdf,P0012,live_normal,K9455b6d7518a5c36d827b4348e81a09fdcc5e5fe003e877bc05bb7eb138eca2f,2,complete,0.0,0,0,0,0,4afd292e-f063-4ad8-bd59-ad77e7832137,2026-10-02T10:19:38.842881+00:00,True
normal_01_036,test,normal_01,1,36,0.0,基于机器学习和新闻文本的原油期货资产配置研究_钟浩.pdf,P0010,live_normal,Keff678b299227ecddcbf4d17f7660b95ad60c101672d17ba7b273738c73df3c0,2,complete,0.0,0,0,0,0,ff7c6918-9da4-47f3-be9c-daf058bd2861,2026-10-02T10:19:39.469429+00:00,True
normal_01_037,test,normal_01,1,37,0.0,气候金融背景下的气温衍生品定价研究——基于机器学习算法_杨刚.pdf,P0005,live_normal,K49cf5919474d41c8f7083ab6cb64a02560857ee3d54409accfc8538f21abb419,2,complete,0.0,0,0,0,0,a91773f1-b67d-4cd7-ab09-b22be8e228fe,2026-10-02T10:19:40.143717+00:00,True
normal_01_038,test,normal_01,1,38,0.0,气候金融背景下的气温衍生品定价研究——基于机器学习算法_杨刚.pdf,P0004,live_normal,K9270f70913c0acef9bfc8848ba83f8d9b692f8ab4f838c7fb64aaa248fe849fb,2,complete,0.0,0,0,0,0,c061febb-3115-4bb5-a44a-fb00ce302e67,2026-10-02T10:19:40.611091+00:00,True
normal_01_039,test,normal_01,1,39,0.0,基于机器学习和新闻文本的原油期货资产配置研究_钟浩.pdf,P0010,live_normal,Keff678b299227ecddcbf4d17f7660b95ad60c101672d17ba7b273738c73df3c0,2,complete,0.0,0,0,0,0,453df0e3-9084-4f1f-8391-8f4441734cb8,2026-10-02T10:19:41.499706+00:00,True
normal_01_040,test,normal_01,1,40,0.0,基于机器学习算法的黑色系期货价格预测_郭梓晗.pdf,P0015,live_normal,K5a3b1a850e68e1179ffaab8a8182196b1d087696ef52257a0a6ffad347030b14,2,complete,0.0,0,0,0,0,492cdb62-ba5a-4e40-825a-fb860774a718,2026-10-02T10:19:42.121673+00:00,True
normal_02_001,test,normal_02,2,1,0.0,基于机器学习算法的黑色系期货价格预测_郭梓晗.pdf,P0015,live_normal,K5a3b1a850e68e1179ffaab8a8182196b1d087696ef52257a0a6ffad347030b14,2,complete,0.0,0,0,0,0,eaa6807f-bc31-41cd-bb9d-0aa5f90521aa,2026-10-02T10:16:29.055323+00:00,True
normal_02_002,test,normal_02,2,2,0.0,基于机器学习算法的黑色系期货价格预测_郭梓晗.pdf,P0015,live_normal,K5a3b1a850e68e1179ffaab8a8182196b1d087696ef52257a0a6ffad347030b14,2,complete,0.0,0,0,0,0,d5510c33-4434-40f6-8ac8-ba4edbf8de55,2026-10-02T10:16:29.946866+00:00,True
normal_02_003,test,normal_02,2,3,0.0,气候金融背景下的气温衍生品定价研究——基于机器学习算法_杨刚.pdf,P0005,live_normal,K49cf5919474d41c8f7083ab6cb64a02560857ee3d54409accfc8538f21abb419,2,complete,0.0,0,0,0,0,5a3661cd-c4cc-405d-9169-86b473417e23,2026-10-02T10:16:30.949878+00:00,True
normal_02_004,test,normal_02,2,4,0.0,基于机器学习和新闻文本的原油期货资产配置研究_钟浩.pdf,P0010,live_normal,Keff678b299227ecddcbf4d17f7660b95ad60c101672d17ba7b273738c73df3c0,2,complete,0.0,0,0,0,0,1ee7f952-f51d-4ac4-b2c2-c2e485d09b1c,2026-10-02T10:16:31.724487+00:00,True
normal_02_005,test,normal_02,2,5,0.0,气候金融背景下的气温衍生品定价研究——基于机器学习算法_杨刚.pdf,P0004,live_normal,K9270f70913c0acef9bfc8848ba83f8d9b692f8ab4f838c7fb64aaa248fe849fb,2,complete,0.0,0,0,0,0,82a10f13-93ff-42ed-9f05-c20bfa9a000b,2026-10-02T10:16:32.363696+00:00,True
normal_02_006,test,normal_02,2,6,0.0,信息熵在机器学习算法中的运用_张璐瑶.pdf,P0012,live_normal,K9455b6d7518a5c36d827b4348e81a09fdcc5e5fe003e877bc05bb7eb138eca2f,2,complete,0.0,0,0,0,0,2b21988f-6cb1-430d-870e-d8bae15533e3,2026-10-02T10:16:32.974630+00:00,True
normal_02_007,test,normal_02,2,7,0.0,基于机器学习算法的黑色系期货价格预测_郭梓晗.pdf,P0015,live_normal,K5a3b1a850e68e1179ffaab8a8182196b1d087696ef52257a0a6ffad347030b14,2,complete,0.0,0,0,0,0,340bc3cd-6763-4fbf-9a8a-9d0c5ec7e553,2026-10-02T10:16:33.984830+00:00,True
normal_02_008,test,normal_02,2,8,0.0,信息熵在机器学习算法中的运用_张璐瑶.pdf,P0012,live_normal,K9455b6d7518a5c36d827b4348e81a09fdcc5e5fe003e877bc05bb7eb138eca2f,2,complete,0.0,0,0,0,0,ee6e8590-02d4-40af-ae9c-f27b9a4dcf2f,2026-10-02T10:16:34.605504+00:00,True
normal_02_009,test,normal_02,2,9,0.0,信息熵在机器学习算法中的运用_张璐瑶.pdf,P0012,live_normal,K9455b6d7518a5c36d827b4348e81a09fdcc5e5fe003e877bc05bb7eb138eca2f,2,complete,0.0,0,0,0,0,8469fa49-a508-41ce-8925-940a430e06f1,2026-10-02T10:16:35.500000+00:00,True
normal_02_010,test,normal_02,2,10,0.0,基于机器学习和新闻文本的原油期货资产配置研究_钟浩.pdf,P0010,live_normal,Keff678b299227ecddcbf4d17f7660b95ad60c101672d17ba7b273738c73df3c0,2,complete,0.0,0,0,0,0,6e4e5fb1-779a-4a98-91cb-fb23a972a793,2026-10-02T10:16:36.404952+00:00,True
normal_02_011,test,normal_02,2,11,0.0,基于机器学习算法的黑色系期货价格预测_郭梓晗.pdf,P0015,live_normal,K5a3b1a850e68e1179ffaab8a8182196b1d087696ef52257a0a6ffad347030b14,2,complete,0.0,0,0,0,0,6fc40a93-3756-48ff-8b44-cce7dba809b6,2026-10-02T10:16:36.931510+00:00,True
normal_02_012,test,normal_02,2,12,0.0,气候金融背景下的气温衍生品定价研究——基于机器学习算法_杨刚.pdf,P0005,live_normal,K49cf5919474d41c8f7083ab6cb64a02560857ee3d54409accfc8538f21abb419,2,complete,0.0,0,0,0,0,2eee4513-9f27-45d0-b69d-bcaabcec9db9,2026-10-02T10:16:37.888911+00:00,True
normal_02_013,test,normal_02,2,13,0.0,基于机器学习算法的黑色系期货价格预测_郭梓晗.pdf,P0015,live_normal,K5a3b1a850e68e1179ffaab8a8182196b1d087696ef52257a0a6ffad347030b14,2,complete,0.0,0,0,0,0,c75d5035-298b-4208-89a7-254e652e39e0,2026-10-02T10:16:38.698655+00:00,True
normal_02_014,test,normal_02,2,14,0.0,气候金融背景下的气温衍生品定价研究——基于机器学习算法_杨刚.pdf,P0005,live_normal,K49cf5919474d41c8f7083ab6cb64a02560857ee3d54409accfc8538f21abb419,2,complete,0.0,0,0,0,0,2fed48df-1cf7-421a-9a10-07b70b6ca15c,2026-10-02T10:16:39.642712+00:00,True
normal_02_015,test,normal_02,2,15,0.0,信息熵在机器学习算法中的运用_张璐瑶.pdf,P0012,live_normal,K9455b6d7518a5c36d827b4348e81a09fdcc5e5fe003e877bc05bb7eb138eca2f,2,complete,0.0,0,0,0,0,29b5a27e-a480-45f1-8957-a98b90b15caa,2026-10-02T10:16:40.633834+00:00,True
normal_02_016,test,normal_02,2,16,0.0,基于机器学习算法的黑色系期货价格预测_郭梓晗.pdf,P0015,live_normal,K5a3b1a850e68e1179ffaab8a8182196b1d087696ef52257a0a6ffad347030b14,2,complete,0.0,0,0,0,0,f607c129-8931-4f64-9ec3-b7d3bf0283e2,2026-10-02T10:16:41.567084+00:00,True
normal_02_017,test,normal_02,2,17,0.0,基于机器学习和新闻文本的原油期货资产配置研究_钟浩.pdf,P0010,live_normal,Keff678b299227ecddcbf4d17f7660b95ad60c101672d17ba7b273738c73df3c0,2,complete,0.0,0,0,0,0,87c82a64-c185-4a38-abbb-40b3904d9cf5,2026-10-02T10:16:42.342904+00:00,True
normal_02_018,test,normal_02,2,18,0.0,基于机器学习和新闻文本的原油期货资产配置研究_钟浩.pdf,P0010,live_normal,Keff678b299227ecddcbf4d17f7660b95ad60c101672d17ba7b273738c73df3c0,2,complete,0.0,0,0,0,0,82329886-d0fb-4973-811c-87e54a99f04d,2026-10-02T10:16:43.388387+00:00,True
normal_02_019,test,normal_02,2,19,0.0,信息熵在机器学习算法中的运用_张璐瑶.pdf,P0012,live_normal,K9455b6d7518a5c36d827b4348e81a09fdcc5e5fe003e877bc05bb7eb138eca2f,2,complete,0.0,0,0,0,0,7016bc82-b569-4c7a-be86-0c01bebef4f0,2026-10-02T10:16:44.199442+00:00,True
normal_02_020,test,normal_02,2,20,0.0,基于机器学习算法的黑色系期货价格预测_郭梓晗.pdf,P0015,live_normal,K5a3b1a850e68e1179ffaab8a8182196b1d087696ef52257a0a6ffad347030b14,2,complete,0.0,0,0,0,0,2db85af0-46d8-41f1-b6cf-519614c1bf3b,2026-10-02T10:16:44.715004+00:00,True
normal_02_021,test,normal_02,2,21,0.0,气候金融背景下的气温衍生品定价研究——基于机器学习算法_杨刚.pdf,P0004,live_normal,K9270f70913c0acef9bfc8848ba83f8d9b692f8ab4f838c7fb64aaa248fe849fb,2,complete,0.0,0,0,0,0,89221791-9f50-412b-9654-939148ac5483,2026-10-02T10:16:45.823542+00:00,True
normal_02_022,test,normal_02,2,22,0.0,气候金融背景下的气温衍生品定价研究——基于机器学习算法_杨刚.pdf,P0005,live_normal,K49cf5919474d41c8f7083ab6cb64a02560857ee3d54409accfc8538f21abb419,2,complete,0.0,0,0,0,0,f9dfe171-1460-47b7-abc4-ccdc0e48f223,2026-10-02T10:16:46.409608+00:00,True
normal_02_023,test,normal_02,2,23,0.0,气候金融背景下的气温衍生品定价研究——基于机器学习算法_杨刚.pdf,P0004,live_normal,K9270f70913c0acef9bfc8848ba83f8d9b692f8ab4f838c7fb64aaa248fe849fb,2,complete,0.0,0,0,0,0,288c201e-9540-435e-9cb5-6a018b7db6c1,2026-10-02T10:16:46.990709+00:00,True
normal_02_024,test,normal_02,2,24,0.0,基于机器学习算法的黑色系期货价格预测_郭梓晗.pdf,P0015,live_normal,K5a3b1a850e68e1179ffaab8a8182196b1d087696ef52257a0a6ffad347030b14,2,complete,0.0,0,0,0,0,d1a82e01-8e3b-4bef-96d0-a243d421bb67,2026-10-02T10:16:47.642833+00:00,True
normal_02_025,test,normal_02,2,25,0.0,气候金融背景下的气温衍生品定价研究——基于机器学习算法_杨刚.pdf,P0005,live_normal,K49cf5919474d41c8f7083ab6cb64a02560857ee3d54409accfc8538f21abb419,2,complete,0.0,0,0,0,0,7141705a-610c-4b63-b2ad-edd486d892a0,2026-10-02T10:16:48.239367+00:00,True
normal_02_026,test,normal_02,2,26,0.0,基于机器学习和新闻文本的原油期货资产配置研究_钟浩.pdf,P0010,live_normal,Keff678b299227ecddcbf4d17f7660b95ad60c101672d17ba7b273738c73df3c0,2,complete,0.0,0,0,0,0,80c1ac30-c6d8-43ec-b03b-83b73d456974,2026-10-02T10:16:48.870870+00:00,True
normal_02_027,test,normal_02,2,27,0.0,气候金融背景下的气温衍生品定价研究——基于机器学习算法_杨刚.pdf,P0005,live_normal,K49cf5919474d41c8f7083ab6cb64a02560857ee3d54409accfc8538f21abb419,2,complete,0.0,0,0,0,0,b697e4b1-1a97-4b40-a30f-9c1fd5cf28b1,2026-10-02T10:16:49.711312+00:00,True
normal_02_028,test,normal_02,2,28,0.0,基于机器学习算法的黑色系期货价格预测_郭梓晗.pdf,P0015,live_normal,K5a3b1a850e68e1179ffaab8a8182196b1d087696ef52257a0a6ffad347030b14,2,complete,0.0,0,0,0,0,d86a6f58-eaae-4d75-9e15-23fa7e57c8b7,2026-10-02T10:16:50.317074+00:00,True
normal_02_029,test,normal_02,2,29,0.0,基于机器学习和新闻文本的原油期货资产配置研究_钟浩.pdf,P0010,live_normal,Keff678b299227ecddcbf4d17f7660b95ad60c101672d17ba7b273738c73df3c0,2,complete,0.0,0,0,0,0,0a8d44ab-b229-4b0b-9615-1971f0cf6ffe,2026-10-02T10:16:50.990317+00:00,True
normal_02_030,test,normal_02,2,30,0.0,信息熵在机器学习算法中的运用_张璐瑶.pdf,P0012,live_normal,K9455b6d7518a5c36d827b4348e81a09fdcc5e5fe003e877bc05bb7eb138eca2f,2,complete,0.0,0,0,0,0,eecf1494-a58d-4b8f-8d77-0fd00a653898,2026-10-02T10:16:51.934424+00:00,True
normal_02_031,test,normal_02,2,31,0.0,基于机器学习算法的黑色系期货价格预测_郭梓晗.pdf,P0015,live_normal,K5a3b1a850e68e1179ffaab8a8182196b1d087696ef52257a0a6ffad347030b14,2,complete,0.0,0,0,0,0,d500be0b-5f80-4215-bbc0-86d31cb12fc5,2026-10-02T10:16:52.652886+00:00,True
normal_02_032,test,normal_02,2,32,0.0,气候金融背景下的气温衍生品定价研究——基于机器学习算法_杨刚.pdf,P0005,live_normal,K49cf5919474d41c8f7083ab6cb64a02560857ee3d54409accfc8538f21abb419,2,complete,0.0,0,0,0,0,84ca6258-02f7-45d1-a7f9-15078f746ca1,2026-10-02T10:16:53.294932+00:00,True
normal_02_033,test,normal_02,2,33,0.0,基于机器学习算法的黑色系期货价格预测_郭梓晗.pdf,P0015,live_normal,K5a3b1a850e68e1179ffaab8a8182196b1d087696ef52257a0a6ffad347030b14,2,complete,0.0,0,0,0,0,874a0306-aa1a-4902-bf08-2e798219f457,2026-10-02T10:16:53.784424+00:00,True
normal_02_034,test,normal_02,2,34,0.0,气候金融背景下的气温衍生品定价研究——基于机器学习算法_杨刚.pdf,P0004,live_normal,K9270f70913c0acef9bfc8848ba83f8d9b692f8ab4f838c7fb64aaa248fe849fb,2,complete,0.0,0,0,0,0,a28b0d58-bbb3-4726-a99b-699d7984e7e8,2026-10-02T10:16:54.622313+00:00,True
normal_02_035,test,normal_02,2,35,0.0,信息熵在机器学习算法中的运用_张璐瑶.pdf,P0012,live_normal,K9455b6d7518a5c36d827b4348e81a09fdcc5e5fe003e877bc05bb7eb138eca2f,2,complete,0.0,0,0,0,0,248ba874-51d4-4986-b14c-ab2cc76e2567,2026-10-02T10:16:55.169859+00:00,True
normal_02_036,test,normal_02,2,36,0.0,基于机器学习算法的黑色系期货价格预测_郭梓晗.pdf,P0015,live_normal,K5a3b1a850e68e1179ffaab8a8182196b1d087696ef52257a0a6ffad347030b14,2,complete,0.0,0,0,0,0,2e227d81-0aa4-43b6-9395-85f3183467a7,2026-10-02T10:16:55.780317+00:00,True
normal_02_037,test,normal_02,2,37,0.0,气候金融背景下的气温衍生品定价研究——基于机器学习算法_杨刚.pdf,P0004,live_normal,K9270f70913c0acef9bfc8848ba83f8d9b692f8ab4f838c7fb64aaa248fe849fb,2,complete,0.0,0,0,0,0,d466badd-fff2-4b39-8e88-4e0f2f7bc76b,2026-10-02T10:16:56.569912+00:00,True
normal_02_038,test,normal_02,2,38,0.0,基于机器学习和新闻文本的原油期货资产配置研究_钟浩.pdf,P0010,live_normal,Keff678b299227ecddcbf4d17f7660b95ad60c101672d17ba7b273738c73df3c0,2,complete,0.0,0,0,0,0,1413aac8-11eb-4ff2-b688-d865f72cb858,2026-10-02T10:16:57.804986+00:00,True
normal_02_039,test,normal_02,2,39,0.0,气候金融背景下的气温衍生品定价研究——基于机器学习算法_杨刚.pdf,P0005,live_normal,K49cf5919474d41c8f7083ab6cb64a02560857ee3d54409accfc8538f21abb419,2,complete,0.0,0,0,0,0,0bfd0b29-2f1d-490b-bc58-2d7883bd778b,2026-10-02T10:16:58.291060+00:00,True
normal_02_040,test,normal_02,2,40,0.0,基于机器学习算法的黑色系期货价格预测_郭梓晗.pdf,P0015,live_normal,K5a3b1a850e68e1179ffaab8a8182196b1d087696ef52257a0a6ffad347030b14,2,complete,0.0,0,0,0,0,bd5881bc-5c92-482d-a641-d7324980d25e,2026-10-02T10:16:59.202565+00:00,True
normal_03_001,test,normal_03,3,1,0.0,气候金融背景下的气温衍生品定价研究——基于机器学习算法_杨刚.pdf,P0005,live_normal,K49cf5919474d41c8f7083ab6cb64a02560857ee3d54409accfc8538f21abb419,2,complete,0.0,0,0,0,0,6977b50e-4c2f-445c-8dec-797a9427f16d,2026-10-02T10:16:52.753057+00:00,True
normal_03_002,test,normal_03,3,2,0.0,信息熵在机器学习算法中的运用_张璐瑶.pdf,P0012,live_normal,K9455b6d7518a5c36d827b4348e81a09fdcc5e5fe003e877bc05bb7eb138eca2f,2,complete,0.0,0,0,0,0,c36cc0b3-56fd-43fd-b455-b64026f71a53,2026-10-02T10:16:53.665311+00:00,True
normal_03_003,test,normal_03,3,3,0.0,信息熵在机器学习算法中的运用_张璐瑶.pdf,P0012,live_normal,K9455b6d7518a5c36d827b4348e81a09fdcc5e5fe003e877bc05bb7eb138eca2f,2,complete,0.0,0,0,0,0,c3a191af-d1fc-4ac6-8d4a-44d6da011a3d,2026-10-02T10:16:54.146410+00:00,True
normal_03_004,test,normal_03,3,4,0.0,基于机器学习算法的黑色系期货价格预测_郭梓晗.pdf,P0015,live_normal,K5a3b1a850e68e1179ffaab8a8182196b1d087696ef52257a0a6ffad347030b14,2,complete,0.0,0,0,0,0,c8fd11f2-8418-4f72-96ac-387d0adb4263,2026-10-02T10:16:55.056027+00:00,True
normal_03_005,test,normal_03,3,5,0.0,基于机器学习和新闻文本的原油期货资产配置研究_钟浩.pdf,P0010,live_normal,Keff678b299227ecddcbf4d17f7660b95ad60c101672d17ba7b273738c73df3c0,2,complete,0.0,0,0,0,0,bda73818-f1a7-43c8-a36f-60d18b6b872a,2026-10-02T10:16:56.020355+00:00,True
normal_03_006,test,normal_03,3,6,0.0,气候金融背景下的气温衍生品定价研究——基于机器学习算法_杨刚.pdf,P0004,live_normal,K9270f70913c0acef9bfc8848ba83f8d9b692f8ab4f838c7fb64aaa248fe849fb,2,complete,0.0,0,0,0,0,fc1a3469-b965-4363-ad70-4e5a7d4faf8b,2026-10-02T10:16:57.168588+00:00,True
normal_03_007,test,normal_03,3,7,0.0,基于机器学习和新闻文本的原油期货资产配置研究_钟浩.pdf,P0010,live_normal,Keff678b299227ecddcbf4d17f7660b95ad60c101672d17ba7b273738c73df3c0,2,complete,0.0,0,0,0,0,23f55d93-3f77-46c8-9025-d37a33693113,2026-10-02T10:16:58.051006+00:00,True
normal_03_008,test,normal_03,3,8,0.0,气候金融背景下的气温衍生品定价研究——基于机器学习算法_杨刚.pdf,P0004,live_normal,K9270f70913c0acef9bfc8848ba83f8d9b692f8ab4f838c7fb64aaa248fe849fb,2,complete,0.0,0,0,0,0,85910b2a-5191-4ecc-aa90-d83b51f4c10c,2026-10-02T10:16:58.882220+00:00,True
normal_03_009,test,normal_03,3,9,0.0,气候金融背景下的气温衍生品定价研究——基于机器学习算法_杨刚.pdf,P0004,live_normal,K9270f70913c0acef9bfc8848ba83f8d9b692f8ab4f838c7fb64aaa248fe849fb,2,complete,0.0,0,0,0,0,7c72676c-9b48-408b-82a1-1f4f81bfafe9,2026-10-02T10:16:59.611253+00:00,True
normal_03_010,test,normal_03,3,10,0.0,基于机器学习算法的黑色系期货价格预测_郭梓晗.pdf,P0015,live_normal,K5a3b1a850e68e1179ffaab8a8182196b1d087696ef52257a0a6ffad347030b14,2,complete,0.0,0,0,0,0,8ae3b852-6521-4f60-8510-4c6be941e1a1,2026-10-02T10:17:00.056755+00:00,True
normal_03_011,test,normal_03,3,11,0.0,基于机器学习和新闻文本的原油期货资产配置研究_钟浩.pdf,P0010,live_normal,Keff678b299227ecddcbf4d17f7660b95ad60c101672d17ba7b273738c73df3c0,2,complete,0.0,0,0,0,0,89d89043-7e12-427d-9c67-f0dd7a66d1dc,2026-10-02T10:17:00.986728+00:00,True
normal_03_012,test,normal_03,3,12,0.0,信息熵在机器学习算法中的运用_张璐瑶.pdf,P0012,live_normal,K9455b6d7518a5c36d827b4348e81a09fdcc5e5fe003e877bc05bb7eb138eca2f,2,complete,0.0,0,0,0,0,96bb35ea-febd-4b44-8463-1a95ba937eda,2026-10-02T10:17:01.832309+00:00,True
normal_03_013,test,normal_03,3,13,0.0,基于机器学习算法的黑色系期货价格预测_郭梓晗.pdf,P0015,live_normal,K5a3b1a850e68e1179ffaab8a8182196b1d087696ef52257a0a6ffad347030b14,2,complete,0.0,0,0,0,0,74659be2-4444-4e3f-b4cf-bbc2fcbae00e,2026-10-02T10:17:02.520914+00:00,True
normal_03_014,test,normal_03,3,14,0.0,信息熵在机器学习算法中的运用_张璐瑶.pdf,P0012,live_normal,K9455b6d7518a5c36d827b4348e81a09fdcc5e5fe003e877bc05bb7eb138eca2f,2,complete,0.0,0,0,0,0,ee019dd1-4704-48aa-a7e3-4bbd9d98e832,2026-10-02T10:17:03.062353+00:00,True
normal_03_015,test,normal_03,3,15,0.0,信息熵在机器学习算法中的运用_张璐瑶.pdf,P0012,live_normal,K455be6ec0576ef7c24e84b6c16982e8b13570f618bc4d79871f64f8b5fc51c6b,2,complete,0.0,0,0,0,0,68181934-db65-4bda-8703-b837f3c1bc86,2026-10-02T10:17:03.473633+00:00,True
normal_03_016,test,normal_03,3,16,0.0,基于机器学习和新闻文本的原油期货资产配置研究_钟浩.pdf,P0010,live_normal,Keff678b299227ecddcbf4d17f7660b95ad60c101672d17ba7b273738c73df3c0,2,complete,0.0,0,0,0,0,40fab6ae-8b20-4729-bde9-55ce56871c7e,2026-10-02T10:17:04.227620+00:00,True
normal_03_017,test,normal_03,3,17,0.0,基于机器学习和新闻文本的原油期货资产配置研究_钟浩.pdf,P0010,live_normal,Keff678b299227ecddcbf4d17f7660b95ad60c101672d17ba7b273738c73df3c0,2,complete,0.0,0,0,0,0,37811f5d-19f1-479c-9d74-a6789c170126,2026-10-02T10:17:05.039326+00:00,True
normal_03_018,test,normal_03,3,18,0.0,基于机器学习算法的黑色系期货价格预测_郭梓晗.pdf,P0015,live_normal,K5a3b1a850e68e1179ffaab8a8182196b1d087696ef52257a0a6ffad347030b14,2,complete,0.0,0,0,0,0,decf1872-42f2-408c-b02c-2499dac55496,2026-10-02T10:17:05.629738+00:00,True
normal_03_019,test,normal_03,3,19,0.0,基于机器学习和新闻文本的原油期货资产配置研究_钟浩.pdf,P0010,live_normal,Keff678b299227ecddcbf4d17f7660b95ad60c101672d17ba7b273738c73df3c0,2,complete,0.0,0,0,0,0,0045e329-3d3e-4cc0-a494-8094380ae230,2026-10-02T10:17:06.407361+00:00,True
normal_03_020,test,normal_03,3,20,0.0,基于机器学习算法的黑色系期货价格预测_郭梓晗.pdf,P0015,live_normal,K5a3b1a850e68e1179ffaab8a8182196b1d087696ef52257a0a6ffad347030b14,2,complete,0.0,0,0,0,0,466114c2-772a-4431-a439-5d6daa1d8182,2026-10-02T10:17:07.052020+00:00,True
normal_03_021,test,normal_03,3,21,0.0,气候金融背景下的气温衍生品定价研究——基于机器学习算法_杨刚.pdf,P0005,live_normal,K49cf5919474d41c8f7083ab6cb64a02560857ee3d54409accfc8538f21abb419,2,complete,0.0,0,0,0,0,0a57254b-a1f3-4b29-941e-8983d84a2691,2026-10-02T10:17:07.511352+00:00,True
normal_03_022,test,normal_03,3,22,0.0,基于机器学习和新闻文本的原油期货资产配置研究_钟浩.pdf,P0010,live_normal,Keff678b299227ecddcbf4d17f7660b95ad60c101672d17ba7b273738c73df3c0,2,complete,0.0,0,0,0,0,7202ce97-6632-427d-a844-53e752d47062,2026-10-02T10:17:08.338839+00:00,True
normal_03_023,test,normal_03,3,23,0.0,基于机器学习算法的黑色系期货价格预测_郭梓晗.pdf,P0015,live_normal,K5a3b1a850e68e1179ffaab8a8182196b1d087696ef52257a0a6ffad347030b14,2,complete,0.0,0,0,0,0,a87486ce-3f8f-41b1-b554-49b35a6bddc5,2026-10-02T10:17:09.106100+00:00,True
normal_03_024,test,normal_03,3,24,0.0,基于机器学习算法的黑色系期货价格预测_郭梓晗.pdf,P0015,live_normal,K5a3b1a850e68e1179ffaab8a8182196b1d087696ef52257a0a6ffad347030b14,2,complete,0.0,0,0,0,0,4cf4a404-815c-4764-a39f-5211527d4627,2026-10-02T10:17:09.989715+00:00,True
normal_03_025,test,normal_03,3,25,0.0,基于机器学习和新闻文本的原油期货资产配置研究_钟浩.pdf,P0010,live_normal,Keff678b299227ecddcbf4d17f7660b95ad60c101672d17ba7b273738c73df3c0,2,complete,0.0,0,0,0,0,07139cf7-7d60-4482-b39d-345443e82556,2026-10-02T10:17:10.622913+00:00,True
normal_03_026,test,normal_03,3,26,0.0,信息熵在机器学习算法中的运用_张璐瑶.pdf,P0012,live_normal,K9455b6d7518a5c36d827b4348e81a09fdcc5e5fe003e877bc05bb7eb138eca2f,2,complete,0.0,0,0,0,0,4e7653de-fa3c-45c1-b1e4-ef51a8ba13cd,2026-10-02T10:17:11.665063+00:00,True
normal_03_027,test,normal_03,3,27,0.0,气候金融背景下的气温衍生品定价研究——基于机器学习算法_杨刚.pdf,P0005,live_normal,K49cf5919474d41c8f7083ab6cb64a02560857ee3d54409accfc8538f21abb419,2,complete,0.0,0,0,0,0,3b3cfd60-af4b-4080-9175-ff4bda0a67a5,2026-10-02T10:17:12.440680+00:00,True
normal_03_028,test,normal_03,3,28,0.0,基于机器学习和新闻文本的原油期货资产配置研究_钟浩.pdf,P0010,live_normal,Keff678b299227ecddcbf4d17f7660b95ad60c101672d17ba7b273738c73df3c0,2,complete,0.0,0,0,0,0,af8bbd37-6c4b-488a-a93d-5d7712f2c285,2026-10-02T10:17:13.381779+00:00,True
normal_03_029,test,normal_03,3,29,0.0,气候金融背景下的气温衍生品定价研究——基于机器学习算法_杨刚.pdf,P0005,live_normal,K49cf5919474d41c8f7083ab6cb64a02560857ee3d54409accfc8538f21abb419,2,complete,0.0,0,0,0,0,bd4e2972-e2e7-4a53-9c7f-71c96f47b8d2,2026-10-02T10:17:14.806222+00:00,True
normal_03_030,test,normal_03,3,30,0.0,信息熵在机器学习算法中的运用_张璐瑶.pdf,P0012,live_normal,K9455b6d7518a5c36d827b4348e81a09fdcc5e5fe003e877bc05bb7eb138eca2f,2,complete,0.0,0,0,0,0,70966a88-e7c5-492f-8b6b-422ae4a4c15a,2026-10-02T10:17:15.998757+00:00,True
normal_03_031,test,normal_03,3,31,0.0,基于机器学习算法的黑色系期货价格预测_郭梓晗.pdf,P0015,live_normal,K5a3b1a850e68e1179ffaab8a8182196b1d087696ef52257a0a6ffad347030b14,2,complete,0.0,0,0,0,0,e5eb90dd-7987-4531-8302-9e80c748246f,2026-10-02T10:17:16.741253+00:00,True
normal_03_032,test,normal_03,3,32,0.0,信息熵在机器学习算法中的运用_张璐瑶.pdf,P0012,live_normal,K9455b6d7518a5c36d827b4348e81a09fdcc5e5fe003e877bc05bb7eb138eca2f,2,complete,0.0,0,0,0,0,2941cb7c-3bb1-493e-b62c-c2697a2bb3a9,2026-10-02T10:17:17.201381+00:00,True
normal_03_033,test,normal_03,3,33,0.0,基于机器学习算法的黑色系期货价格预测_郭梓晗.pdf,P0015,live_normal,K5a3b1a850e68e1179ffaab8a8182196b1d087696ef52257a0a6ffad347030b14,2,complete,0.0,0,0,0,0,2276455f-c36d-46f6-8c14-4c3ae6f21960,2026-10-02T10:17:17.827875+00:00,True
normal_03_034,test,normal_03,3,34,0.0,气候金融背景下的气温衍生品定价研究——基于机器学习算法_杨刚.pdf,P0004,live_normal,K9270f70913c0acef9bfc8848ba83f8d9b692f8ab4f838c7fb64aaa248fe849fb,2,complete,0.0,0,0,0,0,1bf44b2a-4887-4908-a1cf-3b719d37bfe1,2026-10-02T10:17:18.460282+00:00,True
normal_03_035,test,normal_03,3,35,0.0,基于机器学习和新闻文本的原油期货资产配置研究_钟浩.pdf,P0010,live_normal,Keff678b299227ecddcbf4d17f7660b95ad60c101672d17ba7b273738c73df3c0,2,complete,0.0,0,0,0,0,fc9755b0-9c65-40d4-825a-6abebf0cdd26,2026-10-02T10:17:19.341283+00:00,True
normal_03_036,test,normal_03,3,36,0.0,基于机器学习算法的黑色系期货价格预测_郭梓晗.pdf,P0015,live_normal,K5a3b1a850e68e1179ffaab8a8182196b1d087696ef52257a0a6ffad347030b14,2,complete,0.0,0,0,0,0,08ca0991-25f9-48c0-9afb-4aa19f7f21ec,2026-10-02T10:17:19.811725+00:00,True
normal_03_037,test,normal_03,3,37,0.0,基于机器学习和新闻文本的原油期货资产配置研究_钟浩.pdf,P0010,live_normal,Keff678b299227ecddcbf4d17f7660b95ad60c101672d17ba7b273738c73df3c0,2,complete,0.0,0,0,0,0,3ea0443b-039d-4386-a766-9bc59d90dde6,2026-10-02T10:17:20.806428+00:00,True
normal_03_038,test,normal_03,3,38,0.0,基于机器学习算法的黑色系期货价格预测_郭梓晗.pdf,P0015,live_normal,K5a3b1a850e68e1179ffaab8a8182196b1d087696ef52257a0a6ffad347030b14,2,complete,0.0,0,0,0,0,b20c0cc2-dd49-49d0-83c6-d91568a64788,2026-10-02T10:17:21.338802+00:00,True
normal_03_039,test,normal_03,3,39,0.0,气候金融背景下的气温衍生品定价研究——基于机器学习算法_杨刚.pdf,P0005,live_normal,K49cf5919474d41c8f7083ab6cb64a02560857ee3d54409accfc8538f21abb419,2,complete,0.0,0,0,0,0,1e6b79e9-6701-486a-b80d-ab69a6e3a783,2026-10-02T10:17:21.955249+00:00,True
normal_03_040,test,normal_03,3,40,0.0,气候金融背景下的气温衍生品定价研究——基于机器学习算法_杨刚.pdf,P0004,live_normal,K9270f70913c0acef9bfc8848ba83f8d9b692f8ab4f838c7fb64aaa248fe849fb,2,complete,0.0,0,0,0,0,fbfc75c5-5b4d-476e-bc5e-a95d747a7bc7,2026-10-02T10:17:22.694538+00:00,True
normal_04_001,test,normal_04,4,1,0.0,基于机器学习算法的黑色系期货价格预测_郭梓晗.pdf,P0015,live_normal,K5a3b1a850e68e1179ffaab8a8182196b1d087696ef52257a0a6ffad347030b14,2,complete,0.0,0,0,0,0,f94a9656-4a7a-467c-891d-7ed16c3ca781,2026-10-02T10:20:06.325769+00:00,True
normal_04_002,test,normal_04,4,2,0.0,气候金融背景下的气温衍生品定价研究——基于机器学习算法_杨刚.pdf,P0005,live_normal,K49cf5919474d41c8f7083ab6cb64a02560857ee3d54409accfc8538f21abb419,2,complete,0.0,0,0,0,0,3e7946bc-2bc8-40f2-b9b0-218ffdf06177,2026-10-02T10:20:07.605442+00:00,True
normal_04_003,test,normal_04,4,3,0.0,气候金融背景下的气温衍生品定价研究——基于机器学习算法_杨刚.pdf,P0005,live_normal,K49cf5919474d41c8f7083ab6cb64a02560857ee3d54409accfc8538f21abb419,2,complete,0.0,0,0,0,0,e1904fe7-bba8-4474-8d4c-c7ada3a51a02,2026-10-02T10:20:08.205119+00:00,True
normal_04_004,test,normal_04,4,4,0.0,基于机器学习和新闻文本的原油期货资产配置研究_钟浩.pdf,P0010,live_normal,Keff678b299227ecddcbf4d17f7660b95ad60c101672d17ba7b273738c73df3c0,2,complete,0.0,0,0,0,0,f3471e41-4ea2-42e9-82d7-74dc6c44127e,2026-10-02T10:20:08.891357+00:00,True
normal_04_005,test,normal_04,4,5,0.0,基于机器学习算法的黑色系期货价格预测_郭梓晗.pdf,P0015,live_normal,K5a3b1a850e68e1179ffaab8a8182196b1d087696ef52257a0a6ffad347030b14,2,complete,0.0,0,0,0,0,c1f5abe8-a2b8-42a4-8dc0-f212dc24ce07,2026-10-02T10:20:09.861854+00:00,True
normal_04_006,test,normal_04,4,6,0.0,基于机器学习和新闻文本的原油期货资产配置研究_钟浩.pdf,P0010,live_normal,Keff678b299227ecddcbf4d17f7660b95ad60c101672d17ba7b273738c73df3c0,2,complete,0.0,0,0,0,0,66b80579-d1b0-42a9-b3bd-cb2b0c0eb94e,2026-10-02T10:20:10.716121+00:00,True
normal_04_007,test,normal_04,4,7,0.0,基于机器学习和新闻文本的原油期货资产配置研究_钟浩.pdf,P0010,live_normal,Keff678b299227ecddcbf4d17f7660b95ad60c101672d17ba7b273738c73df3c0,2,complete,0.0,0,0,0,0,151ba63f-afa4-4eae-a31f-d5d7907fbd08,2026-10-02T10:20:11.814003+00:00,True
normal_04_008,test,normal_04,4,8,0.0,信息熵在机器学习算法中的运用_张璐瑶.pdf,P0012,live_normal,K9455b6d7518a5c36d827b4348e81a09fdcc5e5fe003e877bc05bb7eb138eca2f,2,complete,0.0,0,0,0,0,6029e54b-2b4b-4341-ba06-673158601c91,2026-10-02T10:20:12.672430+00:00,True
normal_04_009,test,normal_04,4,9,0.0,基于机器学习算法的黑色系期货价格预测_郭梓晗.pdf,P0015,live_normal,K5a3b1a850e68e1179ffaab8a8182196b1d087696ef52257a0a6ffad347030b14,2,complete,0.0,0,0,0,0,2f542008-f826-4b00-8481-83c406d14939,2026-10-02T10:20:13.632021+00:00,True
normal_04_010,test,normal_04,4,10,0.0,气候金融背景下的气温衍生品定价研究——基于机器学习算法_杨刚.pdf,P0005,live_normal,K49cf5919474d41c8f7083ab6cb64a02560857ee3d54409accfc8538f21abb419,2,complete,0.0,0,0,0,0,90f7e2a7-14da-4d93-9e6e-0935f0d18572,2026-10-02T10:20:14.520371+00:00,True
normal_04_011,test,normal_04,4,11,0.0,气候金融背景下的气温衍生品定价研究——基于机器学习算法_杨刚.pdf,P0005,live_normal,K49cf5919474d41c8f7083ab6cb64a02560857ee3d54409accfc8538f21abb419,2,complete,0.0,0,0,0,0,b7b334a7-9f1d-485e-a4ed-b30f041c59ec,2026-10-02T10:20:15.152226+00:00,True
normal_04_012,test,normal_04,4,12,0.0,基于机器学习算法的黑色系期货价格预测_郭梓晗.pdf,P0015,live_normal,K5a3b1a850e68e1179ffaab8a8182196b1d087696ef52257a0a6ffad347030b14,2,complete,0.0,0,0,0,0,95ff58ea-2196-4abc-8fe8-71018e475205,2026-10-02T10:20:15.763801+00:00,True
normal_04_013,test,normal_04,4,13,0.0,基于机器学习和新闻文本的原油期货资产配置研究_钟浩.pdf,P0010,live_normal,Keff678b299227ecddcbf4d17f7660b95ad60c101672d17ba7b273738c73df3c0,2,complete,0.0,0,0,0,0,1aaa8c27-690e-4da5-bb2f-60a167bd912a,2026-10-02T10:20:16.735310+00:00,True
normal_04_014,test,normal_04,4,14,0.0,基于机器学习算法的黑色系期货价格预测_郭梓晗.pdf,P0015,live_normal,K5a3b1a850e68e1179ffaab8a8182196b1d087696ef52257a0a6ffad347030b14,2,complete,0.0,0,0,0,0,d6434f5b-d870-40b6-a032-4c10c83530f5,2026-10-02T10:20:17.586612+00:00,True
normal_04_015,test,normal_04,4,15,0.0,基于机器学习和新闻文本的原油期货资产配置研究_钟浩.pdf,P0010,live_normal,Keff678b299227ecddcbf4d17f7660b95ad60c101672d17ba7b273738c73df3c0,2,complete,0.0,0,0,0,0,ac77e2c8-0fa6-4d29-8639-a2ee873b3cc1,2026-10-02T10:20:18.211887+00:00,True
normal_04_016,test,normal_04,4,16,0.0,气候金融背景下的气温衍生品定价研究——基于机器学习算法_杨刚.pdf,P0004,live_normal,K9270f70913c0acef9bfc8848ba83f8d9b692f8ab4f838c7fb64aaa248fe849fb,2,complete,0.0,0,0,0,0,5a7ece01-634a-4c5b-83aa-aca01e42e901,2026-10-02T10:20:18.863951+00:00,True
normal_04_017,test,normal_04,4,17,0.0,信息熵在机器学习算法中的运用_张璐瑶.pdf,P0012,live_normal,K9455b6d7518a5c36d827b4348e81a09fdcc5e5fe003e877bc05bb7eb138eca2f,2,complete,0.0,0,0,0,0,619886fd-4c3f-4548-bd93-4cec7ea42239,2026-10-02T10:20:19.666822+00:00,True
normal_04_018,test,normal_04,4,18,0.0,信息熵在机器学习算法中的运用_张璐瑶.pdf,P0012,live_normal,K9455b6d7518a5c36d827b4348e81a09fdcc5e5fe003e877bc05bb7eb138eca2f,2,complete,0.0,0,0,0,0,61f4e1e2-8973-4099-bf9b-050a87bdcead,2026-10-02T10:20:20.314510+00:00,True
normal_04_019,test,normal_04,4,19,0.0,基于机器学习算法的黑色系期货价格预测_郭梓晗.pdf,P0015,live_normal,K5a3b1a850e68e1179ffaab8a8182196b1d087696ef52257a0a6ffad347030b14,2,complete,0.0,0,0,0,0,fbb0cd20-5eb1-4068-81ec-133bf78a913a,2026-10-02T10:20:20.812588+00:00,True
normal_04_020,test,normal_04,4,20,0.0,基于机器学习和新闻文本的原油期货资产配置研究_钟浩.pdf,P0010,live_normal,Keff678b299227ecddcbf4d17f7660b95ad60c101672d17ba7b273738c73df3c0,2,complete,0.0,0,0,0,0,6e4e838e-150b-4d8d-8911-f44c81f3441d,2026-10-02T10:20:21.588322+00:00,True
normal_04_021,test,normal_04,4,21,0.0,基于机器学习算法的黑色系期货价格预测_郭梓晗.pdf,P0015,live_normal,K5a3b1a850e68e1179ffaab8a8182196b1d087696ef52257a0a6ffad347030b14,2,complete,0.0,0,0,0,0,f43eac50-7fe5-4d32-86ad-e72f204f9e0a,2026-10-02T10:20:22.506317+00:00,True
normal_04_022,test,normal_04,4,22,0.0,基于机器学习和新闻文本的原油期货资产配置研究_钟浩.pdf,P0010,live_normal,Keff678b299227ecddcbf4d17f7660b95ad60c101672d17ba7b273738c73df3c0,2,complete,0.0,0,0,0,0,dcfb5432-5e30-4f84-810f-4da0508f1178,2026-10-02T10:20:23.318344+00:00,True
normal_04_023,test,normal_04,4,23,0.0,信息熵在机器学习算法中的运用_张璐瑶.pdf,P0012,live_normal,K9455b6d7518a5c36d827b4348e81a09fdcc5e5fe003e877bc05bb7eb138eca2f,2,complete,0.0,0,0,0,0,e45714d1-29fa-4e15-b961-adc149d25136,2026-10-02T10:20:24.129195+00:00,True
normal_04_024,test,normal_04,4,24,0.0,基于机器学习算法的黑色系期货价格预测_郭梓晗.pdf,P0015,live_normal,K5a3b1a850e68e1179ffaab8a8182196b1d087696ef52257a0a6ffad347030b14,2,complete,0.0,0,0,0,0,f04d4666-2eac-4123-8644-f4643a1753c1,2026-10-02T10:20:24.691055+00:00,True
normal_04_025,test,normal_04,4,25,0.0,气候金融背景下的气温衍生品定价研究——基于机器学习算法_杨刚.pdf,P0005,live_normal,K49cf5919474d41c8f7083ab6cb64a02560857ee3d54409accfc8538f21abb419,2,complete,0.0,0,0,0,0,ac9f7bd4-1dac-4d0a-bcf7-23e666257db0,2026-10-02T10:20:25.642407+00:00,True
normal_04_026,test,normal_04,4,26,0.0,气候金融背景下的气温衍生品定价研究——基于机器学习算法_杨刚.pdf,P0005,live_normal,K49cf5919474d41c8f7083ab6cb64a02560857ee3d54409accfc8538f21abb419,2,complete,0.0,0,0,0,0,946b88f2-c1cd-4e55-a95c-031d04692ff6,2026-10-02T10:20:26.585985+00:00,True
normal_04_027,test,normal_04,4,27,0.0,气候金融背景下的气温衍生品定价研究——基于机器学习算法_杨刚.pdf,P0005,live_normal,K49cf5919474d41c8f7083ab6cb64a02560857ee3d54409accfc8538f21abb419,2,complete,0.0,0,0,0,0,0f4c570c-8cf2-4516-b028-3bf9fb12097b,2026-10-02T10:20:27.264973+00:00,True
normal_04_028,test,normal_04,4,28,0.0,基于机器学习和新闻文本的原油期货资产配置研究_钟浩.pdf,P0010,live_normal,Keff678b299227ecddcbf4d17f7660b95ad60c101672d17ba7b273738c73df3c0,2,complete,0.0,0,0,0,0,c6a6bd4d-0505-484b-86c3-0a0e41d12f8d,2026-10-02T10:20:27.924884+00:00,True
normal_04_029,test,normal_04,4,29,0.0,基于机器学习和新闻文本的原油期货资产配置研究_钟浩.pdf,P0010,live_normal,Keff678b299227ecddcbf4d17f7660b95ad60c101672d17ba7b273738c73df3c0,2,complete,0.0,0,0,0,0,2a5ed071-bb45-47eb-a94e-91dfac672d85,2026-10-02T10:20:28.615666+00:00,True
normal_04_030,test,normal_04,4,30,0.0,基于机器学习和新闻文本的原油期货资产配置研究_钟浩.pdf,P0010,live_normal,Keff678b299227ecddcbf4d17f7660b95ad60c101672d17ba7b273738c73df3c0,2,complete,0.0,0,0,0,0,c1284c53-38bf-417b-84c1-6318925fb461,2026-10-02T10:20:29.275317+00:00,True
normal_04_031,test,normal_04,4,31,0.0,信息熵在机器学习算法中的运用_张璐瑶.pdf,P0012,live_normal,K9455b6d7518a5c36d827b4348e81a09fdcc5e5fe003e877bc05bb7eb138eca2f,2,complete,0.0,0,0,0,0,d2abbd6d-f886-4683-b2d6-906097b3bc5a,2026-10-02T10:20:30.055913+00:00,True
normal_04_032,test,normal_04,4,32,0.0,基于机器学习算法的黑色系期货价格预测_郭梓晗.pdf,P0015,live_normal,K5a3b1a850e68e1179ffaab8a8182196b1d087696ef52257a0a6ffad347030b14,2,complete,0.0,0,0,0,0,0a2ec7ec-21a5-45c5-8645-a654b6844b7a,2026-10-02T10:20:30.908997+00:00,True
normal_04_033,test,normal_04,4,33,0.0,气候金融背景下的气温衍生品定价研究——基于机器学习算法_杨刚.pdf,P0004,live_normal,K9270f70913c0acef9bfc8848ba83f8d9b692f8ab4f838c7fb64aaa248fe849fb,2,complete,0.0,0,0,0,0,577da729-5524-4833-a984-36a1ae69a45f,2026-10-02T10:20:31.350790+00:00,True
normal_04_034,test,normal_04,4,34,0.0,基于机器学习和新闻文本的原油期货资产配置研究_钟浩.pdf,P0010,live_normal,Keff678b299227ecddcbf4d17f7660b95ad60c101672d17ba7b273738c73df3c0,2,complete,0.0,0,0,0,0,a4fe2801-1073-4118-933e-81b275a89a45,2026-10-02T10:20:32.324433+00:00,True
normal_04_035,test,normal_04,4,35,0.0,信息熵在机器学习算法中的运用_张璐瑶.pdf,P0012,live_normal,K9455b6d7518a5c36d827b4348e81a09fdcc5e5fe003e877bc05bb7eb138eca2f,2,complete,0.0,0,0,0,0,336df04d-d3d2-44e0-9ee1-b7a047320f28,2026-10-02T10:20:32.738662+00:00,True
normal_04_036,test,normal_04,4,36,0.0,气候金融背景下的气温衍生品定价研究——基于机器学习算法_杨刚.pdf,P0004,live_normal,K9270f70913c0acef9bfc8848ba83f8d9b692f8ab4f838c7fb64aaa248fe849fb,2,complete,0.0,0,0,0,0,b0be982b-0870-4611-a425-90340f24dd62,2026-10-02T10:20:33.555705+00:00,True
normal_04_037,test,normal_04,4,37,0.0,信息熵在机器学习算法中的运用_张璐瑶.pdf,P0012,live_normal,K9455b6d7518a5c36d827b4348e81a09fdcc5e5fe003e877bc05bb7eb138eca2f,2,complete,0.0,0,0,0,0,d652b95a-12a9-4570-8204-2b1242f74a31,2026-10-02T10:20:34.372079+00:00,True
normal_04_038,test,normal_04,4,38,0.0,气候金融背景下的气温衍生品定价研究——基于机器学习算法_杨刚.pdf,P0005,live_normal,K49cf5919474d41c8f7083ab6cb64a02560857ee3d54409accfc8538f21abb419,2,complete,0.0,0,0,0,0,7739a815-57f7-4fec-a52d-73298d44cc24,2026-10-02T10:20:34.952890+00:00,True
normal_04_039,test,normal_04,4,39,0.0,气候金融背景下的气温衍生品定价研究——基于机器学习算法_杨刚.pdf,P0005,live_normal,K49cf5919474d41c8f7083ab6cb64a02560857ee3d54409accfc8538f21abb419,2,complete,0.0,0,0,0,0,2a589812-3120-4c73-9aaa-70e28f6b64d1,2026-10-02T10:20:35.704106+00:00,True
normal_04_040,test,normal_04,4,40,0.0,基于机器学习算法的黑色系期货价格预测_郭梓晗.pdf,P0015,live_normal,K02bb1dc42b9bf68b5351b568c548ebc99723d1e35095ee7c9bf1c7a874a360ed,2,complete,0.0,0,0,0,0,281b6c40-6c80-491b-838a-7459686b93d4,2026-10-02T10:20:36.184043+00:00,True
normal_05_001,test,normal_05,5,1,0.0,基于机器学习和新闻文本的原油期货资产配置研究_钟浩.pdf,P0010,live_normal,Keff678b299227ecddcbf4d17f7660b95ad60c101672d17ba7b273738c73df3c0,2,complete,0.0,0,0,0,0,0e7a241b-7aa3-4777-9ba7-f39a28c66b9c,2026-10-02T10:16:38.906648+00:00,True
normal_05_002,test,normal_05,5,2,0.0,基于机器学习算法的黑色系期货价格预测_郭梓晗.pdf,P0015,live_normal,K5a3b1a850e68e1179ffaab8a8182196b1d087696ef52257a0a6ffad347030b14,2,complete,0.0,0,0,0,0,8edf1ee7-f903-42e4-9ca8-6c343e97061b,2026-10-02T10:16:39.809761+00:00,True
normal_05_003,test,normal_05,5,3,0.0,信息熵在机器学习算法中的运用_张璐瑶.pdf,P0012,live_normal,K9455b6d7518a5c36d827b4348e81a09fdcc5e5fe003e877bc05bb7eb138eca2f,2,complete,0.0,0,0,0,0,4e05841e-69ef-4d58-aa74-d5f8c38c83ec,2026-10-02T10:16:40.739784+00:00,True
normal_05_004,test,normal_05,5,4,0.0,基于机器学习算法的黑色系期货价格预测_郭梓晗.pdf,P0015,live_normal,K5a3b1a850e68e1179ffaab8a8182196b1d087696ef52257a0a6ffad347030b14,2,complete,0.0,0,0,0,0,bfc780f1-5498-47ea-8b81-677ff4582f55,2026-10-02T10:16:41.184545+00:00,True
normal_05_005,test,normal_05,5,5,0.0,气候金融背景下的气温衍生品定价研究——基于机器学习算法_杨刚.pdf,P0004,live_normal,K9270f70913c0acef9bfc8848ba83f8d9b692f8ab4f838c7fb64aaa248fe849fb,2,complete,0.0,0,0,0,0,82fe5348-4046-43c6-a5fa-afa83b2fb653,2026-10-02T10:16:41.662383+00:00,True
normal_05_006,test,normal_05,5,6,0.0,气候金融背景下的气温衍生品定价研究——基于机器学习算法_杨刚.pdf,P0004,live_normal,K9270f70913c0acef9bfc8848ba83f8d9b692f8ab4f838c7fb64aaa248fe849fb,2,complete,0.0,0,0,0,0,d1222859-7ef8-4269-9a1e-76eeacd32ddb,2026-10-02T10:16:42.338976+00:00,True
normal_05_007,test,normal_05,5,7,0.0,气候金融背景下的气温衍生品定价研究——基于机器学习算法_杨刚.pdf,P0005,live_normal,K49cf5919474d41c8f7083ab6cb64a02560857ee3d54409accfc8538f21abb419,2,complete,0.0,0,0,0,0,a63562bf-c851-4f53-a194-034ae50a4eee,2026-10-02T10:16:43.116212+00:00,True
normal_05_008,test,normal_05,5,8,0.0,气候金融背景下的气温衍生品定价研究——基于机器学习算法_杨刚.pdf,P0005,live_normal,K49cf5919474d41c8f7083ab6cb64a02560857ee3d54409accfc8538f21abb419,2,complete,0.0,0,0,0,0,e03413c7-9ac3-410b-857a-c12db2da8cce,2026-10-02T10:16:43.987862+00:00,True
normal_05_009,test,normal_05,5,9,0.0,基于机器学习和新闻文本的原油期货资产配置研究_钟浩.pdf,P0010,live_normal,K4a0fc1c7c1a21e26b7395a3eba3ded8f8c54d02fce65bb132a5d9d78b2f80326,2,complete,0.0,0,0,0,0,d13999a6-ca1d-41f7-bf19-bbae887392e5,2026-10-02T10:16:44.499925+00:00,True
normal_05_010,test,normal_05,5,10,0.0,气候金融背景下的气温衍生品定价研究——基于机器学习算法_杨刚.pdf,P0004,live_normal,K9270f70913c0acef9bfc8848ba83f8d9b692f8ab4f838c7fb64aaa248fe849fb,2,complete,0.0,0,0,0,0,4f5e8178-6109-48af-8eb7-12fbd79f92f9,2026-10-02T10:16:45.317440+00:00,True
normal_05_011,test,normal_05,5,11,0.0,基于机器学习和新闻文本的原油期货资产配置研究_钟浩.pdf,P0010,live_normal,Keff678b299227ecddcbf4d17f7660b95ad60c101672d17ba7b273738c73df3c0,2,complete,0.0,0,0,0,0,69263017-d920-4a3a-a157-669201217a65,2026-10-02T10:16:46.274022+00:00,True
normal_05_012,test,normal_05,5,12,0.0,信息熵在机器学习算法中的运用_张璐瑶.pdf,P0012,live_normal,K9455b6d7518a5c36d827b4348e81a09fdcc5e5fe003e877bc05bb7eb138eca2f,2,complete,0.0,0,0,0,0,ffe359c4-35a4-4036-a5f9-0a77ee97b4c0,2026-10-02T10:16:47.283742+00:00,True
normal_05_013,test,normal_05,5,13,0.0,基于机器学习算法的黑色系期货价格预测_郭梓晗.pdf,P0015,live_normal,K02bb1dc42b9bf68b5351b568c548ebc99723d1e35095ee7c9bf1c7a874a360ed,2,complete,0.0,0,0,0,0,0fd38dd1-ad63-4804-8e8c-3f82eff65e74,2026-10-02T10:16:47.836035+00:00,True
normal_05_014,test,normal_05,5,14,0.0,基于机器学习和新闻文本的原油期货资产配置研究_钟浩.pdf,P0010,live_normal,Keff678b299227ecddcbf4d17f7660b95ad60c101672d17ba7b273738c73df3c0,2,complete,0.0,0,0,0,0,9c590079-8e36-4219-a41b-534f1be617f1,2026-10-02T10:16:48.615950+00:00,True
normal_05_015,test,normal_05,5,15,0.0,基于机器学习算法的黑色系期货价格预测_郭梓晗.pdf,P0015,live_normal,K5a3b1a850e68e1179ffaab8a8182196b1d087696ef52257a0a6ffad347030b14,2,complete,0.0,0,0,0,0,31ba2820-6f92-4ce0-83d4-82a72645e0c3,2026-10-02T10:16:49.313686+00:00,True
normal_05_016,test,normal_05,5,16,0.0,信息熵在机器学习算法中的运用_张璐瑶.pdf,P0012,live_normal,K9455b6d7518a5c36d827b4348e81a09fdcc5e5fe003e877bc05bb7eb138eca2f,2,complete,0.0,0,0,0,0,f42bdec5-2e1a-4295-a4a5-6e846abd2d08,2026-10-02T10:16:50.265553+00:00,True
normal_05_017,test,normal_05,5,17,0.0,信息熵在机器学习算法中的运用_张璐瑶.pdf,P0012,live_normal,K9455b6d7518a5c36d827b4348e81a09fdcc5e5fe003e877bc05bb7eb138eca2f,2,complete,0.0,0,0,0,0,ba49c517-9eaf-4098-91ee-d904c146c012,2026-10-02T10:16:51.091153+00:00,True
normal_05_018,test,normal_05,5,18,0.0,基于机器学习算法的黑色系期货价格预测_郭梓晗.pdf,P0015,live_normal,K5a3b1a850e68e1179ffaab8a8182196b1d087696ef52257a0a6ffad347030b14,2,complete,0.0,0,0,0,0,0b27b5a4-8811-4d73-96e3-23c70cbd2d2a,2026-10-02T10:16:51.735069+00:00,True
normal_05_019,test,normal_05,5,19,0.0,信息熵在机器学习算法中的运用_张璐瑶.pdf,P0012,live_normal,K9455b6d7518a5c36d827b4348e81a09fdcc5e5fe003e877bc05bb7eb138eca2f,2,complete,0.0,0,0,0,0,da8a1ba8-718a-417e-9e77-430272e69629,2026-10-02T10:16:52.649852+00:00,True
normal_05_020,test,normal_05,5,20,0.0,气候金融背景下的气温衍生品定价研究——基于机器学习算法_杨刚.pdf,P0005,live_normal,K49cf5919474d41c8f7083ab6cb64a02560857ee3d54409accfc8538f21abb419,2,complete,0.0,0,0,0,0,20b35a5c-aad4-4b1f-931f-99f4ebe29542,2026-10-02T10:16:53.605130+00:00,True
normal_05_021,test,normal_05,5,21,0.0,基于机器学习和新闻文本的原油期货资产配置研究_钟浩.pdf,P0010,live_normal,Keff678b299227ecddcbf4d17f7660b95ad60c101672d17ba7b273738c73df3c0,2,complete,0.0,0,0,0,0,dddde259-3e21-4b6e-bf18-383ba562ae62,2026-10-02T10:16:54.496529+00:00,True
normal_05_022,test,normal_05,5,22,0.0,基于机器学习算法的黑色系期货价格预测_郭梓晗.pdf,P0015,live_normal,K5a3b1a850e68e1179ffaab8a8182196b1d087696ef52257a0a6ffad347030b14,2,complete,0.0,0,0,0,0,5bfc64b9-dfc4-43ed-9eaf-4a8f88cc549f,2026-10-02T10:16:55.314031+00:00,True
normal_05_023,test,normal_05,5,23,0.0,基于机器学习和新闻文本的原油期货资产配置研究_钟浩.pdf,P0010,live_normal,Keff678b299227ecddcbf4d17f7660b95ad60c101672d17ba7b273738c73df3c0,2,complete,0.0,0,0,0,0,5122d90c-c836-423d-9aeb-0817f0a257df,2026-10-02T10:16:56.255878+00:00,True
normal_05_024,test,normal_05,5,24,0.0,信息熵在机器学习算法中的运用_张璐瑶.pdf,P0012,live_normal,K9455b6d7518a5c36d827b4348e81a09fdcc5e5fe003e877bc05bb7eb138eca2f,2,complete,0.0,0,0,0,0,a0cb916e-03e3-4082-8454-42f35f1867bc,2026-10-02T10:16:56.904443+00:00,True
normal_05_025,test,normal_05,5,25,0.0,基于机器学习算法的黑色系期货价格预测_郭梓晗.pdf,P0015,live_normal,K5a3b1a850e68e1179ffaab8a8182196b1d087696ef52257a0a6ffad347030b14,2,complete,0.0,0,0,0,0,a8a6ca76-dafb-42fe-be7a-d07d9e6f009b,2026-10-02T10:16:57.459795+00:00,True
normal_05_026,test,normal_05,5,26,0.0,基于机器学习算法的黑色系期货价格预测_郭梓晗.pdf,P0015,live_normal,K5a3b1a850e68e1179ffaab8a8182196b1d087696ef52257a0a6ffad347030b14,2,complete,0.0,0,0,0,0,12642b18-da0e-4f79-a2f8-27f0655b72a1,2026-10-02T10:16:58.179512+00:00,True
normal_05_027,test,normal_05,5,27,0.0,基于机器学习算法的黑色系期货价格预测_郭梓晗.pdf,P0015,live_normal,K5a3b1a850e68e1179ffaab8a8182196b1d087696ef52257a0a6ffad347030b14,2,complete,0.0,0,0,0,0,42c78982-1e35-476c-b036-551586e1841c,2026-10-02T10:16:59.018763+00:00,True
normal_05_028,test,normal_05,5,28,0.0,基于机器学习算法的黑色系期货价格预测_郭梓晗.pdf,P0015,live_normal,K5a3b1a850e68e1179ffaab8a8182196b1d087696ef52257a0a6ffad347030b14,2,complete,0.0,0,0,0,0,9aed78a5-27f4-4a7e-ab70-78272738d7c9,2026-10-02T10:16:59.749138+00:00,True
normal_05_029,test,normal_05,5,29,0.0,气候金融背景下的气温衍生品定价研究——基于机器学习算法_杨刚.pdf,P0004,live_normal,K9270f70913c0acef9bfc8848ba83f8d9b692f8ab4f838c7fb64aaa248fe849fb,2,complete,0.0,0,0,0,0,299b3d45-aa19-463c-86b6-7f2bcef4da4e,2026-10-02T10:17:00.578095+00:00,True
normal_05_030,test,normal_05,5,30,0.0,信息熵在机器学习算法中的运用_张璐瑶.pdf,P0012,live_normal,K9455b6d7518a5c36d827b4348e81a09fdcc5e5fe003e877bc05bb7eb138eca2f,2,complete,0.0,0,0,0,0,407a3963-8165-4825-9b35-efe943055499,2026-10-02T10:17:01.253759+00:00,True
normal_05_031,test,normal_05,5,31,0.0,气候金融背景下的气温衍生品定价研究——基于机器学习算法_杨刚.pdf,P0005,live_normal,K49cf5919474d41c8f7083ab6cb64a02560857ee3d54409accfc8538f21abb419,2,complete,0.0,0,0,0,0,35254aad-6de1-42b5-b116-e0932cc27b76,2026-10-02T10:17:02.397796+00:00,True
normal_05_032,test,normal_05,5,32,0.0,基于机器学习和新闻文本的原油期货资产配置研究_钟浩.pdf,P0010,live_normal,Keff678b299227ecddcbf4d17f7660b95ad60c101672d17ba7b273738c73df3c0,2,complete,0.0,0,0,0,0,76867499-4a25-4343-a6df-af7201b16e71,2026-10-02T10:17:03.224231+00:00,True
normal_05_033,test,normal_05,5,33,0.0,信息熵在机器学习算法中的运用_张璐瑶.pdf,P0012,live_normal,K9455b6d7518a5c36d827b4348e81a09fdcc5e5fe003e877bc05bb7eb138eca2f,2,complete,0.0,0,0,0,0,7cd17df9-02c2-47e2-b221-580c3bf1df75,2026-10-02T10:17:03.803942+00:00,True
normal_05_034,test,normal_05,5,34,0.0,气候金融背景下的气温衍生品定价研究——基于机器学习算法_杨刚.pdf,P0004,live_normal,K9270f70913c0acef9bfc8848ba83f8d9b692f8ab4f838c7fb64aaa248fe849fb,2,complete,0.0,0,0,0,0,7cbabffe-bffc-415d-9408-c9c1198f6af8,2026-10-02T10:17:04.320724+00:00,True
normal_05_035,test,normal_05,5,35,0.0,基于机器学习算法的黑色系期货价格预测_郭梓晗.pdf,P0015,live_normal,K5a3b1a850e68e1179ffaab8a8182196b1d087696ef52257a0a6ffad347030b14,2,complete,0.0,0,0,0,0,4cdf3076-75f8-4834-b0c9-8814bcc741f3,2026-10-02T10:17:05.065727+00:00,True
normal_05_036,test,normal_05,5,36,0.0,信息熵在机器学习算法中的运用_张璐瑶.pdf,P0012,live_normal,K9455b6d7518a5c36d827b4348e81a09fdcc5e5fe003e877bc05bb7eb138eca2f,2,complete,0.0,0,0,0,0,d1f9ec7d-9a07-4aaf-bef3-b5876c937032,2026-10-02T10:17:05.894582+00:00,True
normal_05_037,test,normal_05,5,37,0.0,基于机器学习算法的黑色系期货价格预测_郭梓晗.pdf,P0015,live_normal,K5a3b1a850e68e1179ffaab8a8182196b1d087696ef52257a0a6ffad347030b14,2,complete,0.0,0,0,0,0,d47ac5ff-1bbd-41ef-a705-ebaab569baa1,2026-10-02T10:17:06.310702+00:00,True
normal_05_038,test,normal_05,5,38,0.0,基于机器学习和新闻文本的原油期货资产配置研究_钟浩.pdf,P0010,live_normal,Keff678b299227ecddcbf4d17f7660b95ad60c101672d17ba7b273738c73df3c0,2,complete,0.0,0,0,0,0,150a3141-a4b8-4722-8da5-e94e0a5ce60b,2026-10-02T10:17:06.879712+00:00,True
normal_05_039,test,normal_05,5,39,0.0,信息熵在机器学习算法中的运用_张璐瑶.pdf,P0012,live_normal,K9455b6d7518a5c36d827b4348e81a09fdcc5e5fe003e877bc05bb7eb138eca2f,2,complete,0.0,0,0,0,0,126456b4-8657-4ff9-8450-e31cc3ae0063,2026-10-02T10:17:07.458256+00:00,True
normal_05_040,test,normal_05,5,40,0.0,信息熵在机器学习算法中的运用_张璐瑶.pdf,P0012,live_normal,K9455b6d7518a5c36d827b4348e81a09fdcc5e5fe003e877bc05bb7eb138eca2f,2,complete,0.0,0,0,0,0,89f893a1-1f36-41c2-b401-f5a22568f99e,2026-10-02T10:17:08.338839+00:00,True
normal_06_001,test,normal_06,6,1,0.0,气候金融背景下的气温衍生品定价研究——基于机器学习算法_杨刚.pdf,P0004,live_normal,K9270f70913c0acef9bfc8848ba83f8d9b692f8ab4f838c7fb64aaa248fe849fb,2,complete,0.0,0,0,0,0,9c1f1277-2253-43db-89b0-06311042c29b,2026-10-02T10:14:02.096325+00:00,True
normal_06_002,test,normal_06,6,2,0.0,基于机器学习和新闻文本的原油期货资产配置研究_钟浩.pdf,P0010,live_normal,Keff678b299227ecddcbf4d17f7660b95ad60c101672d17ba7b273738c73df3c0,2,complete,0.0,0,0,0,0,b4543480-1152-4df1-9994-b70273cbaee0,2026-10-02T10:14:08.265576+00:00,True
normal_06_003,test,normal_06,6,3,0.0,基于机器学习算法的黑色系期货价格预测_郭梓晗.pdf,P0015,live_normal,K5a3b1a850e68e1179ffaab8a8182196b1d087696ef52257a0a6ffad347030b14,2,complete,0.0,0,0,0,0,2c5e0f15-76fe-476d-8e4d-dfc08decaed7,2026-10-02T10:14:09.473493+00:00,True
normal_06_004,test,normal_06,6,4,0.0,气候金融背景下的气温衍生品定价研究——基于机器学习算法_杨刚.pdf,P0004,live_normal,K9270f70913c0acef9bfc8848ba83f8d9b692f8ab4f838c7fb64aaa248fe849fb,2,complete,0.0,0,0,0,0,52d00f6d-1c8b-4407-99e5-f00966f8b250,2026-10-02T10:14:10.030379+00:00,True
normal_06_005,test,normal_06,6,5,0.0,信息熵在机器学习算法中的运用_张璐瑶.pdf,P0012,live_normal,K9455b6d7518a5c36d827b4348e81a09fdcc5e5fe003e877bc05bb7eb138eca2f,2,complete,0.0,0,0,0,0,49a0c2fe-af92-4605-9532-5005b5ca1beb,2026-10-02T10:14:11.079189+00:00,True
normal_06_006,test,normal_06,6,6,0.0,基于机器学习算法的黑色系期货价格预测_郭梓晗.pdf,P0015,live_normal,K5a3b1a850e68e1179ffaab8a8182196b1d087696ef52257a0a6ffad347030b14,2,complete,0.0,0,0,0,0,7cfaee65-c8b4-41cc-8e35-1c9037aec252,2026-10-02T10:14:11.631014+00:00,True
normal_06_007,test,normal_06,6,7,0.0,基于机器学习算法的黑色系期货价格预测_郭梓晗.pdf,P0015,live_normal,K5a3b1a850e68e1179ffaab8a8182196b1d087696ef52257a0a6ffad347030b14,2,complete,0.0,0,0,0,0,a072d9cf-687f-4fbe-9283-31b67326a7a2,2026-10-02T10:14:12.324572+00:00,True
normal_06_008,test,normal_06,6,8,0.0,信息熵在机器学习算法中的运用_张璐瑶.pdf,P0012,live_normal,K9455b6d7518a5c36d827b4348e81a09fdcc5e5fe003e877bc05bb7eb138eca2f,2,complete,0.0,0,0,0,0,b0d52b84-72b1-4cc7-954d-0b0f533c7b5c,2026-10-02T10:14:12.816168+00:00,True
normal_06_009,test,normal_06,6,9,0.0,基于机器学习算法的黑色系期货价格预测_郭梓晗.pdf,P0015,live_normal,K5a3b1a850e68e1179ffaab8a8182196b1d087696ef52257a0a6ffad347030b14,2,complete,0.0,0,0,0,0,e1a579e9-1687-4f0f-8dd2-14add2fcc51f,2026-10-02T10:14:13.772944+00:00,True
normal_06_010,test,normal_06,6,10,0.0,信息熵在机器学习算法中的运用_张璐瑶.pdf,P0012,live_normal,K9455b6d7518a5c36d827b4348e81a09fdcc5e5fe003e877bc05bb7eb138eca2f,2,complete,0.0,0,0,0,0,6e72a3ed-0e82-4ff9-a7ec-a164ac175ca5,2026-10-02T10:14:14.668058+00:00,True
normal_06_011,test,normal_06,6,11,0.0,基于机器学习和新闻文本的原油期货资产配置研究_钟浩.pdf,P0010,live_normal,Keff678b299227ecddcbf4d17f7660b95ad60c101672d17ba7b273738c73df3c0,2,complete,0.0,0,0,0,0,88a748c2-b3b5-423b-9b6a-f8c35036ccda,2026-10-02T10:14:15.309782+00:00,True
normal_06_012,test,normal_06,6,12,0.0,气候金融背景下的气温衍生品定价研究——基于机器学习算法_杨刚.pdf,P0004,live_normal,K9270f70913c0acef9bfc8848ba83f8d9b692f8ab4f838c7fb64aaa248fe849fb,2,complete,0.0,0,0,0,0,bc2cf374-4696-4d6b-9a35-1a8c8d8e474b,2026-10-02T10:14:16.169055+00:00,True
normal_06_013,test,normal_06,6,13,0.0,基于机器学习算法的黑色系期货价格预测_郭梓晗.pdf,P0015,live_normal,K5a3b1a850e68e1179ffaab8a8182196b1d087696ef52257a0a6ffad347030b14,2,complete,0.0,0,0,0,0,1a97a4a3-9e48-4e71-8e34-fdaf611f751a,2026-10-02T10:14:16.661168+00:00,True
normal_06_014,test,normal_06,6,14,0.0,气候金融背景下的气温衍生品定价研究——基于机器学习算法_杨刚.pdf,P0004,live_normal,K9270f70913c0acef9bfc8848ba83f8d9b692f8ab4f838c7fb64aaa248fe849fb,2,complete,0.0,0,0,0,0,5864b1e3-124a-45c7-b23e-d4db3b7821f1,2026-10-02T10:14:17.293921+00:00,True
normal_06_015,test,normal_06,6,15,0.0,基于机器学习算法的黑色系期货价格预测_郭梓晗.pdf,P0015,live_normal,K5a3b1a850e68e1179ffaab8a8182196b1d087696ef52257a0a6ffad347030b14,2,complete,0.0,0,0,0,0,feee0e9b-2a8d-4f7a-8e25-b2041824d3cb,2026-10-02T10:14:17.960486+00:00,True
normal_06_016,test,normal_06,6,16,0.0,气候金融背景下的气温衍生品定价研究——基于机器学习算法_杨刚.pdf,P0004,live_normal,K9270f70913c0acef9bfc8848ba83f8d9b692f8ab4f838c7fb64aaa248fe849fb,2,complete,0.0,0,0,0,0,d1cbe1a9-cce4-435d-a3e9-0924fbdefd8a,2026-10-02T10:14:18.639844+00:00,True
normal_06_017,test,normal_06,6,17,0.0,信息熵在机器学习算法中的运用_张璐瑶.pdf,P0012,live_normal,K9455b6d7518a5c36d827b4348e81a09fdcc5e5fe003e877bc05bb7eb138eca2f,2,complete,0.0,0,0,0,0,9a2640e5-cd8e-4289-9f0a-8a19a2f35614,2026-10-02T10:14:19.103754+00:00,True
normal_06_018,test,normal_06,6,18,0.0,气候金融背景下的气温衍生品定价研究——基于机器学习算法_杨刚.pdf,P0004,live_normal,K9270f70913c0acef9bfc8848ba83f8d9b692f8ab4f838c7fb64aaa248fe849fb,2,complete,0.0,0,0,0,0,baec5b14-3497-46d6-9293-9a2cad47d7a4,2026-10-02T10:14:19.896857+00:00,True
normal_06_019,test,normal_06,6,19,0.0,信息熵在机器学习算法中的运用_张璐瑶.pdf,P0012,live_normal,K9455b6d7518a5c36d827b4348e81a09fdcc5e5fe003e877bc05bb7eb138eca2f,2,complete,0.0,0,0,0,0,71e32afd-fdc9-426c-a665-ff6838132b28,2026-10-02T10:14:20.745107+00:00,True
normal_06_020,test,normal_06,6,20,0.0,气候金融背景下的气温衍生品定价研究——基于机器学习算法_杨刚.pdf,P0005,live_normal,K49cf5919474d41c8f7083ab6cb64a02560857ee3d54409accfc8538f21abb419,2,complete,0.0,0,0,0,0,58344ced-1790-4a8e-9e72-d8f410b34b29,2026-10-02T10:14:21.680415+00:00,True
normal_06_021,test,normal_06,6,21,0.0,基于机器学习算法的黑色系期货价格预测_郭梓晗.pdf,P0015,live_normal,K5a3b1a850e68e1179ffaab8a8182196b1d087696ef52257a0a6ffad347030b14,2,complete,0.0,0,0,0,0,9480318b-5ff3-4c70-9eb2-5c980b7984e7,2026-10-02T10:14:22.259857+00:00,True
normal_06_022,test,normal_06,6,22,0.0,基于机器学习和新闻文本的原油期货资产配置研究_钟浩.pdf,P0010,live_normal,Keff678b299227ecddcbf4d17f7660b95ad60c101672d17ba7b273738c73df3c0,2,complete,0.0,0,0,0,0,28f5fad4-bb81-4d01-86ca-8c8163e1d433,2026-10-02T10:14:23.203080+00:00,True
normal_06_023,test,normal_06,6,23,0.0,气候金融背景下的气温衍生品定价研究——基于机器学习算法_杨刚.pdf,P0004,live_normal,K9270f70913c0acef9bfc8848ba83f8d9b692f8ab4f838c7fb64aaa248fe849fb,2,complete,0.0,0,0,0,0,f73aee12-3919-48ec-b895-3af26dc3c05c,2026-10-02T10:14:24.075781+00:00,True
normal_06_024,test,normal_06,6,24,0.0,气候金融背景下的气温衍生品定价研究——基于机器学习算法_杨刚.pdf,P0005,live_normal,K49cf5919474d41c8f7083ab6cb64a02560857ee3d54409accfc8538f21abb419,2,complete,0.0,0,0,0,0,290bd6be-7319-47e0-a874-e63702e68920,2026-10-02T10:14:24.784563+00:00,True
normal_06_025,test,normal_06,6,25,0.0,基于机器学习算法的黑色系期货价格预测_郭梓晗.pdf,P0015,live_normal,K5a3b1a850e68e1179ffaab8a8182196b1d087696ef52257a0a6ffad347030b14,2,complete,0.0,0,0,0,0,3e8be20b-e97a-40e9-b4e4-3cf0987191f2,2026-10-02T10:14:25.777855+00:00,True
normal_06_026,test,normal_06,6,26,0.0,基于机器学习算法的黑色系期货价格预测_郭梓晗.pdf,P0015,live_normal,K5a3b1a850e68e1179ffaab8a8182196b1d087696ef52257a0a6ffad347030b14,2,complete,0.0,0,0,0,0,028ea341-9082-4dcf-a905-6f87daa741ce,2026-10-02T10:14:26.638205+00:00,True
normal_06_027,test,normal_06,6,27,0.0,气候金融背景下的气温衍生品定价研究——基于机器学习算法_杨刚.pdf,P0004,live_normal,K9270f70913c0acef9bfc8848ba83f8d9b692f8ab4f838c7fb64aaa248fe849fb,2,complete,0.0,0,0,0,0,a61c1ecf-11bd-4ef3-8b19-a9707a6b0beb,2026-10-02T10:14:27.402631+00:00,True
normal_06_028,test,normal_06,6,28,0.0,基于机器学习和新闻文本的原油期货资产配置研究_钟浩.pdf,P0010,live_normal,K4a0fc1c7c1a21e26b7395a3eba3ded8f8c54d02fce65bb132a5d9d78b2f80326,2,complete,0.0,0,0,0,0,de8155e6-bcd9-4dad-b95f-50adc67e4565,2026-10-02T10:14:34.241993+00:00,False
normal_06_029,test,normal_06,6,29,0.0,气候金融背景下的气温衍生品定价研究——基于机器学习算法_杨刚.pdf,P0005,live_normal,Kf3ea2a47d88a646e6f2b6eb9185ca4261c1ea08aacbe7bea23189551f42130a6,2,complete,0.0,0,0,0,0,515f5149-0ef6-44ff-b3c5-ee980a6e105c,2026-10-02T10:14:35.151690+00:00,True
normal_06_030,test,normal_06,6,30,0.0,基于机器学习算法的黑色系期货价格预测_郭梓晗.pdf,P0015,live_normal,K5a3b1a850e68e1179ffaab8a8182196b1d087696ef52257a0a6ffad347030b14,2,complete,0.0,0,0,0,0,17d6010d-2bf9-48fc-aab7-5e9bc94b7452,2026-10-02T10:14:35.705488+00:00,True
normal_06_031,test,normal_06,6,31,0.0,信息熵在机器学习算法中的运用_张璐瑶.pdf,P0012,live_normal,K9455b6d7518a5c36d827b4348e81a09fdcc5e5fe003e877bc05bb7eb138eca2f,2,complete,0.0,0,0,0,0,3157131d-866f-409f-acca-e7a71a22698f,2026-10-02T10:14:36.288406+00:00,True
normal_06_032,test,normal_06,6,32,0.0,基于机器学习算法的黑色系期货价格预测_郭梓晗.pdf,P0015,live_normal,K5a3b1a850e68e1179ffaab8a8182196b1d087696ef52257a0a6ffad347030b14,2,complete,0.0,0,0,0,0,d38628df-3c85-47e9-a213-733537281029,2026-10-02T10:14:36.745339+00:00,True
normal_06_033,test,normal_06,6,33,0.0,信息熵在机器学习算法中的运用_张璐瑶.pdf,P0012,live_normal,K9455b6d7518a5c36d827b4348e81a09fdcc5e5fe003e877bc05bb7eb138eca2f,2,complete,0.0,0,0,0,0,1e919796-22fa-4c53-b071-a2ad24bf96ba,2026-10-02T10:14:37.555626+00:00,True
normal_06_034,test,normal_06,6,34,0.0,信息熵在机器学习算法中的运用_张璐瑶.pdf,P0012,live_normal,K9455b6d7518a5c36d827b4348e81a09fdcc5e5fe003e877bc05bb7eb138eca2f,2,complete,0.0,0,0,0,0,a5164300-d117-4969-897b-918810572e4d,2026-10-02T10:14:38.116859+00:00,True
normal_06_035,test,normal_06,6,35,0.0,基于机器学习和新闻文本的原油期货资产配置研究_钟浩.pdf,P0010,live_normal,Keff678b299227ecddcbf4d17f7660b95ad60c101672d17ba7b273738c73df3c0,2,complete,0.0,0,0,0,0,103f0b3f-92de-42f1-85fb-0891941ece4c,2026-10-02T10:14:38.743653+00:00,True
normal_06_036,test,normal_06,6,36,0.0,信息熵在机器学习算法中的运用_张璐瑶.pdf,P0012,live_normal,K9455b6d7518a5c36d827b4348e81a09fdcc5e5fe003e877bc05bb7eb138eca2f,2,complete,0.0,0,0,0,0,41d6a54f-af13-4070-a176-99b6abb89624,2026-10-02T10:14:39.186679+00:00,True
normal_06_037,test,normal_06,6,37,0.0,基于机器学习和新闻文本的原油期货资产配置研究_钟浩.pdf,P0010,live_normal,Keff678b299227ecddcbf4d17f7660b95ad60c101672d17ba7b273738c73df3c0,2,complete,0.0,0,0,0,0,fc74f805-1c67-426d-a74d-52e7c4d0d645,2026-10-02T10:14:39.707724+00:00,True
normal_06_038,test,normal_06,6,38,0.0,气候金融背景下的气温衍生品定价研究——基于机器学习算法_杨刚.pdf,P0004,live_normal,K9270f70913c0acef9bfc8848ba83f8d9b692f8ab4f838c7fb64aaa248fe849fb,2,complete,0.0,0,0,0,0,8b122694-f903-4e6c-8569-090e65046a36,2026-10-02T10:14:40.222024+00:00,True
normal_06_039,test,normal_06,6,39,0.0,气候金融背景下的气温衍生品定价研究——基于机器学习算法_杨刚.pdf,P0005,live_normal,K49cf5919474d41c8f7083ab6cb64a02560857ee3d54409accfc8538f21abb419,2,complete,0.0,0,0,0,0,8afbc7e5-fde1-4311-a12e-592a2c7e942a,2026-10-02T10:14:41.047838+00:00,True
normal_06_040,test,normal_06,6,40,0.0,基于机器学习算法的黑色系期货价格预测_郭梓晗.pdf,P0015,live_normal,K5a3b1a850e68e1179ffaab8a8182196b1d087696ef52257a0a6ffad347030b14,2,complete,0.0,0,0,0,0,9086a8ac-a251-4df9-bc93-dbfbe3c01c22,2026-10-02T10:14:42.010585+00:00,True
normal_07_001,test,normal_07,7,1,0.0,信息熵在机器学习算法中的运用_张璐瑶.pdf,P0012,live_normal,K9455b6d7518a5c36d827b4348e81a09fdcc5e5fe003e877bc05bb7eb138eca2f,2,complete,0.0,0,0,0,0,4f68c568-f40a-4822-a14e-0bfb50658207,2026-10-02T10:19:37.054215+00:00,True
normal_07_002,test,normal_07,7,2,0.0,基于机器学习算法的黑色系期货价格预测_郭梓晗.pdf,P0015,live_normal,K5a3b1a850e68e1179ffaab8a8182196b1d087696ef52257a0a6ffad347030b14,2,complete,0.0,0,0,0,0,77a42ac3-b70d-4413-b918-d63875fb0cf1,2026-10-02T10:19:37.486295+00:00,True
normal_07_003,test,normal_07,7,3,0.0,基于机器学习算法的黑色系期货价格预测_郭梓晗.pdf,P0015,live_normal,K5a3b1a850e68e1179ffaab8a8182196b1d087696ef52257a0a6ffad347030b14,2,complete,0.0,0,0,0,0,8470908d-9739-4468-a6cb-da37f3097aec,2026-10-02T10:19:37.979248+00:00,True
normal_07_004,test,normal_07,7,4,0.0,气候金融背景下的气温衍生品定价研究——基于机器学习算法_杨刚.pdf,P0004,live_normal,K9270f70913c0acef9bfc8848ba83f8d9b692f8ab4f838c7fb64aaa248fe849fb,2,complete,0.0,0,0,0,0,bf976197-7ea1-41d5-9176-e9823e1df875,2026-10-02T10:19:38.843923+00:00,True
normal_07_005,test,normal_07,7,5,0.0,基于机器学习算法的黑色系期货价格预测_郭梓晗.pdf,P0015,live_normal,K5a3b1a850e68e1179ffaab8a8182196b1d087696ef52257a0a6ffad347030b14,2,complete,0.0,0,0,0,0,0aaace4f-af9f-46af-8c7b-1e5299c51d5f,2026-10-02T10:19:39.728374+00:00,True
normal_07_006,test,normal_07,7,6,0.0,基于机器学习算法的黑色系期货价格预测_郭梓晗.pdf,P0015,live_normal,K5a3b1a850e68e1179ffaab8a8182196b1d087696ef52257a0a6ffad347030b14,2,complete,0.0,0,0,0,0,ea14f4f7-baf1-418f-a829-61f59a502bf1,2026-10-02T10:19:40.674989+00:00,True
normal_07_007,test,normal_07,7,7,0.0,气候金融背景下的气温衍生品定价研究——基于机器学习算法_杨刚.pdf,P0005,live_normal,K49cf5919474d41c8f7083ab6cb64a02560857ee3d54409accfc8538f21abb419,2,complete,0.0,0,0,0,0,56e92486-8b1e-4368-8ec4-0266acf46160,2026-10-02T10:19:41.251392+00:00,True
normal_07_008,test,normal_07,7,8,0.0,基于机器学习算法的黑色系期货价格预测_郭梓晗.pdf,P0015,live_normal,K5a3b1a850e68e1179ffaab8a8182196b1d087696ef52257a0a6ffad347030b14,2,complete,0.0,0,0,0,0,5defae43-aa2c-4b56-ad4a-cb9daa207fb5,2026-10-02T10:19:41.821594+00:00,True
normal_07_009,test,normal_07,7,9,0.0,信息熵在机器学习算法中的运用_张璐瑶.pdf,P0012,live_normal,K9455b6d7518a5c36d827b4348e81a09fdcc5e5fe003e877bc05bb7eb138eca2f,2,complete,0.0,0,0,0,0,05372187-6ec6-4ceb-ba1e-48ade676405f,2026-10-02T10:19:42.499442+00:00,True
normal_07_010,test,normal_07,7,10,0.0,基于机器学习算法的黑色系期货价格预测_郭梓晗.pdf,P0015,live_normal,K5a3b1a850e68e1179ffaab8a8182196b1d087696ef52257a0a6ffad347030b14,2,complete,0.0,0,0,0,0,024367d8-91ff-444a-b2a7-a68c0945ab96,2026-10-02T10:19:43.181285+00:00,True
normal_07_011,test,normal_07,7,11,0.0,气候金融背景下的气温衍生品定价研究——基于机器学习算法_杨刚.pdf,P0004,live_normal,K9270f70913c0acef9bfc8848ba83f8d9b692f8ab4f838c7fb64aaa248fe849fb,2,complete,0.0,0,0,0,0,7e49f64a-ea84-4ffa-98ed-c69208d41241,2026-10-02T10:19:44.070625+00:00,True
normal_07_012,test,normal_07,7,12,0.0,基于机器学习和新闻文本的原油期货资产配置研究_钟浩.pdf,P0010,live_normal,Keff678b299227ecddcbf4d17f7660b95ad60c101672d17ba7b273738c73df3c0,2,complete,0.0,0,0,0,0,b9de7b74-21ef-42b0-bd7e-6482bb5ef12f,2026-10-02T10:19:44.781607+00:00,True
normal_07_013,test,normal_07,7,13,0.0,信息熵在机器学习算法中的运用_张璐瑶.pdf,P0012,live_normal,K9455b6d7518a5c36d827b4348e81a09fdcc5e5fe003e877bc05bb7eb138eca2f,2,complete,0.0,0,0,0,0,1f336d3f-bfb3-4c93-81c3-3afe410bc5ca,2026-10-02T10:19:45.736715+00:00,True
normal_07_014,test,normal_07,7,14,0.0,气候金融背景下的气温衍生品定价研究——基于机器学习算法_杨刚.pdf,P0005,live_normal,K49cf5919474d41c8f7083ab6cb64a02560857ee3d54409accfc8538f21abb419,2,complete,0.0,0,0,0,0,b4f73743-1c8b-455c-8ce3-1c08298da02d,2026-10-02T10:19:46.347569+00:00,True
normal_07_015,test,normal_07,7,15,0.0,信息熵在机器学习算法中的运用_张璐瑶.pdf,P0012,live_normal,K9455b6d7518a5c36d827b4348e81a09fdcc5e5fe003e877bc05bb7eb138eca2f,2,complete,0.0,0,0,0,0,600a150c-1fcc-4174-b172-f5931cbd4f3a,2026-10-02T10:19:46.921573+00:00,True
normal_07_016,test,normal_07,7,16,0.0,气候金融背景下的气温衍生品定价研究——基于机器学习算法_杨刚.pdf,P0004,live_normal,K9270f70913c0acef9bfc8848ba83f8d9b692f8ab4f838c7fb64aaa248fe849fb,2,complete,0.0,0,0,0,0,2e26fbba-947e-484f-bf71-5a2820ba73f0,2026-10-02T10:19:47.498120+00:00,True
normal_07_017,test,normal_07,7,17,0.0,气候金融背景下的气温衍生品定价研究——基于机器学习算法_杨刚.pdf,P0005,live_normal,Kf3ea2a47d88a646e6f2b6eb9185ca4261c1ea08aacbe7bea23189551f42130a6,2,complete,0.0,0,0,0,0,65ab90af-3400-4dfa-a983-3daba60f43ee,2026-10-02T10:19:48.247416+00:00,True
normal_07_018,test,normal_07,7,18,0.0,气候金融背景下的气温衍生品定价研究——基于机器学习算法_杨刚.pdf,P0005,live_normal,Kf3ea2a47d88a646e6f2b6eb9185ca4261c1ea08aacbe7bea23189551f42130a6,2,complete,0.0,0,0,0,0,ed63f73b-1618-4341-944b-eb7013773cc6,2026-10-02T10:19:48.747682+00:00,True
normal_07_019,test,normal_07,7,19,0.0,基于机器学习算法的黑色系期货价格预测_郭梓晗.pdf,P0015,live_normal,K5a3b1a850e68e1179ffaab8a8182196b1d087696ef52257a0a6ffad347030b14,2,complete,0.0,0,0,0,0,92260a4b-09aa-4458-a981-e4d7a1f064a8,2026-10-02T10:19:49.545869+00:00,True
normal_07_020,test,normal_07,7,20,0.0,基于机器学习和新闻文本的原油期货资产配置研究_钟浩.pdf,P0010,live_normal,Keff678b299227ecddcbf4d17f7660b95ad60c101672d17ba7b273738c73df3c0,2,complete,0.0,0,0,0,0,2daa2051-fd4c-4b13-b994-acb083c07500,2026-10-02T10:19:50.425830+00:00,True
normal_07_021,test,normal_07,7,21,0.0,基于机器学习和新闻文本的原油期货资产配置研究_钟浩.pdf,P0010,live_normal,Keff678b299227ecddcbf4d17f7660b95ad60c101672d17ba7b273738c73df3c0,2,complete,0.0,0,0,0,0,55287bff-19cc-4bc7-b8b8-18ac7056f1b7,2026-10-02T10:19:51.079235+00:00,True
normal_07_022,test,normal_07,7,22,0.0,气候金融背景下的气温衍生品定价研究——基于机器学习算法_杨刚.pdf,P0004,live_normal,K9270f70913c0acef9bfc8848ba83f8d9b692f8ab4f838c7fb64aaa248fe849fb,2,complete,0.0,0,0,0,0,b69a3b7c-e3c3-4769-8ef0-1a3f9d8d2d19,2026-10-02T10:19:51.503684+00:00,True
normal_07_023,test,normal_07,7,23,0.0,信息熵在机器学习算法中的运用_张璐瑶.pdf,P0012,live_normal,K9455b6d7518a5c36d827b4348e81a09fdcc5e5fe003e877bc05bb7eb138eca2f,2,complete,0.0,0,0,0,0,db4a917b-ef45-4543-ac58-c33244876c4c,2026-10-02T10:19:51.915033+00:00,True
normal_07_024,test,normal_07,7,24,0.0,信息熵在机器学习算法中的运用_张璐瑶.pdf,P0012,live_normal,K9455b6d7518a5c36d827b4348e81a09fdcc5e5fe003e877bc05bb7eb138eca2f,2,complete,0.0,0,0,0,0,52acac73-ef0b-425c-8583-784879f287c1,2026-10-02T10:19:52.544190+00:00,True
normal_07_025,test,normal_07,7,25,0.0,基于机器学习和新闻文本的原油期货资产配置研究_钟浩.pdf,P0010,live_normal,Keff678b299227ecddcbf4d17f7660b95ad60c101672d17ba7b273738c73df3c0,2,complete,0.0,0,0,0,0,2de62e99-84fa-4b2e-ad34-434953b2acf6,2026-10-02T10:19:53.283172+00:00,True
normal_07_026,test,normal_07,7,26,0.0,基于机器学习和新闻文本的原油期货资产配置研究_钟浩.pdf,P0010,live_normal,Keff678b299227ecddcbf4d17f7660b95ad60c101672d17ba7b273738c73df3c0,2,complete,0.0,0,0,0,0,ac4091e6-8348-4c9c-b50d-8eeb77af830a,2026-10-02T10:19:54.209444+00:00,True
normal_07_027,test,normal_07,7,27,0.0,信息熵在机器学习算法中的运用_张璐瑶.pdf,P0012,live_normal,K9455b6d7518a5c36d827b4348e81a09fdcc5e5fe003e877bc05bb7eb138eca2f,2,complete,0.0,0,0,0,0,77ae3763-2f7b-45d2-b693-b211c2165992,2026-10-02T10:19:54.950724+00:00,True
normal_07_028,test,normal_07,7,28,0.0,信息熵在机器学习算法中的运用_张璐瑶.pdf,P0012,live_normal,K9455b6d7518a5c36d827b4348e81a09fdcc5e5fe003e877bc05bb7eb138eca2f,2,complete,0.0,0,0,0,0,8f3f2a0c-70cb-4ad9-88de-ec2ccb690132,2026-10-02T10:19:55.899350+00:00,True
normal_07_029,test,normal_07,7,29,0.0,信息熵在机器学习算法中的运用_张璐瑶.pdf,P0012,live_normal,K9455b6d7518a5c36d827b4348e81a09fdcc5e5fe003e877bc05bb7eb138eca2f,2,complete,0.0,0,0,0,0,0987f747-236e-4e2d-920a-31475fbfa9eb,2026-10-02T10:19:56.883156+00:00,True
normal_07_030,test,normal_07,7,30,0.0,气候金融背景下的气温衍生品定价研究——基于机器学习算法_杨刚.pdf,P0004,live_normal,K9270f70913c0acef9bfc8848ba83f8d9b692f8ab4f838c7fb64aaa248fe849fb,2,complete,0.0,0,0,0,0,cc9d49cc-1e51-4a97-9672-0c9ff5710488,2026-10-02T10:19:57.619179+00:00,True
normal_07_031,test,normal_07,7,31,0.0,气候金融背景下的气温衍生品定价研究——基于机器学习算法_杨刚.pdf,P0004,live_normal,K9270f70913c0acef9bfc8848ba83f8d9b692f8ab4f838c7fb64aaa248fe849fb,2,complete,0.0,0,0,0,0,b6be2396-fcf2-40e7-a331-05d4aacfcc0a,2026-10-02T10:19:58.512056+00:00,True
normal_07_032,test,normal_07,7,32,0.0,信息熵在机器学习算法中的运用_张璐瑶.pdf,P0012,live_normal,K9455b6d7518a5c36d827b4348e81a09fdcc5e5fe003e877bc05bb7eb138eca2f,2,complete,0.0,0,0,0,0,2521779f-8b5d-4cdc-b310-da629abc9f07,2026-10-02T10:19:59.233661+00:00,True
normal_07_033,test,normal_07,7,33,0.0,信息熵在机器学习算法中的运用_张璐瑶.pdf,P0012,live_normal,K9455b6d7518a5c36d827b4348e81a09fdcc5e5fe003e877bc05bb7eb138eca2f,2,complete,0.0,0,0,0,0,fad08795-a1cc-4ff2-b1b3-8bf7cbde1a6c,2026-10-02T10:20:00.214122+00:00,True
normal_07_034,test,normal_07,7,34,0.0,气候金融背景下的气温衍生品定价研究——基于机器学习算法_杨刚.pdf,P0004,live_normal,K9270f70913c0acef9bfc8848ba83f8d9b692f8ab4f838c7fb64aaa248fe849fb,2,complete,0.0,0,0,0,0,1d424d3f-ac12-439f-89af-c4b39db0f552,2026-10-02T10:20:00.964389+00:00,True
normal_07_035,test,normal_07,7,35,0.0,信息熵在机器学习算法中的运用_张璐瑶.pdf,P0012,live_normal,K9455b6d7518a5c36d827b4348e81a09fdcc5e5fe003e877bc05bb7eb138eca2f,2,complete,0.0,0,0,0,0,d8908971-41bd-4310-ab98-37ed8c8f3182,2026-10-02T10:20:01.873115+00:00,True
normal_07_036,test,normal_07,7,36,0.0,信息熵在机器学习算法中的运用_张璐瑶.pdf,P0012,live_normal,K9455b6d7518a5c36d827b4348e81a09fdcc5e5fe003e877bc05bb7eb138eca2f,2,complete,0.0,0,0,0,0,6ebc89bc-7872-4585-b980-de6a5f39affb,2026-10-02T10:20:02.569781+00:00,True
normal_07_037,test,normal_07,7,37,0.0,基于机器学习算法的黑色系期货价格预测_郭梓晗.pdf,P0015,live_normal,K5a3b1a850e68e1179ffaab8a8182196b1d087696ef52257a0a6ffad347030b14,2,complete,0.0,0,0,0,0,d1b03ead-86a4-4984-8044-1ea908c96f49,2026-10-02T10:20:03.372635+00:00,True
normal_07_038,test,normal_07,7,38,0.0,信息熵在机器学习算法中的运用_张璐瑶.pdf,P0012,live_normal,K9455b6d7518a5c36d827b4348e81a09fdcc5e5fe003e877bc05bb7eb138eca2f,2,complete,0.0,0,0,0,0,a1f7e86c-6f43-4e4a-b583-00775845cb40,2026-10-02T10:20:04.399472+00:00,True
normal_07_039,test,normal_07,7,39,0.0,基于机器学习和新闻文本的原油期货资产配置研究_钟浩.pdf,P0010,live_normal,Keff678b299227ecddcbf4d17f7660b95ad60c101672d17ba7b273738c73df3c0,2,complete,0.0,0,0,0,0,4178796b-72a0-4792-b897-fe89d20bf651,2026-10-02T10:20:05.327058+00:00,True
normal_07_040,test,normal_07,7,40,0.0,气候金融背景下的气温衍生品定价研究——基于机器学习算法_杨刚.pdf,P0004,live_normal,K9270f70913c0acef9bfc8848ba83f8d9b692f8ab4f838c7fb64aaa248fe849fb,2,complete,0.0,0,0,0,0,9e2a1a49-87f1-454f-918a-766372b806f4,2026-10-02T10:20:06.283949+00:00,True
normal_08_001,test,normal_08,8,1,0.0,信息熵在机器学习算法中的运用_张璐瑶.pdf,P0012,live_normal,K9455b6d7518a5c36d827b4348e81a09fdcc5e5fe003e877bc05bb7eb138eca2f,2,complete,0.0,0,0,0,0,da5538a2-40bc-47c7-a1a8-a3cee09c3897,2026-10-02T10:16:24.055603+00:00,True
normal_08_002,test,normal_08,8,2,0.0,气候金融背景下的气温衍生品定价研究——基于机器学习算法_杨刚.pdf,P0004,live_normal,K9270f70913c0acef9bfc8848ba83f8d9b692f8ab4f838c7fb64aaa248fe849fb,2,complete,0.0,0,0,0,0,81b52dd2-bf9c-438e-9e39-48fa2cb43628,2026-10-02T10:16:24.688710+00:00,True
normal_08_003,test,normal_08,8,3,0.0,气候金融背景下的气温衍生品定价研究——基于机器学习算法_杨刚.pdf,P0004,live_normal,K9270f70913c0acef9bfc8848ba83f8d9b692f8ab4f838c7fb64aaa248fe849fb,2,complete,0.0,0,0,0,0,0be9dcf3-7022-48df-ae0c-0ed776db1cba,2026-10-02T10:16:25.355843+00:00,True
normal_08_004,test,normal_08,8,4,0.0,气候金融背景下的气温衍生品定价研究——基于机器学习算法_杨刚.pdf,P0005,live_normal,Kf3ea2a47d88a646e6f2b6eb9185ca4261c1ea08aacbe7bea23189551f42130a6,2,complete,0.0,0,0,0,0,7da5be21-619f-471f-96fc-ddefc19cf645,2026-10-02T10:16:25.983814+00:00,True
normal_08_005,test,normal_08,8,5,0.0,基于机器学习算法的黑色系期货价格预测_郭梓晗.pdf,P0015,live_normal,K5a3b1a850e68e1179ffaab8a8182196b1d087696ef52257a0a6ffad347030b14,2,complete,0.0,0,0,0,0,0c86a9c0-5e5b-4f89-8560-18a3cf2c3513,2026-10-02T10:16:26.418453+00:00,True
normal_08_006,test,normal_08,8,6,0.0,气候金融背景下的气温衍生品定价研究——基于机器学习算法_杨刚.pdf,P0005,live_normal,K49cf5919474d41c8f7083ab6cb64a02560857ee3d54409accfc8538f21abb419,2,complete,0.0,0,0,0,0,e4be52e5-202d-45e1-bc82-858cd9294b74,2026-10-02T10:16:27.068055+00:00,True
normal_08_007,test,normal_08,8,7,0.0,气候金融背景下的气温衍生品定价研究——基于机器学习算法_杨刚.pdf,P0004,live_normal,K9270f70913c0acef9bfc8848ba83f8d9b692f8ab4f838c7fb64aaa248fe849fb,2,complete,0.0,0,0,0,0,797306ea-fb36-4c27-95ea-fe279979f8e1,2026-10-02T10:16:27.609357+00:00,True
normal_08_008,test,normal_08,8,8,0.0,基于机器学习和新闻文本的原油期货资产配置研究_钟浩.pdf,P0010,live_normal,Keff678b299227ecddcbf4d17f7660b95ad60c101672d17ba7b273738c73df3c0,2,complete,0.0,0,0,0,0,d0878654-25a6-4c83-b728-6f1d0caac341,2026-10-02T10:16:28.106374+00:00,True
normal_08_009,test,normal_08,8,9,0.0,基于机器学习算法的黑色系期货价格预测_郭梓晗.pdf,P0015,live_normal,K5a3b1a850e68e1179ffaab8a8182196b1d087696ef52257a0a6ffad347030b14,2,complete,0.0,0,0,0,0,e9d9252d-7ec5-4f92-98c8-4b5731c2fe7d,2026-10-02T10:16:28.680085+00:00,True
normal_08_010,test,normal_08,8,10,0.0,信息熵在机器学习算法中的运用_张璐瑶.pdf,P0012,live_normal,K9455b6d7518a5c36d827b4348e81a09fdcc5e5fe003e877bc05bb7eb138eca2f,2,complete,0.0,0,0,0,0,88912497-16c1-4faf-bb7e-326ff4b9fa23,2026-10-02T10:16:29.583271+00:00,True
normal_08_011,test,normal_08,8,11,0.0,基于机器学习算法的黑色系期货价格预测_郭梓晗.pdf,P0015,live_normal,K5a3b1a850e68e1179ffaab8a8182196b1d087696ef52257a0a6ffad347030b14,2,complete,0.0,0,0,0,0,c24df7db-9f42-482c-ba6d-e765ffd50bdd,2026-10-02T10:16:29.954316+00:00,True
normal_08_012,test,normal_08,8,12,0.0,信息熵在机器学习算法中的运用_张璐瑶.pdf,P0012,live_normal,K9455b6d7518a5c36d827b4348e81a09fdcc5e5fe003e877bc05bb7eb138eca2f,2,complete,0.0,0,0,0,0,1375a88b-be97-453c-b466-b9472dc844cf,2026-10-02T10:16:30.846993+00:00,True
normal_08_013,test,normal_08,8,13,0.0,基于机器学习和新闻文本的原油期货资产配置研究_钟浩.pdf,P0010,live_normal,Keff678b299227ecddcbf4d17f7660b95ad60c101672d17ba7b273738c73df3c0,2,complete,0.0,0,0,0,0,eebf9c01-7f7a-43db-ab5f-57fe5351f4ad,2026-10-02T10:16:31.568043+00:00,True
normal_08_014,test,normal_08,8,14,0.0,信息熵在机器学习算法中的运用_张璐瑶.pdf,P0012,live_normal,K9455b6d7518a5c36d827b4348e81a09fdcc5e5fe003e877bc05bb7eb138eca2f,2,complete,0.0,0,0,0,0,42330f53-1f94-469b-9897-c35bf1615426,2026-10-02T10:16:32.499520+00:00,True
normal_08_015,test,normal_08,8,15,0.0,基于机器学习和新闻文本的原油期货资产配置研究_钟浩.pdf,P0010,live_normal,Keff678b299227ecddcbf4d17f7660b95ad60c101672d17ba7b273738c73df3c0,2,complete,0.0,0,0,0,0,7afb2e47-fff0-4f87-bdb1-0b2898e1433a,2026-10-02T10:16:33.318814+00:00,True
normal_08_016,test,normal_08,8,16,0.0,信息熵在机器学习算法中的运用_张璐瑶.pdf,P0012,live_normal,K9455b6d7518a5c36d827b4348e81a09fdcc5e5fe003e877bc05bb7eb138eca2f,2,complete,0.0,0,0,0,0,ead48b87-4c1b-412c-ad97-ebb8a0a5628f,2026-10-02T10:16:34.063305+00:00,True
normal_08_017,test,normal_08,8,17,0.0,基于机器学习算法的黑色系期货价格预测_郭梓晗.pdf,P0015,live_normal,K5a3b1a850e68e1179ffaab8a8182196b1d087696ef52257a0a6ffad347030b14,2,complete,0.0,0,0,0,0,c3ff4a13-d14b-4972-8542-be69fe5aae5b,2026-10-02T10:16:34.767832+00:00,True
normal_08_018,test,normal_08,8,18,0.0,基于机器学习算法的黑色系期货价格预测_郭梓晗.pdf,P0015,live_normal,K5a3b1a850e68e1179ffaab8a8182196b1d087696ef52257a0a6ffad347030b14,2,complete,0.0,0,0,0,0,a84862ec-c871-4a3a-9ae7-587237f8746f,2026-10-02T10:16:35.646519+00:00,True
normal_08_019,test,normal_08,8,19,0.0,信息熵在机器学习算法中的运用_张璐瑶.pdf,P0012,live_normal,K9455b6d7518a5c36d827b4348e81a09fdcc5e5fe003e877bc05bb7eb138eca2f,2,complete,0.0,0,0,0,0,2862340c-c521-47c3-a171-97a314447e4f,2026-10-02T10:16:36.521941+00:00,True
normal_08_020,test,normal_08,8,20,0.0,气候金融背景下的气温衍生品定价研究——基于机器学习算法_杨刚.pdf,P0004,live_normal,K9270f70913c0acef9bfc8848ba83f8d9b692f8ab4f838c7fb64aaa248fe849fb,2,complete,0.0,0,0,0,0,baa66fa4-8e04-4a02-80b9-4d702d982629,2026-10-02T10:16:37.070012+00:00,True
normal_08_021,test,normal_08,8,21,0.0,基于机器学习和新闻文本的原油期货资产配置研究_钟浩.pdf,P0010,live_normal,K4a0fc1c7c1a21e26b7395a3eba3ded8f8c54d02fce65bb132a5d9d78b2f80326,2,complete,0.0,0,0,0,0,f4d2216c-d322-4b14-b54e-c450816044d7,2026-10-02T10:16:37.451744+00:00,True
normal_08_022,test,normal_08,8,22,0.0,基于机器学习算法的黑色系期货价格预测_郭梓晗.pdf,P0015,live_normal,K5a3b1a850e68e1179ffaab8a8182196b1d087696ef52257a0a6ffad347030b14,2,complete,0.0,0,0,0,0,9ed706a1-427e-4770-9c8f-43e34f82e711,2026-10-02T10:16:38.183768+00:00,True
normal_08_023,test,normal_08,8,23,0.0,气候金融背景下的气温衍生品定价研究——基于机器学习算法_杨刚.pdf,P0004,live_normal,K9270f70913c0acef9bfc8848ba83f8d9b692f8ab4f838c7fb64aaa248fe849fb,2,complete,0.0,0,0,0,0,39ef4a2a-06b2-489f-b208-e2150e96d6a0,2026-10-02T10:16:38.670341+00:00,True
normal_08_024,test,normal_08,8,24,0.0,基于机器学习算法的黑色系期货价格预测_郭梓晗.pdf,P0015,live_normal,K5a3b1a850e68e1179ffaab8a8182196b1d087696ef52257a0a6ffad347030b14,2,complete,0.0,0,0,0,0,a9ba2969-1927-4fd0-be9c-f34cbf6403e6,2026-10-02T10:16:39.413748+00:00,True
normal_08_025,test,normal_08,8,25,0.0,信息熵在机器学习算法中的运用_张璐瑶.pdf,P0012,live_normal,K9455b6d7518a5c36d827b4348e81a09fdcc5e5fe003e877bc05bb7eb138eca2f,2,complete,0.0,0,0,0,0,fc2338ce-06c0-49cb-93cf-0bcfc2543064,2026-10-02T10:16:40.119046+00:00,True
normal_08_026,test,normal_08,8,26,0.0,基于机器学习算法的黑色系期货价格预测_郭梓晗.pdf,P0015,live_normal,K5a3b1a850e68e1179ffaab8a8182196b1d087696ef52257a0a6ffad347030b14,2,complete,0.0,0,0,0,0,0231d2d6-1161-4146-b67e-5089e5d0d960,2026-10-02T10:16:40.869323+00:00,True
normal_08_027,test,normal_08,8,27,0.0,基于机器学习算法的黑色系期货价格预测_郭梓晗.pdf,P0015,live_normal,K5a3b1a850e68e1179ffaab8a8182196b1d087696ef52257a0a6ffad347030b14,2,complete,0.0,0,0,0,0,a63d3784-0441-4e76-87de-1b9d6fcec4f8,2026-10-02T10:16:41.659412+00:00,True
normal_08_028,test,normal_08,8,28,0.0,信息熵在机器学习算法中的运用_张璐瑶.pdf,P0012,live_normal,K9455b6d7518a5c36d827b4348e81a09fdcc5e5fe003e877bc05bb7eb138eca2f,2,complete,0.0,0,0,0,0,da0ab851-0483-46c8-b0d5-9c521f8f590d,2026-10-02T10:16:42.565409+00:00,True
normal_08_029,test,normal_08,8,29,0.0,气候金融背景下的气温衍生品定价研究——基于机器学习算法_杨刚.pdf,P0005,live_normal,K49cf5919474d41c8f7083ab6cb64a02560857ee3d54409accfc8538f21abb419,2,complete,0.0,0,0,0,0,de9694fb-9384-451c-9303-389c8b13b2b3,2026-10-02T10:16:43.290048+00:00,True
normal_08_030,test,normal_08,8,30,0.0,信息熵在机器学习算法中的运用_张璐瑶.pdf,P0012,live_normal,K9455b6d7518a5c36d827b4348e81a09fdcc5e5fe003e877bc05bb7eb138eca2f,2,complete,0.0,0,0,0,0,f3869dbe-b5a2-4371-8f07-ebf5a34373d9,2026-10-02T10:16:44.210866+00:00,True
normal_08_031,test,normal_08,8,31,0.0,基于机器学习和新闻文本的原油期货资产配置研究_钟浩.pdf,P0010,live_normal,Keff678b299227ecddcbf4d17f7660b95ad60c101672d17ba7b273738c73df3c0,2,complete,0.0,0,0,0,0,b8b960e1-197e-451a-a47e-2b064003b00d,2026-10-02T10:16:44.795939+00:00,True
normal_08_032,test,normal_08,8,32,0.0,信息熵在机器学习算法中的运用_张璐瑶.pdf,P0012,live_normal,K9455b6d7518a5c36d827b4348e81a09fdcc5e5fe003e877bc05bb7eb138eca2f,2,complete,0.0,0,0,0,0,bef5bec9-e65f-4cc0-8ab1-09fb5433401c,2026-10-02T10:16:45.618418+00:00,True
normal_08_033,test,normal_08,8,33,0.0,基于机器学习算法的黑色系期货价格预测_郭梓晗.pdf,P0015,live_normal,K5a3b1a850e68e1179ffaab8a8182196b1d087696ef52257a0a6ffad347030b14,2,complete,0.0,0,0,0,0,9f1f6185-4174-4875-823e-3843deb08428,2026-10-02T10:16:46.149355+00:00,True
normal_08_034,test,normal_08,8,34,0.0,基于机器学习算法的黑色系期货价格预测_郭梓晗.pdf,P0015,live_normal,K5a3b1a850e68e1179ffaab8a8182196b1d087696ef52257a0a6ffad347030b14,2,complete,0.0,0,0,0,0,71708fd7-3ad1-4d40-95a8-0d72753ca77c,2026-10-02T10:16:46.760255+00:00,True
normal_08_035,test,normal_08,8,35,0.0,基于机器学习和新闻文本的原油期货资产配置研究_钟浩.pdf,P0010,live_normal,Keff678b299227ecddcbf4d17f7660b95ad60c101672d17ba7b273738c73df3c0,2,complete,0.0,0,0,0,0,b8d33829-4059-4ff6-a7cb-c4d5fb670e45,2026-10-02T10:16:47.175965+00:00,True
normal_08_036,test,normal_08,8,36,0.0,信息熵在机器学习算法中的运用_张璐瑶.pdf,P0012,live_normal,K455be6ec0576ef7c24e84b6c16982e8b13570f618bc4d79871f64f8b5fc51c6b,2,complete,0.0,0,0,0,0,b672d3d3-f54b-4ad7-a1d8-155113194cbe,2026-10-02T10:16:47.617501+00:00,True
normal_08_037,test,normal_08,8,37,0.0,气候金融背景下的气温衍生品定价研究——基于机器学习算法_杨刚.pdf,P0004,live_normal,K9270f70913c0acef9bfc8848ba83f8d9b692f8ab4f838c7fb64aaa248fe849fb,2,complete,0.0,0,0,0,0,3da06030-a90a-46f5-b593-8f02a3599d53,2026-10-02T10:16:48.480701+00:00,True
normal_08_038,test,normal_08,8,38,0.0,气候金融背景下的气温衍生品定价研究——基于机器学习算法_杨刚.pdf,P0005,live_normal,K49cf5919474d41c8f7083ab6cb64a02560857ee3d54409accfc8538f21abb419,2,complete,0.0,0,0,0,0,2e8570e6-ed18-4905-951e-da355751907b,2026-10-02T10:16:49.516666+00:00,True
normal_08_039,test,normal_08,8,39,0.0,基于机器学习和新闻文本的原油期货资产配置研究_钟浩.pdf,P0010,live_normal,Keff678b299227ecddcbf4d17f7660b95ad60c101672d17ba7b273738c73df3c0,2,complete,0.0,0,0,0,0,835b6035-2497-4a8e-a984-c37b7aa07657,2026-10-02T10:16:50.591513+00:00,True
normal_08_040,test,normal_08,8,40,0.0,信息熵在机器学习算法中的运用_张璐瑶.pdf,P0012,live_normal,K9455b6d7518a5c36d827b4348e81a09fdcc5e5fe003e877bc05bb7eb138eca2f,2,complete,0.0,0,0,0,0,e1bcb48e-62cd-4871-a04f-c69de32b8d28,2026-10-02T10:16:51.574268+00:00,True
normal_09_001,test,normal_09,9,1,0.0,基于机器学习和新闻文本的原油期货资产配置研究_钟浩.pdf,P0010,live_normal,Keff678b299227ecddcbf4d17f7660b95ad60c101672d17ba7b273738c73df3c0,2,complete,0.0,0,0,0,0,c6c08f7e-81ed-4c69-90d2-2db452a6466b,2026-10-02T10:15:08.428400+00:00,True
normal_09_002,test,normal_09,9,2,0.0,气候金融背景下的气温衍生品定价研究——基于机器学习算法_杨刚.pdf,P0005,live_normal,Kbfdab773da60ebdd27ba5b72574a8bc24ec7bf9435854b399c71944f4b6c229a,2,complete,0.0,0,0,0,0,9d922e05-5bb1-4c76-b473-e9e1d5742007,2026-10-02T10:15:16.598046+00:00,False
normal_09_003,test,normal_09,9,3,0.0,气候金融背景下的气温衍生品定价研究——基于机器学习算法_杨刚.pdf,P0005,live_normal,K49cf5919474d41c8f7083ab6cb64a02560857ee3d54409accfc8538f21abb419,2,complete,0.0,0,0,0,0,3326bd3b-cc18-4087-bdaa-89ed42caf01d,2026-10-02T10:15:17.488713+00:00,True
normal_09_004,test,normal_09,9,4,0.0,基于机器学习算法的黑色系期货价格预测_郭梓晗.pdf,P0015,live_normal,K5a3b1a850e68e1179ffaab8a8182196b1d087696ef52257a0a6ffad347030b14,2,complete,0.0,0,0,0,0,4319d754-6c86-4e6e-b4e4-75801e8e961e,2026-10-02T10:15:18.385437+00:00,True
normal_09_005,test,normal_09,9,5,0.0,信息熵在机器学习算法中的运用_张璐瑶.pdf,P0012,live_normal,K455be6ec0576ef7c24e84b6c16982e8b13570f618bc4d79871f64f8b5fc51c6b,2,complete,0.0,0,0,0,0,a4e6dc39-04c6-473e-99e4-1337b34cbf49,2026-10-02T10:15:22.685844+00:00,True
normal_09_006,test,normal_09,9,6,0.0,基于机器学习和新闻文本的原油期货资产配置研究_钟浩.pdf,P0010,live_normal,Keff678b299227ecddcbf4d17f7660b95ad60c101672d17ba7b273738c73df3c0,2,complete,0.0,0,0,0,0,d086adf5-e74a-43e1-8686-f0a42c3729bf,2026-10-02T10:15:23.587999+00:00,True
normal_09_007,test,normal_09,9,7,0.0,基于机器学习和新闻文本的原油期货资产配置研究_钟浩.pdf,P0010,live_normal,Keff678b299227ecddcbf4d17f7660b95ad60c101672d17ba7b273738c73df3c0,2,complete,0.0,0,0,0,0,1cbeb8e5-f7ec-4dc5-aad9-6a0a729f2888,2026-10-02T10:15:24.678423+00:00,True
normal_09_008,test,normal_09,9,8,0.0,基于机器学习和新闻文本的原油期货资产配置研究_钟浩.pdf,P0010,live_normal,Keff678b299227ecddcbf4d17f7660b95ad60c101672d17ba7b273738c73df3c0,2,complete,0.0,0,0,0,0,4cab39b1-0885-4566-ae0b-db451d1423b6,2026-10-02T10:15:25.461046+00:00,True
normal_09_009,test,normal_09,9,9,0.0,气候金融背景下的气温衍生品定价研究——基于机器学习算法_杨刚.pdf,P0004,live_normal,K9270f70913c0acef9bfc8848ba83f8d9b692f8ab4f838c7fb64aaa248fe849fb,2,complete,0.0,0,0,0,0,5641c3ec-423a-4be7-9c2d-fb1318566d80,2026-10-02T10:15:26.228659+00:00,True
normal_09_010,test,normal_09,9,10,0.0,基于机器学习和新闻文本的原油期货资产配置研究_钟浩.pdf,P0010,live_normal,Keff678b299227ecddcbf4d17f7660b95ad60c101672d17ba7b273738c73df3c0,2,complete,0.0,0,0,0,0,622454c4-3af0-4fae-b5c7-08d7444c4756,2026-10-02T10:15:27.216221+00:00,True
normal_09_011,test,normal_09,9,11,0.0,基于机器学习和新闻文本的原油期货资产配置研究_钟浩.pdf,P0010,live_normal,Keff678b299227ecddcbf4d17f7660b95ad60c101672d17ba7b273738c73df3c0,2,complete,0.0,0,0,0,0,ee4aa6aa-31e4-468d-b57b-5047bf796077,2026-10-02T10:15:28.872027+00:00,True
normal_09_012,test,normal_09,9,12,0.0,基于机器学习算法的黑色系期货价格预测_郭梓晗.pdf,P0015,live_normal,K5a3b1a850e68e1179ffaab8a8182196b1d087696ef52257a0a6ffad347030b14,2,complete,0.0,0,0,0,0,ce931aa8-6e10-4ba8-bdfd-8bfdc40e7f46,2026-10-02T10:15:29.299957+00:00,True
normal_09_013,test,normal_09,9,13,0.0,气候金融背景下的气温衍生品定价研究——基于机器学习算法_杨刚.pdf,P0004,live_normal,K9270f70913c0acef9bfc8848ba83f8d9b692f8ab4f838c7fb64aaa248fe849fb,2,complete,0.0,0,0,0,0,50cbe763-385f-40dc-886b-1e0cd379d2c2,2026-10-02T10:15:30.100777+00:00,True
normal_09_014,test,normal_09,9,14,0.0,基于机器学习算法的黑色系期货价格预测_郭梓晗.pdf,P0015,live_normal,K5a3b1a850e68e1179ffaab8a8182196b1d087696ef52257a0a6ffad347030b14,2,complete,0.0,0,0,0,0,a4203368-ed3c-4066-9da6-65d6b6e843dc,2026-10-02T10:15:31.060073+00:00,True
normal_09_015,test,normal_09,9,15,0.0,基于机器学习算法的黑色系期货价格预测_郭梓晗.pdf,P0015,live_normal,K5a3b1a850e68e1179ffaab8a8182196b1d087696ef52257a0a6ffad347030b14,2,complete,0.0,0,0,0,0,896f065c-7d82-4dc5-909a-afd8f5c2056a,2026-10-02T10:15:31.878139+00:00,True
normal_09_016,test,normal_09,9,16,0.0,信息熵在机器学习算法中的运用_张璐瑶.pdf,P0012,live_normal,K9455b6d7518a5c36d827b4348e81a09fdcc5e5fe003e877bc05bb7eb138eca2f,2,complete,0.0,0,0,0,0,2efcb0f5-e88f-4808-acdb-36bfacca07f3,2026-10-02T10:15:32.912596+00:00,True
normal_09_017,test,normal_09,9,17,0.0,基于机器学习和新闻文本的原油期货资产配置研究_钟浩.pdf,P0010,live_normal,Keff678b299227ecddcbf4d17f7660b95ad60c101672d17ba7b273738c73df3c0,2,complete,0.0,0,0,0,0,67707a0b-e23c-4b86-9eaf-746c9ccabfdc,2026-10-02T10:15:33.551048+00:00,True
normal_09_018,test,normal_09,9,18,0.0,基于机器学习和新闻文本的原油期货资产配置研究_钟浩.pdf,P0010,live_normal,Keff678b299227ecddcbf4d17f7660b95ad60c101672d17ba7b273738c73df3c0,2,complete,0.0,0,0,0,0,8b061f27-9d38-4c80-92b6-80fc68ab09d9,2026-10-02T10:15:34.194523+00:00,True
normal_09_019,test,normal_09,9,19,0.0,气候金融背景下的气温衍生品定价研究——基于机器学习算法_杨刚.pdf,P0004,live_normal,K9270f70913c0acef9bfc8848ba83f8d9b692f8ab4f838c7fb64aaa248fe849fb,2,complete,0.0,0,0,0,0,6d9eddbf-93ce-4ba2-a681-5d7015361fbe,2026-10-02T10:15:35.191626+00:00,True
normal_09_020,test,normal_09,9,20,0.0,基于机器学习和新闻文本的原油期货资产配置研究_钟浩.pdf,P0010,live_normal,Keff678b299227ecddcbf4d17f7660b95ad60c101672d17ba7b273738c73df3c0,2,complete,0.0,0,0,0,0,7bf1afe4-9c11-4c23-8e70-f6948c82ef28,2026-10-02T10:15:36.253795+00:00,True
normal_09_021,test,normal_09,9,21,0.0,基于机器学习和新闻文本的原油期货资产配置研究_钟浩.pdf,P0010,live_normal,Keff678b299227ecddcbf4d17f7660b95ad60c101672d17ba7b273738c73df3c0,2,complete,0.0,0,0,0,0,a70718dc-2cb5-4f09-8423-d416f7f5e6ef,2026-10-02T10:15:37.194027+00:00,True
normal_09_022,test,normal_09,9,22,0.0,基于机器学习算法的黑色系期货价格预测_郭梓晗.pdf,P0015,live_normal,K5a3b1a850e68e1179ffaab8a8182196b1d087696ef52257a0a6ffad347030b14,2,complete,0.0,0,0,0,0,bd35f51c-242f-48e5-8d29-65adf94dfef0,2026-10-02T10:15:37.911214+00:00,True
normal_09_023,test,normal_09,9,23,0.0,基于机器学习和新闻文本的原油期货资产配置研究_钟浩.pdf,P0010,live_normal,Keff678b299227ecddcbf4d17f7660b95ad60c101672d17ba7b273738c73df3c0,2,complete,0.0,0,0,0,0,cb43b553-81cd-46c3-843f-cd64567b97d0,2026-10-02T10:15:38.577740+00:00,True
normal_09_024,test,normal_09,9,24,0.0,基于机器学习算法的黑色系期货价格预测_郭梓晗.pdf,P0015,live_normal,K5a3b1a850e68e1179ffaab8a8182196b1d087696ef52257a0a6ffad347030b14,2,complete,0.0,0,0,0,0,4514ff6f-24b8-470d-bd69-cee0ba8f1ba3,2026-10-02T10:15:39.166261+00:00,True
normal_09_025,test,normal_09,9,25,0.0,气候金融背景下的气温衍生品定价研究——基于机器学习算法_杨刚.pdf,P0004,live_normal,K9270f70913c0acef9bfc8848ba83f8d9b692f8ab4f838c7fb64aaa248fe849fb,2,complete,0.0,0,0,0,0,765e1811-8766-4598-a48a-d83f758dd95b,2026-10-02T10:15:39.844650+00:00,True
normal_09_026,test,normal_09,9,26,0.0,气候金融背景下的气温衍生品定价研究——基于机器学习算法_杨刚.pdf,P0004,live_normal,K9270f70913c0acef9bfc8848ba83f8d9b692f8ab4f838c7fb64aaa248fe849fb,2,complete,0.0,0,0,0,0,3e711479-ba22-41db-881f-dca1a657e7f4,2026-10-02T10:15:40.638947+00:00,True
normal_09_027,test,normal_09,9,27,0.0,气候金融背景下的气温衍生品定价研究——基于机器学习算法_杨刚.pdf,P0004,live_normal,K9270f70913c0acef9bfc8848ba83f8d9b692f8ab4f838c7fb64aaa248fe849fb,2,complete,0.0,0,0,0,0,b862c43a-dd10-4a1e-8a5d-3d4c67cfc41f,2026-10-02T10:15:41.137001+00:00,True
normal_09_028,test,normal_09,9,28,0.0,基于机器学习算法的黑色系期货价格预测_郭梓晗.pdf,P0015,live_normal,K5a3b1a850e68e1179ffaab8a8182196b1d087696ef52257a0a6ffad347030b14,2,complete,0.0,0,0,0,0,bc29774e-3d23-4b24-b663-b6af41f8adef,2026-10-02T10:15:41.955317+00:00,True
normal_09_029,test,normal_09,9,29,0.0,气候金融背景下的气温衍生品定价研究——基于机器学习算法_杨刚.pdf,P0004,live_normal,K9270f70913c0acef9bfc8848ba83f8d9b692f8ab4f838c7fb64aaa248fe849fb,2,complete,0.0,0,0,0,0,0e4e34a5-7061-4900-8779-e19cea5191bf,2026-10-02T10:15:42.746561+00:00,True
normal_09_030,test,normal_09,9,30,0.0,气候金融背景下的气温衍生品定价研究——基于机器学习算法_杨刚.pdf,P0004,live_normal,K9270f70913c0acef9bfc8848ba83f8d9b692f8ab4f838c7fb64aaa248fe849fb,2,complete,0.0,0,0,0,0,e447c26f-e579-476c-b1ba-aea620c6a587,2026-10-02T10:15:43.072075+00:00,True
normal_09_031,test,normal_09,9,31,0.0,基于机器学习和新闻文本的原油期货资产配置研究_钟浩.pdf,P0010,live_normal,Keff678b299227ecddcbf4d17f7660b95ad60c101672d17ba7b273738c73df3c0,2,complete,0.0,0,0,0,0,26a793f9-36ab-45a1-9068-ecfffeb2b06d,2026-10-02T10:15:43.674073+00:00,True
normal_09_032,test,normal_09,9,32,0.0,基于机器学习和新闻文本的原油期货资产配置研究_钟浩.pdf,P0010,live_normal,Keff678b299227ecddcbf4d17f7660b95ad60c101672d17ba7b273738c73df3c0,2,complete,0.0,0,0,0,0,f06b2170-2f31-4587-966e-e2ed6e67e426,2026-10-02T10:15:44.483100+00:00,True
normal_09_033,test,normal_09,9,33,0.0,信息熵在机器学习算法中的运用_张璐瑶.pdf,P0012,live_normal,K9455b6d7518a5c36d827b4348e81a09fdcc5e5fe003e877bc05bb7eb138eca2f,2,complete,0.0,0,0,0,0,b4fee442-c932-46d3-bf32-462db247fb0e,2026-10-02T10:15:45.466671+00:00,True
normal_09_034,test,normal_09,9,34,0.0,基于机器学习算法的黑色系期货价格预测_郭梓晗.pdf,P0015,live_normal,K5a3b1a850e68e1179ffaab8a8182196b1d087696ef52257a0a6ffad347030b14,2,complete,0.0,0,0,0,0,fc39247c-5ae6-4b9f-992d-b25bde069fef,2026-10-02T10:15:45.862514+00:00,True
normal_09_035,test,normal_09,9,35,0.0,基于机器学习和新闻文本的原油期货资产配置研究_钟浩.pdf,P0010,live_normal,Keff678b299227ecddcbf4d17f7660b95ad60c101672d17ba7b273738c73df3c0,2,complete,0.0,0,0,0,0,d56091a9-f159-4780-af65-f67e23ad32f7,2026-10-02T10:15:46.575734+00:00,True
normal_09_036,test,normal_09,9,36,0.0,基于机器学习算法的黑色系期货价格预测_郭梓晗.pdf,P0015,live_normal,K5a3b1a850e68e1179ffaab8a8182196b1d087696ef52257a0a6ffad347030b14,2,complete,0.0,0,0,0,0,c96c2c4f-b2e4-4692-af44-48db678146d7,2026-10-02T10:15:47.237660+00:00,True
normal_09_037,test,normal_09,9,37,0.0,气候金融背景下的气温衍生品定价研究——基于机器学习算法_杨刚.pdf,P0005,live_normal,K49cf5919474d41c8f7083ab6cb64a02560857ee3d54409accfc8538f21abb419,2,complete,0.0,0,0,0,0,02ac6e1b-3a69-4531-8b90-ec4a6af33124,2026-10-02T10:15:47.968619+00:00,True
normal_09_038,test,normal_09,9,38,0.0,基于机器学习算法的黑色系期货价格预测_郭梓晗.pdf,P0015,live_normal,K5a3b1a850e68e1179ffaab8a8182196b1d087696ef52257a0a6ffad347030b14,2,complete,0.0,0,0,0,0,47013b5e-6d17-45f8-8160-3417388cd9bf,2026-10-02T10:15:48.719579+00:00,True
normal_09_039,test,normal_09,9,39,0.0,信息熵在机器学习算法中的运用_张璐瑶.pdf,P0012,live_normal,K9455b6d7518a5c36d827b4348e81a09fdcc5e5fe003e877bc05bb7eb138eca2f,2,complete,0.0,0,0,0,0,1715fab2-e2d5-4121-93ef-9e0657574de1,2026-10-02T10:15:49.617393+00:00,True
normal_09_040,test,normal_09,9,40,0.0,气候金融背景下的气温衍生品定价研究——基于机器学习算法_杨刚.pdf,P0004,live_normal,K9270f70913c0acef9bfc8848ba83f8d9b692f8ab4f838c7fb64aaa248fe849fb,2,complete,0.0,0,0,0,0,b216e50b-b663-4cdb-ab4f-5ec4375a913e,2026-10-02T10:15:50.237958+00:00,True
normal_10_001,test,normal_10,10,1,0.0,基于机器学习算法的黑色系期货价格预测_郭梓晗.pdf,P0015,live_normal,K5a3b1a850e68e1179ffaab8a8182196b1d087696ef52257a0a6ffad347030b14,2,complete,0.0,0,0,0,0,95b500ab-5193-430b-97ef-72fd4f9995b1,2026-10-02T10:15:51.485833+00:00,True
normal_10_002,test,normal_10,10,2,0.0,气候金融背景下的气温衍生品定价研究——基于机器学习算法_杨刚.pdf,P0004,live_normal,K9270f70913c0acef9bfc8848ba83f8d9b692f8ab4f838c7fb64aaa248fe849fb,2,complete,0.0,0,0,0,0,47bb2c0d-39c5-4d0e-b77e-242700dbbaed,2026-10-02T10:15:52.155603+00:00,True
normal_10_003,test,normal_10,10,3,0.0,基于机器学习和新闻文本的原油期货资产配置研究_钟浩.pdf,P0010,live_normal,Keff678b299227ecddcbf4d17f7660b95ad60c101672d17ba7b273738c73df3c0,2,complete,0.0,0,0,0,0,cdfa01ba-6821-4116-92b6-71931c445df1,2026-10-02T10:15:53.026868+00:00,True
normal_10_004,test,normal_10,10,4,0.0,信息熵在机器学习算法中的运用_张璐瑶.pdf,P0012,live_normal,K9455b6d7518a5c36d827b4348e81a09fdcc5e5fe003e877bc05bb7eb138eca2f,2,complete,0.0,0,0,0,0,1449e0c8-a6be-4678-afd7-577fc4125750,2026-10-02T10:15:53.528544+00:00,True
normal_10_005,test,normal_10,10,5,0.0,信息熵在机器学习算法中的运用_张璐瑶.pdf,P0012,live_normal,K9455b6d7518a5c36d827b4348e81a09fdcc5e5fe003e877bc05bb7eb138eca2f,2,complete,0.0,0,0,0,0,9c0b4255-f770-465b-bd8d-aa5f7df1887d,2026-10-02T10:15:54.227466+00:00,True
normal_10_006,test,normal_10,10,6,0.0,基于机器学习算法的黑色系期货价格预测_郭梓晗.pdf,P0015,live_normal,K5a3b1a850e68e1179ffaab8a8182196b1d087696ef52257a0a6ffad347030b14,2,complete,0.0,0,0,0,0,6a2767a0-3882-4854-8bba-d33dc193f82b,2026-10-02T10:15:54.944433+00:00,True
normal_10_007,test,normal_10,10,7,0.0,基于机器学习和新闻文本的原油期货资产配置研究_钟浩.pdf,P0010,live_normal,Keff678b299227ecddcbf4d17f7660b95ad60c101672d17ba7b273738c73df3c0,2,complete,0.0,0,0,0,0,08c427c1-bbb6-4320-9eb5-e1bf911ded45,2026-10-02T10:15:55.810479+00:00,True
normal_10_008,test,normal_10,10,8,0.0,基于机器学习和新闻文本的原油期货资产配置研究_钟浩.pdf,P0010,live_normal,Keff678b299227ecddcbf4d17f7660b95ad60c101672d17ba7b273738c73df3c0,2,complete,0.0,0,0,0,0,caca6082-ef82-4a36-b14b-02950ad28d76,2026-10-02T10:15:56.697477+00:00,True
normal_10_009,test,normal_10,10,9,0.0,信息熵在机器学习算法中的运用_张璐瑶.pdf,P0012,live_normal,K9455b6d7518a5c36d827b4348e81a09fdcc5e5fe003e877bc05bb7eb138eca2f,2,complete,0.0,0,0,0,0,4a645c03-af46-41ad-8826-f828cc3e237e,2026-10-02T10:15:57.382690+00:00,True
normal_10_010,test,normal_10,10,10,0.0,基于机器学习算法的黑色系期货价格预测_郭梓晗.pdf,P0015,live_normal,K5a3b1a850e68e1179ffaab8a8182196b1d087696ef52257a0a6ffad347030b14,2,complete,0.0,0,0,0,0,26680fee-a174-4849-a53e-0229b8fd1c7d,2026-10-02T10:15:58.305222+00:00,True
normal_10_011,test,normal_10,10,11,0.0,基于机器学习算法的黑色系期货价格预测_郭梓晗.pdf,P0015,live_normal,K5a3b1a850e68e1179ffaab8a8182196b1d087696ef52257a0a6ffad347030b14,2,complete,0.0,0,0,0,0,30941c56-7bf3-40ee-9ec9-4f2ce5234348,2026-10-02T10:15:59.252403+00:00,True
normal_10_012,test,normal_10,10,12,0.0,信息熵在机器学习算法中的运用_张璐瑶.pdf,P0012,live_normal,K455be6ec0576ef7c24e84b6c16982e8b13570f618bc4d79871f64f8b5fc51c6b,2,complete,0.0,0,0,0,0,0a7a64a2-35b1-4315-8258-b6dfcd7938a1,2026-10-02T10:16:00.178875+00:00,True
normal_10_013,test,normal_10,10,13,0.0,基于机器学习和新闻文本的原油期货资产配置研究_钟浩.pdf,P0010,live_normal,Keff678b299227ecddcbf4d17f7660b95ad60c101672d17ba7b273738c73df3c0,2,complete,0.0,0,0,0,0,b7dacd35-fcd4-4354-9d93-c6bc02aaa9fd,2026-10-02T10:16:01.386013+00:00,True
normal_10_014,test,normal_10,10,14,0.0,基于机器学习和新闻文本的原油期货资产配置研究_钟浩.pdf,P0010,live_normal,Keff678b299227ecddcbf4d17f7660b95ad60c101672d17ba7b273738c73df3c0,2,complete,0.0,0,0,0,0,4fd40a19-d777-4689-b8a6-de8719b82046,2026-10-02T10:16:02.284036+00:00,True
normal_10_015,test,normal_10,10,15,0.0,信息熵在机器学习算法中的运用_张璐瑶.pdf,P0012,live_normal,K9455b6d7518a5c36d827b4348e81a09fdcc5e5fe003e877bc05bb7eb138eca2f,2,complete,0.0,0,0,0,0,b105a5f7-8349-4e72-8257-1761bc100517,2026-10-02T10:16:03.221781+00:00,True
normal_10_016,test,normal_10,10,16,0.0,信息熵在机器学习算法中的运用_张璐瑶.pdf,P0012,live_normal,K9455b6d7518a5c36d827b4348e81a09fdcc5e5fe003e877bc05bb7eb138eca2f,2,complete,0.0,0,0,0,0,8cf56676-2254-4027-a6d3-19183cfddc64,2026-10-02T10:16:04.434993+00:00,True
normal_10_017,test,normal_10,10,17,0.0,基于机器学习和新闻文本的原油期货资产配置研究_钟浩.pdf,P0010,live_normal,Keff678b299227ecddcbf4d17f7660b95ad60c101672d17ba7b273738c73df3c0,2,complete,0.0,0,0,0,0,d40fb03e-eaa0-4bb8-9129-12c460b1d1de,2026-10-02T10:16:05.346854+00:00,True
normal_10_018,test,normal_10,10,18,0.0,基于机器学习算法的黑色系期货价格预测_郭梓晗.pdf,P0015,live_normal,K5a3b1a850e68e1179ffaab8a8182196b1d087696ef52257a0a6ffad347030b14,2,complete,0.0,0,0,0,0,29af8a78-d246-4d90-8e9b-e253271f8c54,2026-10-02T10:16:05.950215+00:00,True
normal_10_019,test,normal_10,10,19,0.0,气候金融背景下的气温衍生品定价研究——基于机器学习算法_杨刚.pdf,P0005,live_normal,K49cf5919474d41c8f7083ab6cb64a02560857ee3d54409accfc8538f21abb419,2,complete,0.0,0,0,0,0,125417a7-23af-444d-b71f-2ee130d43ad7,2026-10-02T10:16:06.513475+00:00,True
normal_10_020,test,normal_10,10,20,0.0,基于机器学习算法的黑色系期货价格预测_郭梓晗.pdf,P0015,live_normal,K5a3b1a850e68e1179ffaab8a8182196b1d087696ef52257a0a6ffad347030b14,2,complete,0.0,0,0,0,0,6e773f53-93c2-468f-886f-6f7fec45fb98,2026-10-02T10:16:07.063222+00:00,True
normal_10_021,test,normal_10,10,21,0.0,信息熵在机器学习算法中的运用_张璐瑶.pdf,P0012,live_normal,K9455b6d7518a5c36d827b4348e81a09fdcc5e5fe003e877bc05bb7eb138eca2f,2,complete,0.0,0,0,0,0,4f3b0460-c1ef-41c8-a99d-02e64ded63ed,2026-10-02T10:16:07.979539+00:00,True
normal_10_022,test,normal_10,10,22,0.0,基于机器学习算法的黑色系期货价格预测_郭梓晗.pdf,P0015,live_normal,K5a3b1a850e68e1179ffaab8a8182196b1d087696ef52257a0a6ffad347030b14,2,complete,0.0,0,0,0,0,dd5e3793-31aa-43e6-b4b5-5fdcfae6e3a1,2026-10-02T10:16:08.851987+00:00,True
normal_10_023,test,normal_10,10,23,0.0,基于机器学习算法的黑色系期货价格预测_郭梓晗.pdf,P0015,live_normal,K5a3b1a850e68e1179ffaab8a8182196b1d087696ef52257a0a6ffad347030b14,2,complete,0.0,0,0,0,0,d1c4eb8c-4563-4cce-badd-886286f34aec,2026-10-02T10:16:09.435620+00:00,True
normal_10_024,test,normal_10,10,24,0.0,信息熵在机器学习算法中的运用_张璐瑶.pdf,P0012,live_normal,K9455b6d7518a5c36d827b4348e81a09fdcc5e5fe003e877bc05bb7eb138eca2f,2,complete,0.0,0,0,0,0,20b7aa7c-d79b-428b-bc06-957cdaf5752b,2026-10-02T10:16:10.382574+00:00,True
normal_10_025,test,normal_10,10,25,0.0,气候金融背景下的气温衍生品定价研究——基于机器学习算法_杨刚.pdf,P0004,live_normal,K9270f70913c0acef9bfc8848ba83f8d9b692f8ab4f838c7fb64aaa248fe849fb,2,complete,0.0,0,0,0,0,8cde5d54-5a5c-4bfa-b0e3-1dab2516cf52,2026-10-02T10:16:10.795288+00:00,True
normal_10_026,test,normal_10,10,26,0.0,基于机器学习和新闻文本的原油期货资产配置研究_钟浩.pdf,P0010,live_normal,Keff678b299227ecddcbf4d17f7660b95ad60c101672d17ba7b273738c73df3c0,2,complete,0.0,0,0,0,0,20161f3a-1b45-4cc8-8fee-71aa13654aec,2026-10-02T10:16:11.749057+00:00,True
normal_10_027,test,normal_10,10,27,0.0,基于机器学习和新闻文本的原油期货资产配置研究_钟浩.pdf,P0010,live_normal,Keff678b299227ecddcbf4d17f7660b95ad60c101672d17ba7b273738c73df3c0,2,complete,0.0,0,0,0,0,de87ae73-678c-4c69-a120-01fc088a1907,2026-10-02T10:16:12.398242+00:00,True
normal_10_028,test,normal_10,10,28,0.0,信息熵在机器学习算法中的运用_张璐瑶.pdf,P0012,live_normal,K9455b6d7518a5c36d827b4348e81a09fdcc5e5fe003e877bc05bb7eb138eca2f,2,complete,0.0,0,0,0,0,5f96f9fd-ada3-479b-8891-d1597041bb56,2026-10-02T10:16:13.319290+00:00,True
normal_10_029,test,normal_10,10,29,0.0,基于机器学习算法的黑色系期货价格预测_郭梓晗.pdf,P0015,live_normal,K5a3b1a850e68e1179ffaab8a8182196b1d087696ef52257a0a6ffad347030b14,2,complete,0.0,0,0,0,0,8df84ee9-7ca1-441f-838a-8511cb134b0d,2026-10-02T10:16:13.901872+00:00,True
normal_10_030,test,normal_10,10,30,0.0,信息熵在机器学习算法中的运用_张璐瑶.pdf,P0012,live_normal,K9455b6d7518a5c36d827b4348e81a09fdcc5e5fe003e877bc05bb7eb138eca2f,2,complete,0.0,0,0,0,0,77116138-3229-4fcb-a2cf-db6207a1dce8,2026-10-02T10:16:14.756181+00:00,True
normal_10_031,test,normal_10,10,31,0.0,气候金融背景下的气温衍生品定价研究——基于机器学习算法_杨刚.pdf,P0005,live_normal,K49cf5919474d41c8f7083ab6cb64a02560857ee3d54409accfc8538f21abb419,2,complete,0.0,0,0,0,0,52ceff0b-cbd2-42d2-a215-76d5a6f49bc9,2026-10-02T10:16:15.296895+00:00,True
normal_10_032,test,normal_10,10,32,0.0,基于机器学习算法的黑色系期货价格预测_郭梓晗.pdf,P0015,live_normal,K5a3b1a850e68e1179ffaab8a8182196b1d087696ef52257a0a6ffad347030b14,2,complete,0.0,0,0,0,0,176f8129-fb34-47f2-8b15-f263d1996bd0,2026-10-02T10:16:16.241699+00:00,True
normal_10_033,test,normal_10,10,33,0.0,信息熵在机器学习算法中的运用_张璐瑶.pdf,P0012,live_normal,K9455b6d7518a5c36d827b4348e81a09fdcc5e5fe003e877bc05bb7eb138eca2f,2,complete,0.0,0,0,0,0,55a3f4d6-3d50-44c9-8429-b1ff5aa60466,2026-10-02T10:16:16.838545+00:00,True
normal_10_034,test,normal_10,10,34,0.0,气候金融背景下的气温衍生品定价研究——基于机器学习算法_杨刚.pdf,P0005,live_normal,K49cf5919474d41c8f7083ab6cb64a02560857ee3d54409accfc8538f21abb419,2,complete,0.0,0,0,0,0,558314dd-0f10-447d-9a02-59094749ee68,2026-10-02T10:16:17.831552+00:00,True
normal_10_035,test,normal_10,10,35,0.0,基于机器学习算法的黑色系期货价格预测_郭梓晗.pdf,P0015,live_normal,K5a3b1a850e68e1179ffaab8a8182196b1d087696ef52257a0a6ffad347030b14,2,complete,0.0,0,0,0,0,31419979-7640-4fcf-9db0-20b2f18a22eb,2026-10-02T10:16:18.723622+00:00,True
normal_10_036,test,normal_10,10,36,0.0,基于机器学习和新闻文本的原油期货资产配置研究_钟浩.pdf,P0010,live_normal,Keff678b299227ecddcbf4d17f7660b95ad60c101672d17ba7b273738c73df3c0,2,complete,0.0,0,0,0,0,d6c51ee3-e4d4-4bed-bc76-a37f9d6c5cde,2026-10-02T10:16:19.669549+00:00,True
normal_10_037,test,normal_10,10,37,0.0,基于机器学习算法的黑色系期货价格预测_郭梓晗.pdf,P0015,live_normal,K5a3b1a850e68e1179ffaab8a8182196b1d087696ef52257a0a6ffad347030b14,2,complete,0.0,0,0,0,0,87ec400c-449c-44ab-a6d0-b77cc3753503,2026-10-02T10:16:20.420677+00:00,True
normal_10_038,test,normal_10,10,38,0.0,气候金融背景下的气温衍生品定价研究——基于机器学习算法_杨刚.pdf,P0004,live_normal,K9270f70913c0acef9bfc8848ba83f8d9b692f8ab4f838c7fb64aaa248fe849fb,2,complete,0.0,0,0,0,0,babef7cf-ddf2-49ef-b045-2afe93bcdc93,2026-10-02T10:16:21.188066+00:00,True
normal_10_039,test,normal_10,10,39,0.0,信息熵在机器学习算法中的运用_张璐瑶.pdf,P0012,live_normal,K9455b6d7518a5c36d827b4348e81a09fdcc5e5fe003e877bc05bb7eb138eca2f,2,complete,0.0,0,0,0,0,f2a24c97-2d4c-41cc-8dcd-748faad377db,2026-10-02T10:16:21.937649+00:00,True
normal_10_040,test,normal_10,10,40,0.0,基于机器学习和新闻文本的原油期货资产配置研究_钟浩.pdf,P0010,live_normal,Keff678b299227ecddcbf4d17f7660b95ad60c101672d17ba7b273738c73df3c0,2,complete,0.0,0,0,0,0,e9391f51-bbb2-433f-a3e9-95d7f188474f,2026-10-02T10:16:22.832206+00:00,True
normal_11_001,test,normal_11,11,1,0.0,气候金融背景下的气温衍生品定价研究——基于机器学习算法_杨刚.pdf,P0004,live_normal,K9270f70913c0acef9bfc8848ba83f8d9b692f8ab4f838c7fb64aaa248fe849fb,2,complete,0.0,0,0,0,0,4b2b8426-c1a1-4a24-ac9f-2b5389194e19,2026-10-02T10:14:02.095829+00:00,False
normal_11_002,test,normal_11,11,2,0.0,基于机器学习和新闻文本的原油期货资产配置研究_钟浩.pdf,P0010,live_normal,Keff678b299227ecddcbf4d17f7660b95ad60c101672d17ba7b273738c73df3c0,2,complete,0.0,0,0,0,0,100dc648-fcd9-48a5-9397-e87e09a36630,2026-10-02T10:14:08.265079+00:00,True
normal_11_003,test,normal_11,11,3,0.0,气候金融背景下的气温衍生品定价研究——基于机器学习算法_杨刚.pdf,P0004,live_normal,K9270f70913c0acef9bfc8848ba83f8d9b692f8ab4f838c7fb64aaa248fe849fb,2,complete,0.0,0,0,0,0,42137d00-3d39-4ee3-8584-a212e15aefa0,2026-10-02T10:14:09.094658+00:00,True
normal_11_004,test,normal_11,11,4,0.0,基于机器学习算法的黑色系期货价格预测_郭梓晗.pdf,P0015,live_normal,K5a3b1a850e68e1179ffaab8a8182196b1d087696ef52257a0a6ffad347030b14,2,complete,0.0,0,0,0,0,9aa7484e-8e2f-45e6-82bb-8ead3cf11c83,2026-10-02T10:14:09.864990+00:00,True
normal_11_005,test,normal_11,11,5,0.0,气候金融背景下的气温衍生品定价研究——基于机器学习算法_杨刚.pdf,P0004,live_normal,K9270f70913c0acef9bfc8848ba83f8d9b692f8ab4f838c7fb64aaa248fe849fb,2,complete,0.0,0,0,0,0,c8a0d65a-b937-469f-9115-8d31e73bcd49,2026-10-02T10:14:10.635319+00:00,True
normal_11_006,test,normal_11,11,6,0.0,信息熵在机器学习算法中的运用_张璐瑶.pdf,P0012,live_normal,K9455b6d7518a5c36d827b4348e81a09fdcc5e5fe003e877bc05bb7eb138eca2f,2,complete,0.0,0,0,0,0,2035469a-4b30-46ea-9346-b8fb725b3eaa,2026-10-02T10:14:11.232530+00:00,True
normal_11_007,test,normal_11,11,7,0.0,基于机器学习和新闻文本的原油期货资产配置研究_钟浩.pdf,P0010,live_normal,Keff678b299227ecddcbf4d17f7660b95ad60c101672d17ba7b273738c73df3c0,2,complete,0.0,0,0,0,0,6f1d28af-a1ce-45e0-b6c6-37d3203859ca,2026-10-02T10:14:11.881049+00:00,True
normal_11_008,test,normal_11,11,8,0.0,气候金融背景下的气温衍生品定价研究——基于机器学习算法_杨刚.pdf,P0005,live_normal,K49cf5919474d41c8f7083ab6cb64a02560857ee3d54409accfc8538f21abb419,2,complete,0.0,0,0,0,0,37025bc6-ca8d-4317-af48-42965d23b1b9,2026-10-02T10:14:12.774727+00:00,True
normal_11_009,test,normal_11,11,9,0.0,基于机器学习算法的黑色系期货价格预测_郭梓晗.pdf,P0015,live_normal,K5a3b1a850e68e1179ffaab8a8182196b1d087696ef52257a0a6ffad347030b14,2,complete,0.0,0,0,0,0,74c820dc-52da-490c-af3d-c1bffc2289bb,2026-10-02T10:14:13.390713+00:00,True
normal_11_010,test,normal_11,11,10,0.0,基于机器学习和新闻文本的原油期货资产配置研究_钟浩.pdf,P0010,live_normal,Keff678b299227ecddcbf4d17f7660b95ad60c101672d17ba7b273738c73df3c0,2,complete,0.0,0,0,0,0,be5ea3ac-800f-401e-9ad2-8ac2362660d3,2026-10-02T10:14:14.303190+00:00,True
normal_11_011,test,normal_11,11,11,0.0,气候金融背景下的气温衍生品定价研究——基于机器学习算法_杨刚.pdf,P0005,live_normal,K49cf5919474d41c8f7083ab6cb64a02560857ee3d54409accfc8538f21abb419,2,complete,0.0,0,0,0,0,d858671b-713a-41ec-a579-e0d600caec94,2026-10-02T10:14:14.923779+00:00,True
normal_11_012,test,normal_11,11,12,0.0,基于机器学习和新闻文本的原油期货资产配置研究_钟浩.pdf,P0010,live_normal,Keff678b299227ecddcbf4d17f7660b95ad60c101672d17ba7b273738c73df3c0,2,complete,0.0,0,0,0,0,49a6c661-f860-47d9-8f1e-907c1f0ef376,2026-10-02T10:14:15.657449+00:00,True
normal_11_013,test,normal_11,11,13,0.0,信息熵在机器学习算法中的运用_张璐瑶.pdf,P0012,live_normal,K9455b6d7518a5c36d827b4348e81a09fdcc5e5fe003e877bc05bb7eb138eca2f,2,complete,0.0,0,0,0,0,45966e2d-ca07-4ec2-a9e8-8df9347d9233,2026-10-02T10:14:16.495778+00:00,True
normal_11_014,test,normal_11,11,14,0.0,基于机器学习和新闻文本的原油期货资产配置研究_钟浩.pdf,P0010,live_normal,Keff678b299227ecddcbf4d17f7660b95ad60c101672d17ba7b273738c73df3c0,2,complete,0.0,0,0,0,0,ee1b6499-6c4e-4731-ad66-561f248642a9,2026-10-02T10:14:17.039131+00:00,True
normal_11_015,test,normal_11,11,15,0.0,基于机器学习算法的黑色系期货价格预测_郭梓晗.pdf,P0015,live_normal,K5a3b1a850e68e1179ffaab8a8182196b1d087696ef52257a0a6ffad347030b14,2,complete,0.0,0,0,0,0,70b0ff66-a734-4547-8a57-ae39bf23b5e0,2026-10-02T10:14:17.719564+00:00,True
normal_11_016,test,normal_11,11,16,0.0,基于机器学习和新闻文本的原油期货资产配置研究_钟浩.pdf,P0010,live_normal,Keff678b299227ecddcbf4d17f7660b95ad60c101672d17ba7b273738c73df3c0,2,complete,0.0,0,0,0,0,47a84056-242b-4ec6-a72f-8b7380b60ebe,2026-10-02T10:14:18.522631+00:00,True
normal_11_017,test,normal_11,11,17,0.0,基于机器学习算法的黑色系期货价格预测_郭梓晗.pdf,P0015,live_normal,K5a3b1a850e68e1179ffaab8a8182196b1d087696ef52257a0a6ffad347030b14,2,complete,0.0,0,0,0,0,1b8160fb-a64c-4b7c-96c5-9a5d3cb71bc8,2026-10-02T10:14:19.410971+00:00,True
normal_11_018,test,normal_11,11,18,0.0,基于机器学习和新闻文本的原油期货资产配置研究_钟浩.pdf,P0010,live_normal,Keff678b299227ecddcbf4d17f7660b95ad60c101672d17ba7b273738c73df3c0,2,complete,0.0,0,0,0,0,f34559c2-b2c7-4d99-a888-aac825a72500,2026-10-02T10:14:20.294301+00:00,True
normal_11_019,test,normal_11,11,19,0.0,基于机器学习和新闻文本的原油期货资产配置研究_钟浩.pdf,P0010,live_normal,Keff678b299227ecddcbf4d17f7660b95ad60c101672d17ba7b273738c73df3c0,2,complete,0.0,0,0,0,0,735603bc-8bbb-4855-afd9-e5735a0e214d,2026-10-02T10:14:20.861571+00:00,True
normal_11_020,test,normal_11,11,20,0.0,信息熵在机器学习算法中的运用_张璐瑶.pdf,P0012,live_normal,K9455b6d7518a5c36d827b4348e81a09fdcc5e5fe003e877bc05bb7eb138eca2f,2,complete,0.0,0,0,0,0,550869d8-2979-45e0-957b-e1fc63f597ef,2026-10-02T10:14:21.596964+00:00,True
normal_11_021,test,normal_11,11,21,0.0,基于机器学习算法的黑色系期货价格预测_郭梓晗.pdf,P0015,live_normal,K5a3b1a850e68e1179ffaab8a8182196b1d087696ef52257a0a6ffad347030b14,2,complete,0.0,0,0,0,0,11ac3f14-48d5-465d-bf3e-21ab9e547272,2026-10-02T10:14:22.436207+00:00,True
normal_11_022,test,normal_11,11,22,0.0,基于机器学习和新闻文本的原油期货资产配置研究_钟浩.pdf,P0010,live_normal,Keff678b299227ecddcbf4d17f7660b95ad60c101672d17ba7b273738c73df3c0,2,complete,0.0,0,0,0,0,ff520768-e946-4fec-a7df-b0a0d1164a87,2026-10-02T10:14:23.174774+00:00,True
normal_11_023,test,normal_11,11,23,0.0,基于机器学习和新闻文本的原油期货资产配置研究_钟浩.pdf,P0010,live_normal,Keff678b299227ecddcbf4d17f7660b95ad60c101672d17ba7b273738c73df3c0,2,complete,0.0,0,0,0,0,a07be67a-d234-4ea5-a331-91bab1d06e78,2026-10-02T10:14:24.075281+00:00,True
normal_11_024,test,normal_11,11,24,0.0,气候金融背景下的气温衍生品定价研究——基于机器学习算法_杨刚.pdf,P0004,live_normal,K9270f70913c0acef9bfc8848ba83f8d9b692f8ab4f838c7fb64aaa248fe849fb,2,complete,0.0,0,0,0,0,ab537c4e-53d1-405b-a1c0-57a050802c01,2026-10-02T10:14:24.638543+00:00,True
normal_11_025,test,normal_11,11,25,0.0,信息熵在机器学习算法中的运用_张璐瑶.pdf,P0012,live_normal,K9455b6d7518a5c36d827b4348e81a09fdcc5e5fe003e877bc05bb7eb138eca2f,2,complete,0.0,0,0,0,0,20d82395-aeae-4108-bb67-540dda219e2a,2026-10-02T10:14:25.811498+00:00,True
normal_11_026,test,normal_11,11,26,0.0,基于机器学习和新闻文本的原油期货资产配置研究_钟浩.pdf,P0010,live_normal,Keff678b299227ecddcbf4d17f7660b95ad60c101672d17ba7b273738c73df3c0,2,complete,0.0,0,0,0,0,4886301e-64ad-433c-8f97-a603c335a4ef,2026-10-02T10:14:26.746106+00:00,True
normal_11_027,test,normal_11,11,27,0.0,气候金融背景下的气温衍生品定价研究——基于机器学习算法_杨刚.pdf,P0005,live_normal,Kf3ea2a47d88a646e6f2b6eb9185ca4261c1ea08aacbe7bea23189551f42130a6,2,complete,0.0,0,0,0,0,7117752e-f798-4114-90f9-f0aafce45a49,2026-10-02T10:14:27.436438+00:00,True
normal_11_028,test,normal_11,11,28,0.0,气候金融背景下的气温衍生品定价研究——基于机器学习算法_杨刚.pdf,P0005,live_normal,K49cf5919474d41c8f7083ab6cb64a02560857ee3d54409accfc8538f21abb419,2,complete,0.0,0,0,0,0,03251751-e26e-441b-9f91-2b7f0ae0d9cd,2026-10-02T10:14:28.145853+00:00,True
normal_11_029,test,normal_11,11,29,0.0,基于机器学习和新闻文本的原油期货资产配置研究_钟浩.pdf,P0010,live_normal,Keff678b299227ecddcbf4d17f7660b95ad60c101672d17ba7b273738c73df3c0,2,complete,0.0,0,0,0,0,1ec6928a-3483-405b-a856-cb6f0c6be980,2026-10-02T10:14:29.129187+00:00,True
normal_11_030,test,normal_11,11,30,0.0,基于机器学习算法的黑色系期货价格预测_郭梓晗.pdf,P0015,live_normal,K5a3b1a850e68e1179ffaab8a8182196b1d087696ef52257a0a6ffad347030b14,2,complete,0.0,0,0,0,0,43beff43-c527-4c7a-81ef-1427f8a867b5,2026-10-02T10:14:29.842757+00:00,True
normal_11_031,test,normal_11,11,31,0.0,基于机器学习算法的黑色系期货价格预测_郭梓晗.pdf,P0015,live_normal,K5a3b1a850e68e1179ffaab8a8182196b1d087696ef52257a0a6ffad347030b14,2,complete,0.0,0,0,0,0,4fc2d389-b816-4bb3-acfb-d9957aa254ee,2026-10-02T10:14:30.489219+00:00,True
normal_11_032,test,normal_11,11,32,0.0,气候金融背景下的气温衍生品定价研究——基于机器学习算法_杨刚.pdf,P0004,live_normal,K9270f70913c0acef9bfc8848ba83f8d9b692f8ab4f838c7fb64aaa248fe849fb,2,complete,0.0,0,0,0,0,94a4dfb4-99fe-4483-8a17-6425eaae7b6e,2026-10-02T10:14:31.124059+00:00,True
normal_11_033,test,normal_11,11,33,0.0,气候金融背景下的气温衍生品定价研究——基于机器学习算法_杨刚.pdf,P0004,live_normal,K9270f70913c0acef9bfc8848ba83f8d9b692f8ab4f838c7fb64aaa248fe849fb,2,complete,0.0,0,0,0,0,f7a958a7-b81d-4e6a-8cd3-53f29dea1b40,2026-10-02T10:14:31.696074+00:00,True
normal_11_034,test,normal_11,11,34,0.0,气候金融背景下的气温衍生品定价研究——基于机器学习算法_杨刚.pdf,P0004,live_normal,K9270f70913c0acef9bfc8848ba83f8d9b692f8ab4f838c7fb64aaa248fe849fb,2,complete,0.0,0,0,0,0,bd9d0e0a-a02a-485a-96c3-e32fe10f0eca,2026-10-02T10:14:32.444116+00:00,True
normal_11_035,test,normal_11,11,35,0.0,气候金融背景下的气温衍生品定价研究——基于机器学习算法_杨刚.pdf,P0004,live_normal,K9270f70913c0acef9bfc8848ba83f8d9b692f8ab4f838c7fb64aaa248fe849fb,2,complete,0.0,0,0,0,0,39a7fcf5-9fff-41fb-98e1-7122e38c6a3f,2026-10-02T10:14:33.008528+00:00,True
normal_11_036,test,normal_11,11,36,0.0,基于机器学习和新闻文本的原油期货资产配置研究_钟浩.pdf,P0010,live_normal,Keff678b299227ecddcbf4d17f7660b95ad60c101672d17ba7b273738c73df3c0,2,complete,0.0,0,0,0,0,66eec9aa-6802-4587-a2f2-9e8de8ed38ee,2026-10-02T10:14:33.942753+00:00,True
normal_11_037,test,normal_11,11,37,0.0,气候金融背景下的气温衍生品定价研究——基于机器学习算法_杨刚.pdf,P0005,live_normal,K49cf5919474d41c8f7083ab6cb64a02560857ee3d54409accfc8538f21abb419,2,complete,0.0,0,0,0,0,543b2ec1-32b3-488f-8953-70071003b802,2026-10-02T10:14:34.727363+00:00,True
normal_11_038,test,normal_11,11,38,0.0,基于机器学习算法的黑色系期货价格预测_郭梓晗.pdf,P0015,live_normal,K5a3b1a850e68e1179ffaab8a8182196b1d087696ef52257a0a6ffad347030b14,2,complete,0.0,0,0,0,0,79e4b8bb-f5e8-4034-8723-7dc7e7bc89fe,2026-10-02T10:14:35.302575+00:00,True
normal_11_039,test,normal_11,11,39,0.0,信息熵在机器学习算法中的运用_张璐瑶.pdf,P0012,live_normal,K9455b6d7518a5c36d827b4348e81a09fdcc5e5fe003e877bc05bb7eb138eca2f,2,complete,0.0,0,0,0,0,45e87599-ddc9-4ce0-97e1-e87a44f4561e,2026-10-02T10:14:35.975507+00:00,True
normal_11_040,test,normal_11,11,40,0.0,基于机器学习算法的黑色系期货价格预测_郭梓晗.pdf,P0015,live_normal,K5a3b1a850e68e1179ffaab8a8182196b1d087696ef52257a0a6ffad347030b14,2,complete,0.0,0,0,0,0,ca460402-522f-4aa1-8c4d-22bf97c36091,2026-10-02T10:14:36.668356+00:00,True
normal_12_001,test,normal_12,12,1,0.0,气候金融背景下的气温衍生品定价研究——基于机器学习算法_杨刚.pdf,P0005,live_normal,K49cf5919474d41c8f7083ab6cb64a02560857ee3d54409accfc8538f21abb419,2,complete,0.0,0,0,0,0,5cc88092-8304-49dc-8f57-a5377527ed63,2026-10-02T10:20:23.940577+00:00,True
normal_12_002,test,normal_12,12,2,0.0,信息熵在机器学习算法中的运用_张璐瑶.pdf,P0012,live_normal,K9455b6d7518a5c36d827b4348e81a09fdcc5e5fe003e877bc05bb7eb138eca2f,2,complete,0.0,0,0,0,0,19b8bcca-96db-4a67-a85a-d89022032ee1,2026-10-02T10:20:24.420509+00:00,True
normal_12_003,test,normal_12,12,3,0.0,信息熵在机器学习算法中的运用_张璐瑶.pdf,P0012,live_normal,K455be6ec0576ef7c24e84b6c16982e8b13570f618bc4d79871f64f8b5fc51c6b,2,complete,0.0,0,0,0,0,71f4f392-8276-4d77-80f9-f14182a4782e,2026-10-02T10:20:25.052251+00:00,True
normal_12_004,test,normal_12,12,4,0.0,信息熵在机器学习算法中的运用_张璐瑶.pdf,P0012,live_normal,K9455b6d7518a5c36d827b4348e81a09fdcc5e5fe003e877bc05bb7eb138eca2f,2,complete,0.0,0,0,0,0,e761b1fc-4d8c-4a0b-b3f2-1a3394baac02,2026-10-02T10:20:25.872825+00:00,True
normal_12_005,test,normal_12,12,5,0.0,信息熵在机器学习算法中的运用_张璐瑶.pdf,P0012,live_normal,K9455b6d7518a5c36d827b4348e81a09fdcc5e5fe003e877bc05bb7eb138eca2f,2,complete,0.0,0,0,0,0,11633d97-be62-4d23-8077-7caa2c683d21,2026-10-02T10:20:26.787435+00:00,True
normal_12_006,test,normal_12,12,6,0.0,信息熵在机器学习算法中的运用_张璐瑶.pdf,P0012,live_normal,K9455b6d7518a5c36d827b4348e81a09fdcc5e5fe003e877bc05bb7eb138eca2f,2,complete,0.0,0,0,0,0,c3604e8f-cef4-4218-bc49-b67a101734fe,2026-10-02T10:20:27.206245+00:00,True
normal_12_007,test,normal_12,12,7,0.0,信息熵在机器学习算法中的运用_张璐瑶.pdf,P0012,live_normal,K9455b6d7518a5c36d827b4348e81a09fdcc5e5fe003e877bc05bb7eb138eca2f,2,complete,0.0,0,0,0,0,5846b39d-650d-495a-a7f5-efd3298ca240,2026-10-02T10:20:27.889093+00:00,True
normal_12_008,test,normal_12,12,8,0.0,基于机器学习算法的黑色系期货价格预测_郭梓晗.pdf,P0015,live_normal,K5a3b1a850e68e1179ffaab8a8182196b1d087696ef52257a0a6ffad347030b14,2,complete,0.0,0,0,0,0,3a3a09c4-86df-4dd8-bba2-e2d1858ef0bb,2026-10-02T10:20:28.298234+00:00,True
normal_12_009,test,normal_12,12,9,0.0,基于机器学习和新闻文本的原油期货资产配置研究_钟浩.pdf,P0010,live_normal,Keff678b299227ecddcbf4d17f7660b95ad60c101672d17ba7b273738c73df3c0,2,complete,0.0,0,0,0,0,cd28a4b4-8e17-4937-84a1-15803164bcaa,2026-10-02T10:20:28.827409+00:00,True
normal_12_010,test,normal_12,12,10,0.0,气候金融背景下的气温衍生品定价研究——基于机器学习算法_杨刚.pdf,P0004,live_normal,K9270f70913c0acef9bfc8848ba83f8d9b692f8ab4f838c7fb64aaa248fe849fb,2,complete,0.0,0,0,0,0,69758b1f-2a95-47fb-a5bf-f797ace73aa3,2026-10-02T10:20:29.127905+00:00,True
normal_12_011,test,normal_12,12,11,0.0,基于机器学习和新闻文本的原油期货资产配置研究_钟浩.pdf,P0010,live_normal,Keff678b299227ecddcbf4d17f7660b95ad60c101672d17ba7b273738c73df3c0,2,complete,0.0,0,0,0,0,94e7c767-6311-49e1-afd7-ed37838f93b6,2026-10-02T10:20:29.840289+00:00,True
normal_12_012,test,normal_12,12,12,0.0,气候金融背景下的气温衍生品定价研究——基于机器学习算法_杨刚.pdf,P0004,live_normal,K9270f70913c0acef9bfc8848ba83f8d9b692f8ab4f838c7fb64aaa248fe849fb,2,complete,0.0,0,0,0,0,4bea40df-d20a-4bc5-ab80-8f7db5d303ad,2026-10-02T10:20:30.456001+00:00,True
normal_12_013,test,normal_12,12,13,0.0,基于机器学习和新闻文本的原油期货资产配置研究_钟浩.pdf,P0010,live_normal,Keff678b299227ecddcbf4d17f7660b95ad60c101672d17ba7b273738c73df3c0,2,complete,0.0,0,0,0,0,2cf785ad-48a3-4b24-9877-a744fe51743c,2026-10-02T10:20:31.384853+00:00,True
normal_12_014,test,normal_12,12,14,0.0,基于机器学习和新闻文本的原油期货资产配置研究_钟浩.pdf,P0010,live_normal,Keff678b299227ecddcbf4d17f7660b95ad60c101672d17ba7b273738c73df3c0,2,complete,0.0,0,0,0,0,de304d51-6cae-4094-9145-8dbfd4598ecf,2026-10-02T10:20:32.407076+00:00,True
normal_12_015,test,normal_12,12,15,0.0,基于机器学习算法的黑色系期货价格预测_郭梓晗.pdf,P0015,live_normal,K5a3b1a850e68e1179ffaab8a8182196b1d087696ef52257a0a6ffad347030b14,2,complete,0.0,0,0,0,0,75437a4d-6f2d-4737-8473-eee39e0f7e1f,2026-10-02T10:20:33.236339+00:00,True
normal_12_016,test,normal_12,12,16,0.0,气候金融背景下的气温衍生品定价研究——基于机器学习算法_杨刚.pdf,P0005,live_normal,K49cf5919474d41c8f7083ab6cb64a02560857ee3d54409accfc8538f21abb419,2,complete,0.0,0,0,0,0,5267a367-028a-4f13-8a03-8fc92f691d30,2026-10-02T10:20:34.172092+00:00,True
normal_12_017,test,normal_12,12,17,0.0,基于机器学习和新闻文本的原油期货资产配置研究_钟浩.pdf,P0010,live_normal,Keff678b299227ecddcbf4d17f7660b95ad60c101672d17ba7b273738c73df3c0,2,complete,0.0,0,0,0,0,e8349d46-fc09-441b-b162-c050bfd1d0c0,2026-10-02T10:20:34.977638+00:00,True
normal_12_018,test,normal_12,12,18,0.0,基于机器学习算法的黑色系期货价格预测_郭梓晗.pdf,P0015,live_normal,K5a3b1a850e68e1179ffaab8a8182196b1d087696ef52257a0a6ffad347030b14,2,complete,0.0,0,0,0,0,41f4ec9c-eea2-43bf-8fcc-ab928fccfe27,2026-10-02T10:20:35.425336+00:00,True
normal_12_019,test,normal_12,12,19,0.0,气候金融背景下的气温衍生品定价研究——基于机器学习算法_杨刚.pdf,P0005,live_normal,K49cf5919474d41c8f7083ab6cb64a02560857ee3d54409accfc8538f21abb419,2,complete,0.0,0,0,0,0,b865fe19-4d33-4076-80a6-8e3b74e51559,2026-10-02T10:20:35.855821+00:00,True
normal_12_020,test,normal_12,12,20,0.0,基于机器学习算法的黑色系期货价格预测_郭梓晗.pdf,P0015,live_normal,K5a3b1a850e68e1179ffaab8a8182196b1d087696ef52257a0a6ffad347030b14,2,complete,0.0,0,0,0,0,8f694692-705f-4eed-9d7f-5023a91bb492,2026-10-02T10:20:36.231931+00:00,True
normal_12_021,test,normal_12,12,21,0.0,基于机器学习算法的黑色系期货价格预测_郭梓晗.pdf,P0015,live_normal,K5a3b1a850e68e1179ffaab8a8182196b1d087696ef52257a0a6ffad347030b14,2,complete,0.0,0,0,0,0,815e126a-156e-4f98-9204-e1c9d08faa9b,2026-10-02T10:20:37.469708+00:00,True
normal_12_022,test,normal_12,12,22,0.0,气候金融背景下的气温衍生品定价研究——基于机器学习算法_杨刚.pdf,P0005,live_normal,K49cf5919474d41c8f7083ab6cb64a02560857ee3d54409accfc8538f21abb419,2,complete,0.0,0,0,0,0,87ac0fad-0400-4da1-9d93-7948ed3fc15a,2026-10-02T10:20:38.121983+00:00,True
normal_12_023,test,normal_12,12,23,0.0,信息熵在机器学习算法中的运用_张璐瑶.pdf,P0012,live_normal,K9455b6d7518a5c36d827b4348e81a09fdcc5e5fe003e877bc05bb7eb138eca2f,2,complete,0.0,0,0,0,0,c0bd3560-04e9-467f-b292-8d7524b9adc8,2026-10-02T10:20:39.294992+00:00,True
normal_12_024,test,normal_12,12,24,0.0,气候金融背景下的气温衍生品定价研究——基于机器学习算法_杨刚.pdf,P0004,live_normal,K9270f70913c0acef9bfc8848ba83f8d9b692f8ab4f838c7fb64aaa248fe849fb,2,complete,0.0,0,0,0,0,fa06212b-4764-47d4-bcf6-22c0eae601e3,2026-10-02T10:20:39.773234+00:00,True
normal_12_025,test,normal_12,12,25,0.0,信息熵在机器学习算法中的运用_张璐瑶.pdf,P0012,live_normal,K9455b6d7518a5c36d827b4348e81a09fdcc5e5fe003e877bc05bb7eb138eca2f,2,complete,0.0,0,0,0,0,32353827-dea6-4e63-93ea-02009624f525,2026-10-02T10:20:40.417818+00:00,True
normal_12_026,test,normal_12,12,26,0.0,基于机器学习算法的黑色系期货价格预测_郭梓晗.pdf,P0015,live_normal,K5a3b1a850e68e1179ffaab8a8182196b1d087696ef52257a0a6ffad347030b14,2,complete,0.0,0,0,0,0,9ac2bcf0-c9d7-498d-9095-4d521a41adf5,2026-10-02T10:20:41.291222+00:00,True
normal_12_027,test,normal_12,12,27,0.0,信息熵在机器学习算法中的运用_张璐瑶.pdf,P0012,live_normal,K9455b6d7518a5c36d827b4348e81a09fdcc5e5fe003e877bc05bb7eb138eca2f,2,complete,0.0,0,0,0,0,57393ab7-802a-4022-9676-50f7534151af,2026-10-02T10:20:41.852861+00:00,True
normal_12_028,test,normal_12,12,28,0.0,基于机器学习和新闻文本的原油期货资产配置研究_钟浩.pdf,P0010,live_normal,Keff678b299227ecddcbf4d17f7660b95ad60c101672d17ba7b273738c73df3c0,2,complete,0.0,0,0,0,0,ea000281-9bad-4394-87ca-77e465ba211a,2026-10-02T10:20:42.384414+00:00,True
normal_12_029,test,normal_12,12,29,0.0,信息熵在机器学习算法中的运用_张璐瑶.pdf,P0012,live_normal,K9455b6d7518a5c36d827b4348e81a09fdcc5e5fe003e877bc05bb7eb138eca2f,2,complete,0.0,0,0,0,0,ec5abf82-be27-4c5d-962f-8dd62ee3bf26,2026-10-02T10:20:43.159861+00:00,True
normal_12_030,test,normal_12,12,30,0.0,基于机器学习和新闻文本的原油期货资产配置研究_钟浩.pdf,P0010,live_normal,Keff678b299227ecddcbf4d17f7660b95ad60c101672d17ba7b273738c73df3c0,2,complete,0.0,0,0,0,0,f6d9d5be-aa6d-40bd-914f-0cc17364db36,2026-10-02T10:20:44.110347+00:00,True
normal_12_031,test,normal_12,12,31,0.0,基于机器学习和新闻文本的原油期货资产配置研究_钟浩.pdf,P0010,live_normal,Keff678b299227ecddcbf4d17f7660b95ad60c101672d17ba7b273738c73df3c0,2,complete,0.0,0,0,0,0,6615a3a3-c266-4b91-b9cc-249512d6f1c8,2026-10-02T10:20:44.961206+00:00,True
normal_12_032,test,normal_12,12,32,0.0,基于机器学习和新闻文本的原油期货资产配置研究_钟浩.pdf,P0010,live_normal,Keff678b299227ecddcbf4d17f7660b95ad60c101672d17ba7b273738c73df3c0,2,complete,0.0,0,0,0,0,1d4db551-19b4-4bbc-b2ec-4f98dcd883fb,2026-10-02T10:20:45.635656+00:00,True
normal_12_033,test,normal_12,12,33,0.0,基于机器学习和新闻文本的原油期货资产配置研究_钟浩.pdf,P0010,live_normal,Keff678b299227ecddcbf4d17f7660b95ad60c101672d17ba7b273738c73df3c0,2,complete,0.0,0,0,0,0,7548da09-1bd0-4b7b-970a-13451bd8c8f7,2026-10-02T10:20:46.513473+00:00,True
normal_12_034,test,normal_12,12,34,0.0,气候金融背景下的气温衍生品定价研究——基于机器学习算法_杨刚.pdf,P0004,live_normal,K9270f70913c0acef9bfc8848ba83f8d9b692f8ab4f838c7fb64aaa248fe849fb,2,complete,0.0,0,0,0,0,387f64a1-f038-4c6e-93e7-a358fe85c2b6,2026-10-02T10:20:47.265886+00:00,True
normal_12_035,test,normal_12,12,35,0.0,信息熵在机器学习算法中的运用_张璐瑶.pdf,P0012,live_normal,K34dc8820e765d3534375f2460a6d278ec57178d27431e3618017ef7629050ef1,2,complete,0.0,0,0,0,0,ef61a9f1-3bb7-4703-8660-daaed55f1322,2026-10-02T10:20:48.035713+00:00,True
normal_12_036,test,normal_12,12,36,0.0,信息熵在机器学习算法中的运用_张璐瑶.pdf,P0012,live_normal,K9455b6d7518a5c36d827b4348e81a09fdcc5e5fe003e877bc05bb7eb138eca2f,2,complete,0.0,0,0,0,0,f144dcbb-08f6-47da-b3c8-1c66c8031d6f,2026-10-02T10:20:48.556736+00:00,True
normal_12_037,test,normal_12,12,37,0.0,气候金融背景下的气温衍生品定价研究——基于机器学习算法_杨刚.pdf,P0004,live_normal,K9270f70913c0acef9bfc8848ba83f8d9b692f8ab4f838c7fb64aaa248fe849fb,2,complete,0.0,0,0,0,0,53ea44d8-c9b9-4cee-b6c9-78d2e9cdca2c,2026-10-02T10:20:49.349018+00:00,True
normal_12_038,test,normal_12,12,38,0.0,气候金融背景下的气温衍生品定价研究——基于机器学习算法_杨刚.pdf,P0005,live_normal,K49cf5919474d41c8f7083ab6cb64a02560857ee3d54409accfc8538f21abb419,2,complete,0.0,0,0,0,0,7f569add-a7eb-468b-9b3b-36fbd455574d,2026-10-02T10:20:49.889893+00:00,True
normal_12_039,test,normal_12,12,39,0.0,基于机器学习和新闻文本的原油期货资产配置研究_钟浩.pdf,P0010,live_normal,Keff678b299227ecddcbf4d17f7660b95ad60c101672d17ba7b273738c73df3c0,2,complete,0.0,0,0,0,0,6c44f056-82e2-4730-8a17-2d7290b03366,2026-10-02T10:20:50.445757+00:00,True
normal_12_040,test,normal_12,12,40,0.0,信息熵在机器学习算法中的运用_张璐瑶.pdf,P0012,live_normal,K9455b6d7518a5c36d827b4348e81a09fdcc5e5fe003e877bc05bb7eb138eca2f,2,complete,0.0,0,0,0,0,f4297797-c669-4be1-be13-0ab50501b1f0,2026-10-02T10:20:51.185565+00:00,True
normal_13_001,test,normal_13,13,1,0.0,气候金融背景下的气温衍生品定价研究——基于机器学习算法_杨刚.pdf,P0004,live_normal,K9270f70913c0acef9bfc8848ba83f8d9b692f8ab4f838c7fb64aaa248fe849fb,2,complete,0.0,0,0,0,0,dfbb46a1-1e77-464a-84de-7e9986b1e807,2026-10-02T10:18:55.337004+00:00,True
normal_13_002,test,normal_13,13,2,0.0,气候金融背景下的气温衍生品定价研究——基于机器学习算法_杨刚.pdf,P0004,live_normal,K9270f70913c0acef9bfc8848ba83f8d9b692f8ab4f838c7fb64aaa248fe849fb,2,complete,0.0,0,0,0,0,afe0d15d-aa0f-45ae-bac5-9d8ea8c8371c,2026-10-02T10:18:56.218725+00:00,True
normal_13_003,test,normal_13,13,3,0.0,基于机器学习算法的黑色系期货价格预测_郭梓晗.pdf,P0015,live_normal,K5a3b1a850e68e1179ffaab8a8182196b1d087696ef52257a0a6ffad347030b14,2,complete,0.0,0,0,0,0,666e3ac8-241f-49a9-9b14-746f52d15a00,2026-10-02T10:18:56.829394+00:00,True
normal_13_004,test,normal_13,13,4,0.0,基于机器学习算法的黑色系期货价格预测_郭梓晗.pdf,P0015,live_normal,K5a3b1a850e68e1179ffaab8a8182196b1d087696ef52257a0a6ffad347030b14,2,complete,0.0,0,0,0,0,4545d071-73b4-4a22-8913-23583ca6b407,2026-10-02T10:18:57.372346+00:00,True
normal_13_005,test,normal_13,13,5,0.0,信息熵在机器学习算法中的运用_张璐瑶.pdf,P0012,live_normal,K9455b6d7518a5c36d827b4348e81a09fdcc5e5fe003e877bc05bb7eb138eca2f,2,complete,0.0,0,0,0,0,1d55db42-d823-40b8-ab44-af2ae36b657c,2026-10-02T10:18:58.213780+00:00,True
normal_13_006,test,normal_13,13,6,0.0,基于机器学习和新闻文本的原油期货资产配置研究_钟浩.pdf,P0010,live_normal,Keff678b299227ecddcbf4d17f7660b95ad60c101672d17ba7b273738c73df3c0,2,complete,0.0,0,0,0,0,09e525fa-9051-47fc-a2ae-1c4fe0cfc2c6,2026-10-02T10:18:58.854743+00:00,True
normal_13_007,test,normal_13,13,7,0.0,气候金融背景下的气温衍生品定价研究——基于机器学习算法_杨刚.pdf,P0005,live_normal,K49cf5919474d41c8f7083ab6cb64a02560857ee3d54409accfc8538f21abb419,2,complete,0.0,0,0,0,0,868fbbd4-ce23-42e0-9cec-0fa5a1646dfa,2026-10-02T10:18:59.660941+00:00,True
normal_13_008,test,normal_13,13,8,0.0,基于机器学习算法的黑色系期货价格预测_郭梓晗.pdf,P0015,live_normal,K5a3b1a850e68e1179ffaab8a8182196b1d087696ef52257a0a6ffad347030b14,2,complete,0.0,0,0,0,0,6d0da2c5-a102-4527-9305-96243a958eca,2026-10-02T10:19:00.534491+00:00,True
normal_13_009,test,normal_13,13,9,0.0,基于机器学习和新闻文本的原油期货资产配置研究_钟浩.pdf,P0010,live_normal,Keff678b299227ecddcbf4d17f7660b95ad60c101672d17ba7b273738c73df3c0,2,complete,0.0,0,0,0,0,810becb2-727c-456f-a23c-e2179bc2a82f,2026-10-02T10:19:01.420851+00:00,True
normal_13_010,test,normal_13,13,10,0.0,基于机器学习和新闻文本的原油期货资产配置研究_钟浩.pdf,P0010,live_normal,Keff678b299227ecddcbf4d17f7660b95ad60c101672d17ba7b273738c73df3c0,2,complete,0.0,0,0,0,0,8bd77d86-fc83-4fbc-bba7-4bd97200a3cc,2026-10-02T10:19:02.220319+00:00,True
normal_13_011,test,normal_13,13,11,0.0,基于机器学习和新闻文本的原油期货资产配置研究_钟浩.pdf,P0010,live_normal,Keff678b299227ecddcbf4d17f7660b95ad60c101672d17ba7b273738c73df3c0,2,complete,0.0,0,0,0,0,4deaa4e3-0d42-4cc2-af78-7c45e39ad7b5,2026-10-02T10:19:02.980503+00:00,True
normal_13_012,test,normal_13,13,12,0.0,信息熵在机器学习算法中的运用_张璐瑶.pdf,P0012,live_normal,K9455b6d7518a5c36d827b4348e81a09fdcc5e5fe003e877bc05bb7eb138eca2f,2,complete,0.0,0,0,0,0,6bb7ba63-935f-4253-a34a-34fa8ff94a4b,2026-10-02T10:19:03.538877+00:00,True
normal_13_013,test,normal_13,13,13,0.0,基于机器学习算法的黑色系期货价格预测_郭梓晗.pdf,P0015,live_normal,K5a3b1a850e68e1179ffaab8a8182196b1d087696ef52257a0a6ffad347030b14,2,complete,0.0,0,0,0,0,3c29cb78-f6b5-4b05-852d-ea2e700265ac,2026-10-02T10:19:04.317539+00:00,True
normal_13_014,test,normal_13,13,14,0.0,基于机器学习和新闻文本的原油期货资产配置研究_钟浩.pdf,P0010,live_normal,Keff678b299227ecddcbf4d17f7660b95ad60c101672d17ba7b273738c73df3c0,2,complete,0.0,0,0,0,0,0ede77a5-3445-4b82-bd03-1e0ed0b440c5,2026-10-02T10:19:05.060778+00:00,True
normal_13_015,test,normal_13,13,15,0.0,气候金融背景下的气温衍生品定价研究——基于机器学习算法_杨刚.pdf,P0005,live_normal,K49cf5919474d41c8f7083ab6cb64a02560857ee3d54409accfc8538f21abb419,2,complete,0.0,0,0,0,0,341fc064-ea7b-4303-b303-5e795f2a532b,2026-10-02T10:19:05.912403+00:00,True
normal_13_016,test,normal_13,13,16,0.0,基于机器学习和新闻文本的原油期货资产配置研究_钟浩.pdf,P0010,live_normal,Keff678b299227ecddcbf4d17f7660b95ad60c101672d17ba7b273738c73df3c0,2,complete,0.0,0,0,0,0,46a0ccba-29b2-4bbc-a707-b3d91c0be439,2026-10-02T10:19:06.484957+00:00,True
normal_13_017,test,normal_13,13,17,0.0,气候金融背景下的气温衍生品定价研究——基于机器学习算法_杨刚.pdf,P0005,live_normal,K49cf5919474d41c8f7083ab6cb64a02560857ee3d54409accfc8538f21abb419,2,complete,0.0,0,0,0,0,25b4e70a-0503-42bd-8de3-8e18eb0ea218,2026-10-02T10:19:07.406496+00:00,True
normal_13_018,test,normal_13,13,18,0.0,基于机器学习算法的黑色系期货价格预测_郭梓晗.pdf,P0015,live_normal,K5a3b1a850e68e1179ffaab8a8182196b1d087696ef52257a0a6ffad347030b14,2,complete,0.0,0,0,0,0,bcc1aea4-ff3d-4c83-89d5-e2209a35476d,2026-10-02T10:19:08.144873+00:00,True
normal_13_019,test,normal_13,13,19,0.0,信息熵在机器学习算法中的运用_张璐瑶.pdf,P0012,live_normal,K9455b6d7518a5c36d827b4348e81a09fdcc5e5fe003e877bc05bb7eb138eca2f,2,complete,0.0,0,0,0,0,9079cce9-50f6-418e-b679-179ec40516c3,2026-10-02T10:19:09.075858+00:00,True
normal_13_020,test,normal_13,13,20,0.0,基于机器学习和新闻文本的原油期货资产配置研究_钟浩.pdf,P0010,live_normal,Keff678b299227ecddcbf4d17f7660b95ad60c101672d17ba7b273738c73df3c0,2,complete,0.0,0,0,0,0,0db42bdc-168c-4afb-a9aa-cd4f24e820dd,2026-10-02T10:19:09.579995+00:00,True
normal_13_021,test,normal_13,13,21,0.0,基于机器学习和新闻文本的原油期货资产配置研究_钟浩.pdf,P0010,live_normal,Keff678b299227ecddcbf4d17f7660b95ad60c101672d17ba7b273738c73df3c0,2,complete,0.0,0,0,0,0,1c8c4cac-27e0-4309-880b-c294d6803bca,2026-10-02T10:19:10.376128+00:00,True
normal_13_022,test,normal_13,13,22,0.0,信息熵在机器学习算法中的运用_张璐瑶.pdf,P0012,live_normal,K455be6ec0576ef7c24e84b6c16982e8b13570f618bc4d79871f64f8b5fc51c6b,2,complete,0.0,0,0,0,0,35582f15-4a0d-4fa2-943d-74eb365ff72b,2026-10-02T10:19:10.954400+00:00,True
normal_13_023,test,normal_13,13,23,0.0,基于机器学习和新闻文本的原油期货资产配置研究_钟浩.pdf,P0010,live_normal,Keff678b299227ecddcbf4d17f7660b95ad60c101672d17ba7b273738c73df3c0,2,complete,0.0,0,0,0,0,cf593633-2649-4995-91fe-876ef4940f0d,2026-10-02T10:19:11.895565+00:00,True
normal_13_024,test,normal_13,13,24,0.0,气候金融背景下的气温衍生品定价研究——基于机器学习算法_杨刚.pdf,P0005,live_normal,K49cf5919474d41c8f7083ab6cb64a02560857ee3d54409accfc8538f21abb419,2,complete,0.0,0,0,0,0,a0ce51e9-a241-4abe-b42d-7895237713af,2026-10-02T10:19:12.745750+00:00,True
normal_13_025,test,normal_13,13,25,0.0,气候金融背景下的气温衍生品定价研究——基于机器学习算法_杨刚.pdf,P0005,live_normal,K49cf5919474d41c8f7083ab6cb64a02560857ee3d54409accfc8538f21abb419,2,complete,0.0,0,0,0,0,56361ce6-fffc-4b99-9d54-abd4209c3d02,2026-10-02T10:19:13.423083+00:00,True
normal_13_026,test,normal_13,13,26,0.0,信息熵在机器学习算法中的运用_张璐瑶.pdf,P0012,live_normal,K9455b6d7518a5c36d827b4348e81a09fdcc5e5fe003e877bc05bb7eb138eca2f,2,complete,0.0,0,0,0,0,8cf6271d-41d9-4657-863a-f5cb0066e67c,2026-10-02T10:19:13.867723+00:00,True
normal_13_027,test,normal_13,13,27,0.0,基于机器学习和新闻文本的原油期货资产配置研究_钟浩.pdf,P0010,live_normal,Keff678b299227ecddcbf4d17f7660b95ad60c101672d17ba7b273738c73df3c0,2,complete,0.0,0,0,0,0,c21fb24f-8698-4351-a223-c99053a3399f,2026-10-02T10:19:14.668693+00:00,True
normal_13_028,test,normal_13,13,28,0.0,基于机器学习和新闻文本的原油期货资产配置研究_钟浩.pdf,P0010,live_normal,Keff678b299227ecddcbf4d17f7660b95ad60c101672d17ba7b273738c73df3c0,2,complete,0.0,0,0,0,0,cae8e547-ce3f-4b52-bb7a-02707b156e66,2026-10-02T10:19:15.409909+00:00,True
normal_13_029,test,normal_13,13,29,0.0,气候金融背景下的气温衍生品定价研究——基于机器学习算法_杨刚.pdf,P0005,live_normal,K49cf5919474d41c8f7083ab6cb64a02560857ee3d54409accfc8538f21abb419,2,complete,0.0,0,0,0,0,6cee34df-454c-44bb-8360-9bf11201270a,2026-10-02T10:19:16.063399+00:00,True
normal_13_030,test,normal_13,13,30,0.0,信息熵在机器学习算法中的运用_张璐瑶.pdf,P0012,live_normal,K9455b6d7518a5c36d827b4348e81a09fdcc5e5fe003e877bc05bb7eb138eca2f,2,complete,0.0,0,0,0,0,4696e49c-6ebb-4cf7-beeb-71cf61997567,2026-10-02T10:19:16.951857+00:00,True
normal_13_031,test,normal_13,13,31,0.0,基于机器学习和新闻文本的原油期货资产配置研究_钟浩.pdf,P0010,live_normal,Keff678b299227ecddcbf4d17f7660b95ad60c101672d17ba7b273738c73df3c0,2,complete,0.0,0,0,0,0,043d9e50-6991-4f28-86fb-0555294ef8ac,2026-10-02T10:19:17.678466+00:00,True
normal_13_032,test,normal_13,13,32,0.0,基于机器学习和新闻文本的原油期货资产配置研究_钟浩.pdf,P0010,live_normal,Keff678b299227ecddcbf4d17f7660b95ad60c101672d17ba7b273738c73df3c0,2,complete,0.0,0,0,0,0,88bac83c-ba36-4f2f-8d78-23a870687a36,2026-10-02T10:19:18.109112+00:00,True
normal_13_033,test,normal_13,13,33,0.0,基于机器学习算法的黑色系期货价格预测_郭梓晗.pdf,P0015,live_normal,K5a3b1a850e68e1179ffaab8a8182196b1d087696ef52257a0a6ffad347030b14,2,complete,0.0,0,0,0,0,bd796bd1-49b8-4194-ae7a-cd0f6c119004,2026-10-02T10:19:19.060619+00:00,True
normal_13_034,test,normal_13,13,34,0.0,气候金融背景下的气温衍生品定价研究——基于机器学习算法_杨刚.pdf,P0004,live_normal,K9270f70913c0acef9bfc8848ba83f8d9b692f8ab4f838c7fb64aaa248fe849fb,2,complete,0.0,0,0,0,0,bb222a68-2437-4492-ba23-252685757492,2026-10-02T10:19:20.054897+00:00,True
normal_13_035,test,normal_13,13,35,0.0,基于机器学习算法的黑色系期货价格预测_郭梓晗.pdf,P0015,live_normal,K5a3b1a850e68e1179ffaab8a8182196b1d087696ef52257a0a6ffad347030b14,2,complete,0.0,0,0,0,0,d1c2dd52-0686-4cd9-8ae6-5e63f71a493e,2026-10-02T10:19:20.853780+00:00,True
normal_13_036,test,normal_13,13,36,0.0,气候金融背景下的气温衍生品定价研究——基于机器学习算法_杨刚.pdf,P0005,live_normal,K49cf5919474d41c8f7083ab6cb64a02560857ee3d54409accfc8538f21abb419,2,complete,0.0,0,0,0,0,57a1aeef-3095-4415-a806-137f15fb90ff,2026-10-02T10:19:21.424551+00:00,True
normal_13_037,test,normal_13,13,37,0.0,基于机器学习算法的黑色系期货价格预测_郭梓晗.pdf,P0015,live_normal,K5a3b1a850e68e1179ffaab8a8182196b1d087696ef52257a0a6ffad347030b14,2,complete,0.0,0,0,0,0,6e42aae1-ad72-4796-9fb6-51f4bedaf932,2026-10-02T10:19:22.257853+00:00,True
normal_13_038,test,normal_13,13,38,0.0,基于机器学习算法的黑色系期货价格预测_郭梓晗.pdf,P0015,live_normal,K02bb1dc42b9bf68b5351b568c548ebc99723d1e35095ee7c9bf1c7a874a360ed,2,complete,0.0,0,0,0,0,5cf18ec6-bdf4-4cee-a277-17148645d781,2026-10-02T10:19:22.907347+00:00,True
normal_13_039,test,normal_13,13,39,0.0,基于机器学习算法的黑色系期货价格预测_郭梓晗.pdf,P0015,live_normal,K5a3b1a850e68e1179ffaab8a8182196b1d087696ef52257a0a6ffad347030b14,2,complete,0.0,0,0,0,0,9acee9e9-5a41-4209-a15e-fa90be91cee5,2026-10-02T10:19:23.350469+00:00,True
normal_13_040,test,normal_13,13,40,0.0,信息熵在机器学习算法中的运用_张璐瑶.pdf,P0012,live_normal,K9455b6d7518a5c36d827b4348e81a09fdcc5e5fe003e877bc05bb7eb138eca2f,2,complete,0.0,0,0,0,0,59a3d3c5-e503-4f38-9c53-5d13b7adee1c,2026-10-02T10:19:24.063411+00:00,True
normal_14_001,test,normal_14,14,1,0.0,基于机器学习和新闻文本的原油期货资产配置研究_钟浩.pdf,P0010,live_normal,Keff678b299227ecddcbf4d17f7660b95ad60c101672d17ba7b273738c73df3c0,2,complete,0.0,0,0,0,0,380c801d-a645-4d12-ac19-240c5f84a6a0,2026-10-02T10:17:42.193560+00:00,True
normal_14_002,test,normal_14,14,2,0.0,基于机器学习和新闻文本的原油期货资产配置研究_钟浩.pdf,P0010,live_normal,Keff678b299227ecddcbf4d17f7660b95ad60c101672d17ba7b273738c73df3c0,2,complete,0.0,0,0,0,0,643fe9f8-214b-4bdb-b996-552a791d0ee0,2026-10-02T10:17:43.048730+00:00,True
normal_14_003,test,normal_14,14,3,0.0,基于机器学习算法的黑色系期货价格预测_郭梓晗.pdf,P0015,live_normal,K5a3b1a850e68e1179ffaab8a8182196b1d087696ef52257a0a6ffad347030b14,2,complete,0.0,0,0,0,0,c82415b9-bf35-47a7-a13b-097805098947,2026-10-02T10:17:43.720066+00:00,True
normal_14_004,test,normal_14,14,4,0.0,基于机器学习和新闻文本的原油期货资产配置研究_钟浩.pdf,P0010,live_normal,Keff678b299227ecddcbf4d17f7660b95ad60c101672d17ba7b273738c73df3c0,2,complete,0.0,0,0,0,0,93e5cd86-ed82-4483-abea-794d23697485,2026-10-02T10:17:44.456482+00:00,True
normal_14_005,test,normal_14,14,5,0.0,气候金融背景下的气温衍生品定价研究——基于机器学习算法_杨刚.pdf,P0005,live_normal,K49cf5919474d41c8f7083ab6cb64a02560857ee3d54409accfc8538f21abb419,2,complete,0.0,0,0,0,0,02a265ed-f3e2-4443-bbe8-0c956c883e72,2026-10-02T10:17:45.112328+00:00,True
normal_14_006,test,normal_14,14,6,0.0,信息熵在机器学习算法中的运用_张璐瑶.pdf,P0012,live_normal,K9455b6d7518a5c36d827b4348e81a09fdcc5e5fe003e877bc05bb7eb138eca2f,2,complete,0.0,0,0,0,0,e57951c4-0505-4cb9-bc64-5a1f898e27c4,2026-10-02T10:17:45.703680+00:00,True
normal_14_007,test,normal_14,14,7,0.0,基于机器学习和新闻文本的原油期货资产配置研究_钟浩.pdf,P0010,live_normal,Keff678b299227ecddcbf4d17f7660b95ad60c101672d17ba7b273738c73df3c0,2,complete,0.0,0,0,0,0,3eda813f-d194-4262-94a6-2fc67ad7c768,2026-10-02T10:17:46.554985+00:00,True
normal_14_008,test,normal_14,14,8,0.0,信息熵在机器学习算法中的运用_张璐瑶.pdf,P0012,live_normal,K9455b6d7518a5c36d827b4348e81a09fdcc5e5fe003e877bc05bb7eb138eca2f,2,complete,0.0,0,0,0,0,270504ce-5d19-4c6a-8fab-b96f3e4afed6,2026-10-02T10:17:46.997952+00:00,True
normal_14_009,test,normal_14,14,9,0.0,基于机器学习和新闻文本的原油期货资产配置研究_钟浩.pdf,P0010,live_normal,Keff678b299227ecddcbf4d17f7660b95ad60c101672d17ba7b273738c73df3c0,2,complete,0.0,0,0,0,0,cba12d74-a46e-461b-91f7-286f7a41e2e2,2026-10-02T10:17:47.487543+00:00,True
normal_14_010,test,normal_14,14,10,0.0,信息熵在机器学习算法中的运用_张璐瑶.pdf,P0012,live_normal,K9455b6d7518a5c36d827b4348e81a09fdcc5e5fe003e877bc05bb7eb138eca2f,2,complete,0.0,0,0,0,0,fe112f05-070a-42ab-8278-71aa386069f5,2026-10-02T10:17:48.369909+00:00,True
normal_14_011,test,normal_14,14,11,0.0,基于机器学习和新闻文本的原油期货资产配置研究_钟浩.pdf,P0010,live_normal,K4a0fc1c7c1a21e26b7395a3eba3ded8f8c54d02fce65bb132a5d9d78b2f80326,2,complete,0.0,0,0,0,0,a9be4a41-a571-447f-948e-45526ce27ba5,2026-10-02T10:17:48.844623+00:00,True
normal_14_012,test,normal_14,14,12,0.0,气候金融背景下的气温衍生品定价研究——基于机器学习算法_杨刚.pdf,P0004,live_normal,K9270f70913c0acef9bfc8848ba83f8d9b692f8ab4f838c7fb64aaa248fe849fb,2,complete,0.0,0,0,0,0,19a47ba2-d42c-42e2-922f-fcdf9b29e1fd,2026-10-02T10:17:49.237507+00:00,True
normal_14_013,test,normal_14,14,13,0.0,气候金融背景下的气温衍生品定价研究——基于机器学习算法_杨刚.pdf,P0004,live_normal,K9270f70913c0acef9bfc8848ba83f8d9b692f8ab4f838c7fb64aaa248fe849fb,2,complete,0.0,0,0,0,0,3a07f3fc-4ccf-4839-847a-8a725fe0e4f8,2026-10-02T10:17:49.896221+00:00,True
normal_14_014,test,normal_14,14,14,0.0,基于机器学习和新闻文本的原油期货资产配置研究_钟浩.pdf,P0010,live_normal,Keff678b299227ecddcbf4d17f7660b95ad60c101672d17ba7b273738c73df3c0,2,complete,0.0,0,0,0,0,106b9873-fd59-406a-ab73-7e83fe234018,2026-10-02T10:17:50.880969+00:00,True
normal_14_015,test,normal_14,14,15,0.0,基于机器学习和新闻文本的原油期货资产配置研究_钟浩.pdf,P0010,live_normal,Keff678b299227ecddcbf4d17f7660b95ad60c101672d17ba7b273738c73df3c0,2,complete,0.0,0,0,0,0,137e14ee-66d1-4299-832a-f29a3736e00a,2026-10-02T10:17:51.724595+00:00,True
normal_14_016,test,normal_14,14,16,0.0,气候金融背景下的气温衍生品定价研究——基于机器学习算法_杨刚.pdf,P0004,live_normal,K9270f70913c0acef9bfc8848ba83f8d9b692f8ab4f838c7fb64aaa248fe849fb,2,complete,0.0,0,0,0,0,a23f42f6-f712-4c18-a810-3170d2e3b7b3,2026-10-02T10:17:52.350570+00:00,True
normal_14_017,test,normal_14,14,17,0.0,气候金融背景下的气温衍生品定价研究——基于机器学习算法_杨刚.pdf,P0005,live_normal,K49cf5919474d41c8f7083ab6cb64a02560857ee3d54409accfc8538f21abb419,2,complete,0.0,0,0,0,0,56ff1e3f-b5a6-4529-80c7-ac418dc5a8ab,2026-10-02T10:17:52.986678+00:00,True
normal_14_018,test,normal_14,14,18,0.0,基于机器学习和新闻文本的原油期货资产配置研究_钟浩.pdf,P0010,live_normal,Keff678b299227ecddcbf4d17f7660b95ad60c101672d17ba7b273738c73df3c0,2,complete,0.0,0,0,0,0,b4a710dd-2fba-4365-936b-1072eaf4e832,2026-10-02T10:17:53.966801+00:00,True
normal_14_019,test,normal_14,14,19,0.0,基于机器学习和新闻文本的原油期货资产配置研究_钟浩.pdf,P0010,live_normal,Keff678b299227ecddcbf4d17f7660b95ad60c101672d17ba7b273738c73df3c0,2,complete,0.0,0,0,0,0,57e85df7-2291-4afb-a57a-25286d7c8a15,2026-10-02T10:17:54.899420+00:00,True
normal_14_020,test,normal_14,14,20,0.0,基于机器学习和新闻文本的原油期货资产配置研究_钟浩.pdf,P0010,live_normal,Keff678b299227ecddcbf4d17f7660b95ad60c101672d17ba7b273738c73df3c0,2,complete,0.0,0,0,0,0,f97fede6-4b78-4c6a-bf8a-55e055471b4e,2026-10-02T10:17:55.510774+00:00,True
normal_14_021,test,normal_14,14,21,0.0,信息熵在机器学习算法中的运用_张璐瑶.pdf,P0012,live_normal,K9455b6d7518a5c36d827b4348e81a09fdcc5e5fe003e877bc05bb7eb138eca2f,2,complete,0.0,0,0,0,0,38f268c4-565f-4756-9745-30acb5ecb419,2026-10-02T10:17:56.642879+00:00,True
normal_14_022,test,normal_14,14,22,0.0,气候金融背景下的气温衍生品定价研究——基于机器学习算法_杨刚.pdf,P0004,live_normal,K9270f70913c0acef9bfc8848ba83f8d9b692f8ab4f838c7fb64aaa248fe849fb,2,complete,0.0,0,0,0,0,ae10c678-9611-48af-85c4-ca3e076e0c19,2026-10-02T10:17:57.059436+00:00,True
normal_14_023,test,normal_14,14,23,0.0,基于机器学习算法的黑色系期货价格预测_郭梓晗.pdf,P0015,live_normal,K5a3b1a850e68e1179ffaab8a8182196b1d087696ef52257a0a6ffad347030b14,2,complete,0.0,0,0,0,0,f2b3b2ea-7925-4504-9c8f-c36475f72a04,2026-10-02T10:17:58.100055+00:00,True
normal_14_024,test,normal_14,14,24,0.0,气候金融背景下的气温衍生品定价研究——基于机器学习算法_杨刚.pdf,P0004,live_normal,K9270f70913c0acef9bfc8848ba83f8d9b692f8ab4f838c7fb64aaa248fe849fb,2,complete,0.0,0,0,0,0,8dd2cbb2-057f-4e3f-8815-d2adb7bf9fff,2026-10-02T10:17:58.941719+00:00,True
normal_14_025,test,normal_14,14,25,0.0,气候金融背景下的气温衍生品定价研究——基于机器学习算法_杨刚.pdf,P0004,live_normal,K9270f70913c0acef9bfc8848ba83f8d9b692f8ab4f838c7fb64aaa248fe849fb,2,complete,0.0,0,0,0,0,1030a53e-636a-488b-b669-9b4fcd684de2,2026-10-02T10:17:59.612473+00:00,True
normal_14_026,test,normal_14,14,26,0.0,基于机器学习和新闻文本的原油期货资产配置研究_钟浩.pdf,P0010,live_normal,Keff678b299227ecddcbf4d17f7660b95ad60c101672d17ba7b273738c73df3c0,2,complete,0.0,0,0,0,0,119274cd-6bf9-43ed-8400-54dde67cb466,2026-10-02T10:18:00.329643+00:00,True
normal_14_027,test,normal_14,14,27,0.0,信息熵在机器学习算法中的运用_张璐瑶.pdf,P0012,live_normal,K9455b6d7518a5c36d827b4348e81a09fdcc5e5fe003e877bc05bb7eb138eca2f,2,complete,0.0,0,0,0,0,1490cdca-a8e6-418a-8746-00b60779bf4e,2026-10-02T10:18:01.189136+00:00,True
normal_14_028,test,normal_14,14,28,0.0,基于机器学习和新闻文本的原油期货资产配置研究_钟浩.pdf,P0010,live_normal,Keff678b299227ecddcbf4d17f7660b95ad60c101672d17ba7b273738c73df3c0,2,complete,0.0,0,0,0,0,4a5efe0f-df41-495c-a19a-3c953f28c19e,2026-10-02T10:18:02.044701+00:00,True
normal_14_029,test,normal_14,14,29,0.0,气候金融背景下的气温衍生品定价研究——基于机器学习算法_杨刚.pdf,P0005,live_normal,K49cf5919474d41c8f7083ab6cb64a02560857ee3d54409accfc8538f21abb419,2,complete,0.0,0,0,0,0,d702829d-d25c-472d-9c07-fc69c9bc84f9,2026-10-02T10:18:02.947705+00:00,True
normal_14_030,test,normal_14,14,30,0.0,基于机器学习和新闻文本的原油期货资产配置研究_钟浩.pdf,P0010,live_normal,Keff678b299227ecddcbf4d17f7660b95ad60c101672d17ba7b273738c73df3c0,2,complete,0.0,0,0,0,0,d844240a-4e1e-45c9-88ac-3b970b3f54c0,2026-10-02T10:18:03.581080+00:00,True
normal_14_031,test,normal_14,14,31,0.0,信息熵在机器学习算法中的运用_张璐瑶.pdf,P0012,live_normal,K9455b6d7518a5c36d827b4348e81a09fdcc5e5fe003e877bc05bb7eb138eca2f,2,complete,0.0,0,0,0,0,95de622c-2e5b-4935-b638-c2b8f29ff190,2026-10-02T10:18:04.313336+00:00,True
normal_14_032,test,normal_14,14,32,0.0,气候金融背景下的气温衍生品定价研究——基于机器学习算法_杨刚.pdf,P0005,live_normal,K49cf5919474d41c8f7083ab6cb64a02560857ee3d54409accfc8538f21abb419,2,complete,0.0,0,0,0,0,69359d15-8547-442c-a4d9-280f0b8dc02d,2026-10-02T10:18:05.164936+00:00,True
normal_14_033,test,normal_14,14,33,0.0,基于机器学习算法的黑色系期货价格预测_郭梓晗.pdf,P0015,live_normal,K5a3b1a850e68e1179ffaab8a8182196b1d087696ef52257a0a6ffad347030b14,2,complete,0.0,0,0,0,0,6b38a8a8-815b-4e10-95a2-b6a4a51a03b5,2026-10-02T10:18:05.749703+00:00,True
normal_14_034,test,normal_14,14,34,0.0,基于机器学习算法的黑色系期货价格预测_郭梓晗.pdf,P0015,live_normal,K5a3b1a850e68e1179ffaab8a8182196b1d087696ef52257a0a6ffad347030b14,2,complete,0.0,0,0,0,0,e98e8842-d34b-4675-9943-25589e0dbbf5,2026-10-02T10:18:06.601626+00:00,True
normal_14_035,test,normal_14,14,35,0.0,气候金融背景下的气温衍生品定价研究——基于机器学习算法_杨刚.pdf,P0005,live_normal,K49cf5919474d41c8f7083ab6cb64a02560857ee3d54409accfc8538f21abb419,2,complete,0.0,0,0,0,0,38f189df-a749-4421-a51d-5f0f49e94ea4,2026-10-02T10:18:07.216191+00:00,True
normal_14_036,test,normal_14,14,36,0.0,基于机器学习算法的黑色系期货价格预测_郭梓晗.pdf,P0015,live_normal,K5a3b1a850e68e1179ffaab8a8182196b1d087696ef52257a0a6ffad347030b14,2,complete,0.0,0,0,0,0,c0bb8f68-b284-4e9e-8ab1-f74d37416425,2026-10-02T10:18:07.998466+00:00,True
normal_14_037,test,normal_14,14,37,0.0,基于机器学习和新闻文本的原油期货资产配置研究_钟浩.pdf,P0010,live_normal,Keff678b299227ecddcbf4d17f7660b95ad60c101672d17ba7b273738c73df3c0,2,complete,0.0,0,0,0,0,d067bc87-e6de-4a61-9ee2-61e1c8ba0a23,2026-10-02T10:18:08.655239+00:00,True
normal_14_038,test,normal_14,14,38,0.0,基于机器学习算法的黑色系期货价格预测_郭梓晗.pdf,P0015,live_normal,K5a3b1a850e68e1179ffaab8a8182196b1d087696ef52257a0a6ffad347030b14,2,complete,0.0,0,0,0,0,403c77b1-3ced-405a-b1ca-d1ceb156cef2,2026-10-02T10:18:09.520852+00:00,True
normal_14_039,test,normal_14,14,39,0.0,基于机器学习和新闻文本的原油期货资产配置研究_钟浩.pdf,P0010,live_normal,Keff678b299227ecddcbf4d17f7660b95ad60c101672d17ba7b273738c73df3c0,2,complete,0.0,0,0,0,0,cf5b8a36-7eaa-4640-b14c-6307a05566a9,2026-10-02T10:18:10.256236+00:00,True
normal_14_040,test,normal_14,14,40,0.0,基于机器学习和新闻文本的原油期货资产配置研究_钟浩.pdf,P0010,live_normal,Keff678b299227ecddcbf4d17f7660b95ad60c101672d17ba7b273738c73df3c0,2,complete,0.0,0,0,0,0,d83c3e94-6ea4-48cf-a668-103904adffef,2026-10-02T10:18:11.255656+00:00,True
normal_15_001,test,normal_15,15,1,0.0,基于机器学习算法的黑色系期货价格预测_郭梓晗.pdf,P0015,live_normal,K5a3b1a850e68e1179ffaab8a8182196b1d087696ef52257a0a6ffad347030b14,2,complete,0.0,0,0,0,0,400f2674-01c2-4df8-a804-9b44241c0a50,2026-10-02T10:20:07.425796+00:00,True
normal_15_002,test,normal_15,15,2,0.0,气候金融背景下的气温衍生品定价研究——基于机器学习算法_杨刚.pdf,P0005,live_normal,K49cf5919474d41c8f7083ab6cb64a02560857ee3d54409accfc8538f21abb419,2,complete,0.0,0,0,0,0,20e89a66-90e6-4fb8-b355-93af4b362cfb,2026-10-02T10:20:08.236691+00:00,True
normal_15_003,test,normal_15,15,3,0.0,基于机器学习和新闻文本的原油期货资产配置研究_钟浩.pdf,P0010,live_normal,Keff678b299227ecddcbf4d17f7660b95ad60c101672d17ba7b273738c73df3c0,2,complete,0.0,0,0,0,0,3ca94de8-df1a-4dac-822f-c46a96db18d8,2026-10-02T10:20:09.086531+00:00,True
normal_15_004,test,normal_15,15,4,0.0,基于机器学习算法的黑色系期货价格预测_郭梓晗.pdf,P0015,live_normal,K5a3b1a850e68e1179ffaab8a8182196b1d087696ef52257a0a6ffad347030b14,2,complete,0.0,0,0,0,0,699b6c54-e198-458d-b285-6a39a8667acd,2026-10-02T10:20:10.027656+00:00,True
normal_15_005,test,normal_15,15,5,0.0,基于机器学习算法的黑色系期货价格预测_郭梓晗.pdf,P0015,live_normal,K5a3b1a850e68e1179ffaab8a8182196b1d087696ef52257a0a6ffad347030b14,2,complete,0.0,0,0,0,0,7746635d-3804-4251-b019-b1ef122d859e,2026-10-02T10:20:10.469078+00:00,True
normal_15_006,test,normal_15,15,6,0.0,气候金融背景下的气温衍生品定价研究——基于机器学习算法_杨刚.pdf,P0005,live_normal,K49cf5919474d41c8f7083ab6cb64a02560857ee3d54409accfc8538f21abb419,2,complete,0.0,0,0,0,0,a3f0b589-e898-4c7d-a527-0037838660b1,2026-10-02T10:20:11.535794+00:00,True
normal_15_007,test,normal_15,15,7,0.0,基于机器学习和新闻文本的原油期货资产配置研究_钟浩.pdf,P0010,live_normal,Keff678b299227ecddcbf4d17f7660b95ad60c101672d17ba7b273738c73df3c0,2,complete,0.0,0,0,0,0,9dd82da6-7d38-4872-84ff-f1a258117c54,2026-10-02T10:20:12.355754+00:00,True
normal_15_008,test,normal_15,15,8,0.0,气候金融背景下的气温衍生品定价研究——基于机器学习算法_杨刚.pdf,P0004,live_normal,K9270f70913c0acef9bfc8848ba83f8d9b692f8ab4f838c7fb64aaa248fe849fb,2,complete,0.0,0,0,0,0,3a8b1f7c-0ab5-45aa-9c84-39ebbbf916a8,2026-10-02T10:20:13.111536+00:00,True
normal_15_009,test,normal_15,15,9,0.0,基于机器学习算法的黑色系期货价格预测_郭梓晗.pdf,P0015,live_normal,K5a3b1a850e68e1179ffaab8a8182196b1d087696ef52257a0a6ffad347030b14,2,complete,0.0,0,0,0,0,81b67890-cb89-4daf-91d5-18f6adedbd23,2026-10-02T10:20:13.562545+00:00,True
normal_15_010,test,normal_15,15,10,0.0,基于机器学习和新闻文本的原油期货资产配置研究_钟浩.pdf,P0010,live_normal,Keff678b299227ecddcbf4d17f7660b95ad60c101672d17ba7b273738c73df3c0,2,complete,0.0,0,0,0,0,efaca882-7514-4fb9-914a-7d992b619fce,2026-10-02T10:20:14.371920+00:00,True
normal_15_011,test,normal_15,15,11,0.0,基于机器学习和新闻文本的原油期货资产配置研究_钟浩.pdf,P0010,live_normal,Keff678b299227ecddcbf4d17f7660b95ad60c101672d17ba7b273738c73df3c0,2,complete,0.0,0,0,0,0,82e06d23-4e8c-45f7-a4f2-1abb33be34a7,2026-10-02T10:20:15.085128+00:00,True
normal_15_012,test,normal_15,15,12,0.0,基于机器学习算法的黑色系期货价格预测_郭梓晗.pdf,P0015,live_normal,K5a3b1a850e68e1179ffaab8a8182196b1d087696ef52257a0a6ffad347030b14,2,complete,0.0,0,0,0,0,b042e1e6-0fb3-480f-8a04-ff5a4a4e8881,2026-10-02T10:20:15.670617+00:00,True
normal_15_013,test,normal_15,15,13,0.0,信息熵在机器学习算法中的运用_张璐瑶.pdf,P0012,live_normal,K9455b6d7518a5c36d827b4348e81a09fdcc5e5fe003e877bc05bb7eb138eca2f,2,complete,0.0,0,0,0,0,d4dc4d3b-ec27-4a15-9e3a-add12c4c6950,2026-10-02T10:20:16.192884+00:00,True
normal_15_014,test,normal_15,15,14,0.0,气候金融背景下的气温衍生品定价研究——基于机器学习算法_杨刚.pdf,P0004,live_normal,K9270f70913c0acef9bfc8848ba83f8d9b692f8ab4f838c7fb64aaa248fe849fb,2,complete,0.0,0,0,0,0,db555c26-6d0a-458b-830c-04e1302e99ad,2026-10-02T10:20:16.904233+00:00,True
normal_15_015,test,normal_15,15,15,0.0,基于机器学习算法的黑色系期货价格预测_郭梓晗.pdf,P0015,live_normal,K5a3b1a850e68e1179ffaab8a8182196b1d087696ef52257a0a6ffad347030b14,2,complete,0.0,0,0,0,0,0fd610c2-bba2-42f9-8164-ce8e12e8b41a,2026-10-02T10:20:17.989226+00:00,True
normal_15_016,test,normal_15,15,16,0.0,基于机器学习算法的黑色系期货价格预测_郭梓晗.pdf,P0015,live_normal,K5a3b1a850e68e1179ffaab8a8182196b1d087696ef52257a0a6ffad347030b14,2,complete,0.0,0,0,0,0,dd9a705a-0d57-4b6a-86be-2f95422443b3,2026-10-02T10:20:18.646303+00:00,True
normal_15_017,test,normal_15,15,17,0.0,气候金融背景下的气温衍生品定价研究——基于机器学习算法_杨刚.pdf,P0004,live_normal,K9270f70913c0acef9bfc8848ba83f8d9b692f8ab4f838c7fb64aaa248fe849fb,2,complete,0.0,0,0,0,0,980b3ba3-20db-4654-af06-8930d1c63741,2026-10-02T10:20:19.290750+00:00,True
normal_15_018,test,normal_15,15,18,0.0,气候金融背景下的气温衍生品定价研究——基于机器学习算法_杨刚.pdf,P0005,live_normal,K49cf5919474d41c8f7083ab6cb64a02560857ee3d54409accfc8538f21abb419,2,complete,0.0,0,0,0,0,7cc334c0-c9a5-4f25-8176-67e46b033287,2026-10-02T10:20:20.069977+00:00,True
normal_15_019,test,normal_15,15,19,0.0,基于机器学习算法的黑色系期货价格预测_郭梓晗.pdf,P0015,live_normal,K5a3b1a850e68e1179ffaab8a8182196b1d087696ef52257a0a6ffad347030b14,2,complete,0.0,0,0,0,0,4784d5e5-6679-4ee4-a1cf-4c6aa962bdd7,2026-10-02T10:20:21.022297+00:00,True
normal_15_020,test,normal_15,15,20,0.0,信息熵在机器学习算法中的运用_张璐瑶.pdf,P0012,live_normal,K9455b6d7518a5c36d827b4348e81a09fdcc5e5fe003e877bc05bb7eb138eca2f,2,complete,0.0,0,0,0,0,57db57f9-90a1-4348-b977-5436dfe87936,2026-10-02T10:20:21.945009+00:00,True
normal_15_021,test,normal_15,15,21,0.0,基于机器学习算法的黑色系期货价格预测_郭梓晗.pdf,P0015,live_normal,K5a3b1a850e68e1179ffaab8a8182196b1d087696ef52257a0a6ffad347030b14,2,complete,0.0,0,0,0,0,ca2f1c38-93ec-40bb-a072-93bc6299b3f1,2026-10-02T10:20:22.783339+00:00,True
normal_15_022,test,normal_15,15,22,0.0,基于机器学习和新闻文本的原油期货资产配置研究_钟浩.pdf,P0010,live_normal,Keff678b299227ecddcbf4d17f7660b95ad60c101672d17ba7b273738c73df3c0,2,complete,0.0,0,0,0,0,ca354874-28e7-490a-8110-13be987cf3b6,2026-10-02T10:20:23.376592+00:00,True
normal_15_023,test,normal_15,15,23,0.0,基于机器学习和新闻文本的原油期货资产配置研究_钟浩.pdf,P0010,live_normal,Keff678b299227ecddcbf4d17f7660b95ad60c101672d17ba7b273738c73df3c0,2,complete,0.0,0,0,0,0,ee255651-a960-4dca-854a-34a6a9973bdb,2026-10-02T10:20:24.132713+00:00,True
normal_15_024,test,normal_15,15,24,0.0,气候金融背景下的气温衍生品定价研究——基于机器学习算法_杨刚.pdf,P0005,live_normal,Kf3ea2a47d88a646e6f2b6eb9185ca4261c1ea08aacbe7bea23189551f42130a6,2,complete,0.0,0,0,0,0,b80b5055-9f16-41c2-85cb-9c6d5c8d22b0,2026-10-02T10:20:24.629541+00:00,True
normal_15_025,test,normal_15,15,25,0.0,气候金融背景下的气温衍生品定价研究——基于机器学习算法_杨刚.pdf,P0004,live_normal,K9270f70913c0acef9bfc8848ba83f8d9b692f8ab4f838c7fb64aaa248fe849fb,2,complete,0.0,0,0,0,0,248b1378-a1fd-451b-a6c4-4b0634dc9310,2026-10-02T10:20:25.418381+00:00,True
normal_15_026,test,normal_15,15,26,0.0,基于机器学习算法的黑色系期货价格预测_郭梓晗.pdf,P0015,live_normal,K02bb1dc42b9bf68b5351b568c548ebc99723d1e35095ee7c9bf1c7a874a360ed,2,complete,0.0,0,0,0,0,7dcb4d0b-9053-4ccd-9c42-d69b73d12488,2026-10-02T10:20:26.384133+00:00,True
normal_15_027,test,normal_15,15,27,0.0,信息熵在机器学习算法中的运用_张璐瑶.pdf,P0012,live_normal,K9455b6d7518a5c36d827b4348e81a09fdcc5e5fe003e877bc05bb7eb138eca2f,2,complete,0.0,0,0,0,0,f16aa088-a2bd-4abd-b07a-82ac9ef57149,2026-10-02T10:20:27.369579+00:00,True
normal_15_028,test,normal_15,15,28,0.0,基于机器学习和新闻文本的原油期货资产配置研究_钟浩.pdf,P0010,live_normal,Keff678b299227ecddcbf4d17f7660b95ad60c101672d17ba7b273738c73df3c0,2,complete,0.0,0,0,0,0,fd71494f-730d-4530-9215-2b5feba4a609,2026-10-02T10:20:28.211925+00:00,True
normal_15_029,test,normal_15,15,29,0.0,气候金融背景下的气温衍生品定价研究——基于机器学习算法_杨刚.pdf,P0004,live_normal,K9270f70913c0acef9bfc8848ba83f8d9b692f8ab4f838c7fb64aaa248fe849fb,2,complete,0.0,0,0,0,0,35c1acfa-67fe-40fd-bb46-c3b6448738d1,2026-10-02T10:20:28.719475+00:00,True
normal_15_030,test,normal_15,15,30,0.0,信息熵在机器学习算法中的运用_张璐瑶.pdf,P0012,live_normal,K9455b6d7518a5c36d827b4348e81a09fdcc5e5fe003e877bc05bb7eb138eca2f,2,complete,0.0,0,0,0,0,1e0e0cfe-85fc-423f-a182-e17630b56f07,2026-10-02T10:20:29.473586+00:00,True
normal_15_031,test,normal_15,15,31,0.0,基于机器学习和新闻文本的原油期货资产配置研究_钟浩.pdf,P0010,live_normal,Keff678b299227ecddcbf4d17f7660b95ad60c101672d17ba7b273738c73df3c0,2,complete,0.0,0,0,0,0,3732a4ff-9394-4d95-b73c-67dbf1e080d0,2026-10-02T10:20:30.226935+00:00,True
normal_15_032,test,normal_15,15,32,0.0,基于机器学习算法的黑色系期货价格预测_郭梓晗.pdf,P0015,live_normal,K5a3b1a850e68e1179ffaab8a8182196b1d087696ef52257a0a6ffad347030b14,2,complete,0.0,0,0,0,0,433d475e-7a4b-4eae-9109-92805e0be700,2026-10-02T10:20:31.126834+00:00,True
normal_15_033,test,normal_15,15,33,0.0,基于机器学习算法的黑色系期货价格预测_郭梓晗.pdf,P0015,live_normal,K5a3b1a850e68e1179ffaab8a8182196b1d087696ef52257a0a6ffad347030b14,2,complete,0.0,0,0,0,0,d917936e-0ec5-4f58-a52d-029718dfcb9a,2026-10-02T10:20:31.871800+00:00,True
normal_15_034,test,normal_15,15,34,0.0,基于机器学习算法的黑色系期货价格预测_郭梓晗.pdf,P0015,live_normal,K5a3b1a850e68e1179ffaab8a8182196b1d087696ef52257a0a6ffad347030b14,2,complete,0.0,0,0,0,0,8176261a-596e-4dfa-b69d-607d7e4424ca,2026-10-02T10:20:32.436527+00:00,True
normal_15_035,test,normal_15,15,35,0.0,基于机器学习算法的黑色系期货价格预测_郭梓晗.pdf,P0015,live_normal,K5a3b1a850e68e1179ffaab8a8182196b1d087696ef52257a0a6ffad347030b14,2,complete,0.0,0,0,0,0,d37c10d0-6130-47ce-a73c-6447d8d10c10,2026-10-02T10:20:33.485947+00:00,True
normal_15_036,test,normal_15,15,36,0.0,基于机器学习和新闻文本的原油期货资产配置研究_钟浩.pdf,P0010,live_normal,Keff678b299227ecddcbf4d17f7660b95ad60c101672d17ba7b273738c73df3c0,2,complete,0.0,0,0,0,0,49ef9439-7fe4-4630-b8d0-ab82f16b2702,2026-10-02T10:20:34.295542+00:00,True
normal_15_037,test,normal_15,15,37,0.0,气候金融背景下的气温衍生品定价研究——基于机器学习算法_杨刚.pdf,P0005,live_normal,K49cf5919474d41c8f7083ab6cb64a02560857ee3d54409accfc8538f21abb419,2,complete,0.0,0,0,0,0,0aa222db-d2e8-4f89-9c3c-24c0f7280974,2026-10-02T10:20:35.258687+00:00,True
normal_15_038,test,normal_15,15,38,0.0,基于机器学习和新闻文本的原油期货资产配置研究_钟浩.pdf,P0010,live_normal,Keff678b299227ecddcbf4d17f7660b95ad60c101672d17ba7b273738c73df3c0,2,complete,0.0,0,0,0,0,c4d3e7a5-99ff-4cad-bfa0-0322cf2a2a33,2026-10-02T10:20:36.053586+00:00,True
normal_15_039,test,normal_15,15,39,0.0,信息熵在机器学习算法中的运用_张璐瑶.pdf,P0012,live_normal,K9455b6d7518a5c36d827b4348e81a09fdcc5e5fe003e877bc05bb7eb138eca2f,2,complete,0.0,0,0,0,0,c79c4aea-2596-4f2b-9547-941bce0d7a97,2026-10-02T10:20:36.743265+00:00,True
normal_15_040,test,normal_15,15,40,0.0,气候金融背景下的气温衍生品定价研究——基于机器学习算法_杨刚.pdf,P0004,live_normal,K9270f70913c0acef9bfc8848ba83f8d9b692f8ab4f838c7fb64aaa248fe849fb,2,complete,0.0,0,0,0,0,3279e979-c21b-4c7b-8d33-304497515fd2,2026-10-02T10:20:37.141656+00:00,True
normal_16_001,test,normal_16,16,1,0.0,基于机器学习和新闻文本的原油期货资产配置研究_钟浩.pdf,P0010,live_normal,Keff678b299227ecddcbf4d17f7660b95ad60c101672d17ba7b273738c73df3c0,2,complete,0.0,0,0,0,0,1a931831-9d60-401d-82a5-c65ad6a08b06,2026-10-02T10:14:38.196325+00:00,True
normal_16_002,test,normal_16,16,2,0.0,基于机器学习算法的黑色系期货价格预测_郭梓晗.pdf,P0015,live_normal,K5a3b1a850e68e1179ffaab8a8182196b1d087696ef52257a0a6ffad347030b14,2,complete,0.0,0,0,0,0,c7033e4e-fbdf-4928-b24d-e76cdacbbb70,2026-10-02T10:14:38.725275+00:00,True
normal_16_003,test,normal_16,16,3,0.0,气候金融背景下的气温衍生品定价研究——基于机器学习算法_杨刚.pdf,P0005,live_normal,K49cf5919474d41c8f7083ab6cb64a02560857ee3d54409accfc8538f21abb419,2,complete,0.0,0,0,0,0,8f093647-c9a5-432d-9e9a-204f67eee57b,2026-10-02T10:14:39.279408+00:00,True
normal_16_004,test,normal_16,16,4,0.0,基于机器学习和新闻文本的原油期货资产配置研究_钟浩.pdf,P0010,live_normal,Keff678b299227ecddcbf4d17f7660b95ad60c101672d17ba7b273738c73df3c0,2,complete,0.0,0,0,0,0,baa4d4e8-baca-493d-a7e0-039ee6a1e1ac,2026-10-02T10:14:40.027823+00:00,True
normal_16_005,test,normal_16,16,5,0.0,信息熵在机器学习算法中的运用_张璐瑶.pdf,P0012,live_normal,K9455b6d7518a5c36d827b4348e81a09fdcc5e5fe003e877bc05bb7eb138eca2f,2,complete,0.0,0,0,0,0,aa2a6a50-6d06-4962-a793-537ce64b5bcc,2026-10-02T10:14:40.591208+00:00,True
normal_16_006,test,normal_16,16,6,0.0,基于机器学习和新闻文本的原油期货资产配置研究_钟浩.pdf,P0010,live_normal,Keff678b299227ecddcbf4d17f7660b95ad60c101672d17ba7b273738c73df3c0,2,complete,0.0,0,0,0,0,d4f6f7a5-7da9-4aae-9132-ead5ed7c1cf6,2026-10-02T10:14:41.412230+00:00,True
normal_16_007,test,normal_16,16,7,0.0,信息熵在机器学习算法中的运用_张璐瑶.pdf,P0012,live_normal,K9455b6d7518a5c36d827b4348e81a09fdcc5e5fe003e877bc05bb7eb138eca2f,2,complete,0.0,0,0,0,0,c0868e15-c994-4fcf-bf6b-16da24472053,2026-10-02T10:14:42.348815+00:00,True
normal_16_008,test,normal_16,16,8,0.0,气候金融背景下的气温衍生品定价研究——基于机器学习算法_杨刚.pdf,P0004,live_normal,K9270f70913c0acef9bfc8848ba83f8d9b692f8ab4f838c7fb64aaa248fe849fb,2,complete,0.0,0,0,0,0,8d93cfc8-e7da-425d-bbd9-0904c0693f4e,2026-10-02T10:14:43.233550+00:00,True
normal_16_009,test,normal_16,16,9,0.0,基于机器学习和新闻文本的原油期货资产配置研究_钟浩.pdf,P0010,live_normal,Keff678b299227ecddcbf4d17f7660b95ad60c101672d17ba7b273738c73df3c0,2,complete,0.0,0,0,0,0,4fc37172-c5ce-44d1-8191-e8634b4459ee,2026-10-02T10:14:43.972045+00:00,True
normal_16_010,test,normal_16,16,10,0.0,基于机器学习算法的黑色系期货价格预测_郭梓晗.pdf,P0015,live_normal,K5a3b1a850e68e1179ffaab8a8182196b1d087696ef52257a0a6ffad347030b14,2,complete,0.0,0,0,0,0,504e4969-3a33-42df-9c39-9b2015038ae8,2026-10-02T10:14:44.855535+00:00,True
normal_16_011,test,normal_16,16,11,0.0,信息熵在机器学习算法中的运用_张璐瑶.pdf,P0012,live_normal,K9455b6d7518a5c36d827b4348e81a09fdcc5e5fe003e877bc05bb7eb138eca2f,2,complete,0.0,0,0,0,0,139d63c4-7be0-4ec6-bf0a-a052b7d26ae6,2026-10-02T10:14:45.514495+00:00,True
normal_16_012,test,normal_16,16,12,0.0,基于机器学习算法的黑色系期货价格预测_郭梓晗.pdf,P0015,live_normal,K5a3b1a850e68e1179ffaab8a8182196b1d087696ef52257a0a6ffad347030b14,2,complete,0.0,0,0,0,0,a7e1277b-f02c-4c38-bb7e-5d20df0aa60b,2026-10-02T10:14:46.226167+00:00,True
normal_16_013,test,normal_16,16,13,0.0,基于机器学习和新闻文本的原油期货资产配置研究_钟浩.pdf,P0010,live_normal,Keff678b299227ecddcbf4d17f7660b95ad60c101672d17ba7b273738c73df3c0,2,complete,0.0,0,0,0,0,ec604ac1-e4d0-4cfc-8684-db24c0362840,2026-10-02T10:14:46.962996+00:00,True
normal_16_014,test,normal_16,16,14,0.0,基于机器学习算法的黑色系期货价格预测_郭梓晗.pdf,P0015,live_normal,K5a3b1a850e68e1179ffaab8a8182196b1d087696ef52257a0a6ffad347030b14,2,complete,0.0,0,0,0,0,fd307e35-f05a-456a-ba9b-979c75473138,2026-10-02T10:14:47.586091+00:00,True
normal_16_015,test,normal_16,16,15,0.0,气候金融背景下的气温衍生品定价研究——基于机器学习算法_杨刚.pdf,P0005,live_normal,Kf3ea2a47d88a646e6f2b6eb9185ca4261c1ea08aacbe7bea23189551f42130a6,2,complete,0.0,0,0,0,0,8d510ec1-792a-46ac-8028-acaab26b5267,2026-10-02T10:14:48.075562+00:00,True
normal_16_016,test,normal_16,16,16,0.0,基于机器学习和新闻文本的原油期货资产配置研究_钟浩.pdf,P0010,live_normal,Keff678b299227ecddcbf4d17f7660b95ad60c101672d17ba7b273738c73df3c0,2,complete,0.0,0,0,0,0,c76f9e56-b9a3-41f3-91fc-94c74739247d,2026-10-02T10:14:48.631390+00:00,True
normal_16_017,test,normal_16,16,17,0.0,气候金融背景下的气温衍生品定价研究——基于机器学习算法_杨刚.pdf,P0005,live_normal,K49cf5919474d41c8f7083ab6cb64a02560857ee3d54409accfc8538f21abb419,2,complete,0.0,0,0,0,0,7e325408-9518-4b36-a6f7-dbe6191a0d92,2026-10-02T10:14:49.379834+00:00,True
normal_16_018,test,normal_16,16,18,0.0,信息熵在机器学习算法中的运用_张璐瑶.pdf,P0012,live_normal,K9455b6d7518a5c36d827b4348e81a09fdcc5e5fe003e877bc05bb7eb138eca2f,2,complete,0.0,0,0,0,0,eeabd887-51e9-443f-b512-9be71e0e96d0,2026-10-02T10:14:49.790023+00:00,True
normal_16_019,test,normal_16,16,19,0.0,气候金融背景下的气温衍生品定价研究——基于机器学习算法_杨刚.pdf,P0004,live_normal,K9270f70913c0acef9bfc8848ba83f8d9b692f8ab4f838c7fb64aaa248fe849fb,2,complete,0.0,0,0,0,0,920c7c5d-b4ae-4339-94f5-f7e5ea72e1e2,2026-10-02T10:14:50.489359+00:00,True
normal_16_020,test,normal_16,16,20,0.0,信息熵在机器学习算法中的运用_张璐瑶.pdf,P0012,live_normal,K9455b6d7518a5c36d827b4348e81a09fdcc5e5fe003e877bc05bb7eb138eca2f,2,complete,0.0,0,0,0,0,2f7b3cc6-e709-437c-86ca-119f82919864,2026-10-02T10:14:51.416105+00:00,True
normal_16_021,test,normal_16,16,21,0.0,气候金融背景下的气温衍生品定价研究——基于机器学习算法_杨刚.pdf,P0004,live_normal,K9270f70913c0acef9bfc8848ba83f8d9b692f8ab4f838c7fb64aaa248fe849fb,2,complete,0.0,0,0,0,0,2e2366c3-55cd-456a-a91f-f974d6a22728,2026-10-02T10:14:51.828354+00:00,True
normal_16_022,test,normal_16,16,22,0.0,气候金融背景下的气温衍生品定价研究——基于机器学习算法_杨刚.pdf,P0004,live_normal,K9270f70913c0acef9bfc8848ba83f8d9b692f8ab4f838c7fb64aaa248fe849fb,2,complete,0.0,0,0,0,0,3365b448-856f-44df-968b-a482ae09450a,2026-10-02T10:14:52.553806+00:00,True
normal_16_023,test,normal_16,16,23,0.0,基于机器学习算法的黑色系期货价格预测_郭梓晗.pdf,P0015,live_normal,K5a3b1a850e68e1179ffaab8a8182196b1d087696ef52257a0a6ffad347030b14,2,complete,0.0,0,0,0,0,1ec2103b-cb99-4da9-8bb3-7b3aeb1d9146,2026-10-02T10:14:53.182793+00:00,True
normal_16_024,test,normal_16,16,24,0.0,信息熵在机器学习算法中的运用_张璐瑶.pdf,P0012,live_normal,K9455b6d7518a5c36d827b4348e81a09fdcc5e5fe003e877bc05bb7eb138eca2f,2,complete,0.0,0,0,0,0,77f1e756-a79f-43b2-8fc7-4e41913ed528,2026-10-02T10:14:54.067445+00:00,True
normal_16_025,test,normal_16,16,25,0.0,信息熵在机器学习算法中的运用_张璐瑶.pdf,P0012,live_normal,K9455b6d7518a5c36d827b4348e81a09fdcc5e5fe003e877bc05bb7eb138eca2f,2,complete,0.0,0,0,0,0,bbc51a40-9131-4e94-b354-a7f51bc1b257,2026-10-02T10:14:54.842613+00:00,True
normal_16_026,test,normal_16,16,26,0.0,气候金融背景下的气温衍生品定价研究——基于机器学习算法_杨刚.pdf,P0005,live_normal,K49cf5919474d41c8f7083ab6cb64a02560857ee3d54409accfc8538f21abb419,2,complete,0.0,0,0,0,0,f0862a44-113c-4942-a0c0-73a8d557f56c,2026-10-02T10:14:55.674396+00:00,True
normal_16_027,test,normal_16,16,27,0.0,基于机器学习和新闻文本的原油期货资产配置研究_钟浩.pdf,P0010,live_normal,Keff678b299227ecddcbf4d17f7660b95ad60c101672d17ba7b273738c73df3c0,2,complete,0.0,0,0,0,0,06b18f68-a2f9-479d-af0c-5c73e49fba3a,2026-10-02T10:14:56.577504+00:00,True
normal_16_028,test,normal_16,16,28,0.0,基于机器学习算法的黑色系期货价格预测_郭梓晗.pdf,P0015,live_normal,K5a3b1a850e68e1179ffaab8a8182196b1d087696ef52257a0a6ffad347030b14,2,complete,0.0,0,0,0,0,9c0f7534-d4e9-470e-aea6-28d9cfa659df,2026-10-02T10:14:57.416340+00:00,True
normal_16_029,test,normal_16,16,29,0.0,气候金融背景下的气温衍生品定价研究——基于机器学习算法_杨刚.pdf,P0005,live_normal,Kf3ea2a47d88a646e6f2b6eb9185ca4261c1ea08aacbe7bea23189551f42130a6,2,complete,0.0,0,0,0,0,a479de66-903f-49e9-92ca-d32b7c424740,2026-10-02T10:14:58.019970+00:00,True
normal_16_030,test,normal_16,16,30,0.0,信息熵在机器学习算法中的运用_张璐瑶.pdf,P0012,live_normal,K9455b6d7518a5c36d827b4348e81a09fdcc5e5fe003e877bc05bb7eb138eca2f,2,complete,0.0,0,0,0,0,de9f4a7a-e594-4a90-a43a-8d3b2afe12d4,2026-10-02T10:14:58.947062+00:00,True
normal_16_031,test,normal_16,16,31,0.0,信息熵在机器学习算法中的运用_张璐瑶.pdf,P0012,live_normal,K9455b6d7518a5c36d827b4348e81a09fdcc5e5fe003e877bc05bb7eb138eca2f,2,complete,0.0,0,0,0,0,8b7bb482-ddd4-4714-a7c3-974bbef340ea,2026-10-02T10:15:00.095056+00:00,True
normal_16_032,test,normal_16,16,32,0.0,基于机器学习和新闻文本的原油期货资产配置研究_钟浩.pdf,P0010,live_normal,Keff678b299227ecddcbf4d17f7660b95ad60c101672d17ba7b273738c73df3c0,2,complete,0.0,0,0,0,0,310eed05-537d-4792-a681-1499818e3669,2026-10-02T10:15:00.977758+00:00,True
normal_16_033,test,normal_16,16,33,0.0,信息熵在机器学习算法中的运用_张璐瑶.pdf,P0012,live_normal,K9455b6d7518a5c36d827b4348e81a09fdcc5e5fe003e877bc05bb7eb138eca2f,2,complete,0.0,0,0,0,0,5d198991-6c57-4217-908e-b2b916a76be3,2026-10-02T10:15:01.504511+00:00,True
normal_16_034,test,normal_16,16,34,0.0,基于机器学习和新闻文本的原油期货资产配置研究_钟浩.pdf,P0010,live_normal,Keff678b299227ecddcbf4d17f7660b95ad60c101672d17ba7b273738c73df3c0,2,complete,0.0,0,0,0,0,e75b1aae-d711-4f13-b23d-87ed6ba31e96,2026-10-02T10:15:02.150713+00:00,True
normal_16_035,test,normal_16,16,35,0.0,信息熵在机器学习算法中的运用_张璐瑶.pdf,P0012,live_normal,K9455b6d7518a5c36d827b4348e81a09fdcc5e5fe003e877bc05bb7eb138eca2f,2,complete,0.0,0,0,0,0,71a29ca1-3000-4c53-b06c-b45751fa66f8,2026-10-02T10:15:03.009483+00:00,True
normal_16_036,test,normal_16,16,36,0.0,信息熵在机器学习算法中的运用_张璐瑶.pdf,P0012,live_normal,K9455b6d7518a5c36d827b4348e81a09fdcc5e5fe003e877bc05bb7eb138eca2f,2,complete,0.0,0,0,0,0,8e0bd365-e80e-4d64-885c-f43835300eb1,2026-10-02T10:15:03.711785+00:00,True
normal_16_037,test,normal_16,16,37,0.0,气候金融背景下的气温衍生品定价研究——基于机器学习算法_杨刚.pdf,P0005,live_normal,K49cf5919474d41c8f7083ab6cb64a02560857ee3d54409accfc8538f21abb419,2,complete,0.0,0,0,0,0,555b21f1-8d5f-440b-bc5a-9eb044362ca4,2026-10-02T10:15:04.545802+00:00,True
normal_16_038,test,normal_16,16,38,0.0,信息熵在机器学习算法中的运用_张璐瑶.pdf,P0012,live_normal,K9455b6d7518a5c36d827b4348e81a09fdcc5e5fe003e877bc05bb7eb138eca2f,2,complete,0.0,0,0,0,0,21c0c846-5e8d-403b-9915-ca36bfeab94f,2026-10-02T10:15:05.288256+00:00,True
normal_16_039,test,normal_16,16,39,0.0,气候金融背景下的气温衍生品定价研究——基于机器学习算法_杨刚.pdf,P0004,live_normal,K9270f70913c0acef9bfc8848ba83f8d9b692f8ab4f838c7fb64aaa248fe849fb,2,complete,0.0,0,0,0,0,7f73ee9d-08e5-4790-b043-371e4e31b812,2026-10-02T10:15:06.264495+00:00,True
normal_16_040,test,normal_16,16,40,0.0,基于机器学习算法的黑色系期货价格预测_郭梓晗.pdf,P0015,live_normal,K5a3b1a850e68e1179ffaab8a8182196b1d087696ef52257a0a6ffad347030b14,2,complete,0.0,0,0,0,0,9571a1f4-fc07-4839-8e85-54fcec8e079d,2026-10-02T10:15:06.831274+00:00,True
normal_17_001,test,normal_17,17,1,0.0,信息熵在机器学习算法中的运用_张璐瑶.pdf,P0012,live_normal,K9455b6d7518a5c36d827b4348e81a09fdcc5e5fe003e877bc05bb7eb138eca2f,2,complete,0.0,0,0,0,0,554f18cb-e81e-44d0-8652-6bca02e4ea3c,2026-10-02T10:18:12.641291+00:00,True
normal_17_002,test,normal_17,17,2,0.0,信息熵在机器学习算法中的运用_张璐瑶.pdf,P0012,live_normal,K9455b6d7518a5c36d827b4348e81a09fdcc5e5fe003e877bc05bb7eb138eca2f,2,complete,0.0,0,0,0,0,4d77442e-cfef-4b0f-8862-56d2c0327110,2026-10-02T10:18:13.109340+00:00,True
normal_17_003,test,normal_17,17,3,0.0,气候金融背景下的气温衍生品定价研究——基于机器学习算法_杨刚.pdf,P0005,live_normal,K49cf5919474d41c8f7083ab6cb64a02560857ee3d54409accfc8538f21abb419,2,complete,0.0,0,0,0,0,7263ea35-2c60-49d0-9d22-04f136358d9e,2026-10-02T10:18:13.723826+00:00,True
normal_17_004,test,normal_17,17,4,0.0,基于机器学习和新闻文本的原油期货资产配置研究_钟浩.pdf,P0010,live_normal,Keff678b299227ecddcbf4d17f7660b95ad60c101672d17ba7b273738c73df3c0,2,complete,0.0,0,0,0,0,80bd01b0-1e07-4f6f-94a8-b540800b2ed7,2026-10-02T10:18:14.382783+00:00,True
normal_17_005,test,normal_17,17,5,0.0,信息熵在机器学习算法中的运用_张璐瑶.pdf,P0012,live_normal,K9455b6d7518a5c36d827b4348e81a09fdcc5e5fe003e877bc05bb7eb138eca2f,2,complete,0.0,0,0,0,0,a74de970-8d4b-4dec-b435-c9425a33bc13,2026-10-02T10:18:15.211379+00:00,True
normal_17_006,test,normal_17,17,6,0.0,气候金融背景下的气温衍生品定价研究——基于机器学习算法_杨刚.pdf,P0004,live_normal,K9270f70913c0acef9bfc8848ba83f8d9b692f8ab4f838c7fb64aaa248fe849fb,2,complete,0.0,0,0,0,0,b240369a-d991-4ea8-80ab-dbd05131a53c,2026-10-02T10:18:15.853470+00:00,True
normal_17_007,test,normal_17,17,7,0.0,基于机器学习和新闻文本的原油期货资产配置研究_钟浩.pdf,P0010,live_normal,Keff678b299227ecddcbf4d17f7660b95ad60c101672d17ba7b273738c73df3c0,2,complete,0.0,0,0,0,0,53322940-468b-4369-a514-2e7480965df2,2026-10-02T10:18:16.510938+00:00,True
normal_17_008,test,normal_17,17,8,0.0,基于机器学习和新闻文本的原油期货资产配置研究_钟浩.pdf,P0010,live_normal,Keff678b299227ecddcbf4d17f7660b95ad60c101672d17ba7b273738c73df3c0,2,complete,0.0,0,0,0,0,4b0bd29f-ebe7-49a1-aef3-ebc189a615fe,2026-10-02T10:18:17.665802+00:00,True
normal_17_009,test,normal_17,17,9,0.0,信息熵在机器学习算法中的运用_张璐瑶.pdf,P0012,live_normal,K9455b6d7518a5c36d827b4348e81a09fdcc5e5fe003e877bc05bb7eb138eca2f,2,complete,0.0,0,0,0,0,be5e19a1-1421-476f-8a46-2e290ce3773f,2026-10-02T10:18:18.370935+00:00,True
normal_17_010,test,normal_17,17,10,0.0,基于机器学习和新闻文本的原油期货资产配置研究_钟浩.pdf,P0010,live_normal,Keff678b299227ecddcbf4d17f7660b95ad60c101672d17ba7b273738c73df3c0,2,complete,0.0,0,0,0,0,ab24cf5f-a3ca-4f54-ba1e-89fbfa9a92cc,2026-10-02T10:18:19.296251+00:00,True
normal_17_011,test,normal_17,17,11,0.0,气候金融背景下的气温衍生品定价研究——基于机器学习算法_杨刚.pdf,P0005,live_normal,K49cf5919474d41c8f7083ab6cb64a02560857ee3d54409accfc8538f21abb419,2,complete,0.0,0,0,0,0,c0e066b1-cada-4dbe-be19-9d9eca5cda57,2026-10-02T10:18:19.751031+00:00,True
normal_17_012,test,normal_17,17,12,0.0,气候金融背景下的气温衍生品定价研究——基于机器学习算法_杨刚.pdf,P0004,live_normal,K9270f70913c0acef9bfc8848ba83f8d9b692f8ab4f838c7fb64aaa248fe849fb,2,complete,0.0,0,0,0,0,802a84ae-1ff2-4f0b-ba1b-70131ff6859b,2026-10-02T10:18:20.410396+00:00,True
normal_17_013,test,normal_17,17,13,0.0,基于机器学习算法的黑色系期货价格预测_郭梓晗.pdf,P0015,live_normal,K5a3b1a850e68e1179ffaab8a8182196b1d087696ef52257a0a6ffad347030b14,2,complete,0.0,0,0,0,0,90f66af6-82d3-4297-94a5-18d10192065d,2026-10-02T10:18:21.154349+00:00,True
normal_17_014,test,normal_17,17,14,0.0,基于机器学习和新闻文本的原油期货资产配置研究_钟浩.pdf,P0010,live_normal,Keff678b299227ecddcbf4d17f7660b95ad60c101672d17ba7b273738c73df3c0,2,complete,0.0,0,0,0,0,296ff33d-8a54-4287-bc96-3d4f7989e40d,2026-10-02T10:18:21.541703+00:00,True
normal_17_015,test,normal_17,17,15,0.0,基于机器学习算法的黑色系期货价格预测_郭梓晗.pdf,P0015,live_normal,K5a3b1a850e68e1179ffaab8a8182196b1d087696ef52257a0a6ffad347030b14,2,complete,0.0,0,0,0,0,6758c5a2-56b6-4dea-bbcf-3cecd0d4e584,2026-10-02T10:18:22.119741+00:00,True
normal_17_016,test,normal_17,17,16,0.0,气候金融背景下的气温衍生品定价研究——基于机器学习算法_杨刚.pdf,P0004,live_normal,K9270f70913c0acef9bfc8848ba83f8d9b692f8ab4f838c7fb64aaa248fe849fb,2,complete,0.0,0,0,0,0,05bf8189-c19b-4caf-8f2c-7373da261681,2026-10-02T10:18:22.971365+00:00,True
normal_17_017,test,normal_17,17,17,0.0,气候金融背景下的气温衍生品定价研究——基于机器学习算法_杨刚.pdf,P0005,live_normal,K49cf5919474d41c8f7083ab6cb64a02560857ee3d54409accfc8538f21abb419,2,complete,0.0,0,0,0,0,01bb56ea-9328-4a10-8631-097a3dedef4f,2026-10-02T10:18:23.612492+00:00,True
normal_17_018,test,normal_17,17,18,0.0,气候金融背景下的气温衍生品定价研究——基于机器学习算法_杨刚.pdf,P0004,live_normal,K9270f70913c0acef9bfc8848ba83f8d9b692f8ab4f838c7fb64aaa248fe849fb,2,complete,0.0,0,0,0,0,5a701349-9479-48ff-bcb6-1dce13256a83,2026-10-02T10:18:24.401787+00:00,True
normal_17_019,test,normal_17,17,19,0.0,气候金融背景下的气温衍生品定价研究——基于机器学习算法_杨刚.pdf,P0004,live_normal,K9270f70913c0acef9bfc8848ba83f8d9b692f8ab4f838c7fb64aaa248fe849fb,2,complete,0.0,0,0,0,0,ba24c0c6-870b-4ec7-a1f4-852a416d083e,2026-10-02T10:18:25.268277+00:00,True
normal_17_020,test,normal_17,17,20,0.0,基于机器学习和新闻文本的原油期货资产配置研究_钟浩.pdf,P0010,live_normal,Keff678b299227ecddcbf4d17f7660b95ad60c101672d17ba7b273738c73df3c0,2,complete,0.0,0,0,0,0,d6adb7e9-f10c-48fe-b74f-e57f4e597a4c,2026-10-02T10:18:26.189660+00:00,True
normal_17_021,test,normal_17,17,21,0.0,信息熵在机器学习算法中的运用_张璐瑶.pdf,P0012,live_normal,K9455b6d7518a5c36d827b4348e81a09fdcc5e5fe003e877bc05bb7eb138eca2f,2,complete,0.0,0,0,0,0,9ef70d8a-fa0c-4fc7-95e7-f70fe2bb77e0,2026-10-02T10:18:27.019918+00:00,True
normal_17_022,test,normal_17,17,22,0.0,基于机器学习算法的黑色系期货价格预测_郭梓晗.pdf,P0015,live_normal,K5a3b1a850e68e1179ffaab8a8182196b1d087696ef52257a0a6ffad347030b14,2,complete,0.0,0,0,0,0,52053b98-de87-4b77-a965-a231ba70b3fa,2026-10-02T10:18:27.428999+00:00,True
normal_17_023,test,normal_17,17,23,0.0,基于机器学习算法的黑色系期货价格预测_郭梓晗.pdf,P0015,live_normal,K5a3b1a850e68e1179ffaab8a8182196b1d087696ef52257a0a6ffad347030b14,2,complete,0.0,0,0,0,0,42a5d399-8169-409b-b6f1-71317873eb50,2026-10-02T10:18:28.126561+00:00,True
normal_17_024,test,normal_17,17,24,0.0,气候金融背景下的气温衍生品定价研究——基于机器学习算法_杨刚.pdf,P0004,live_normal,K9270f70913c0acef9bfc8848ba83f8d9b692f8ab4f838c7fb64aaa248fe849fb,2,complete,0.0,0,0,0,0,c95818d8-44c1-4f62-ac41-4840aa44734b,2026-10-02T10:18:28.812582+00:00,True
normal_17_025,test,normal_17,17,25,0.0,基于机器学习和新闻文本的原油期货资产配置研究_钟浩.pdf,P0010,live_normal,Keff678b299227ecddcbf4d17f7660b95ad60c101672d17ba7b273738c73df3c0,2,complete,0.0,0,0,0,0,dff58f25-4c61-4c83-8746-da697eaf604e,2026-10-02T10:18:29.709077+00:00,True
normal_17_026,test,normal_17,17,26,0.0,信息熵在机器学习算法中的运用_张璐瑶.pdf,P0012,live_normal,K9455b6d7518a5c36d827b4348e81a09fdcc5e5fe003e877bc05bb7eb138eca2f,2,complete,0.0,0,0,0,0,f7ed3583-2534-44b1-96c0-698e1f1a4ee7,2026-10-02T10:18:30.624118+00:00,True
normal_17_027,test,normal_17,17,27,0.0,基于机器学习和新闻文本的原油期货资产配置研究_钟浩.pdf,P0010,live_normal,Keff678b299227ecddcbf4d17f7660b95ad60c101672d17ba7b273738c73df3c0,2,complete,0.0,0,0,0,0,f3f01c4a-188c-4088-a77d-67a5e862148c,2026-10-02T10:18:31.577224+00:00,True
normal_17_028,test,normal_17,17,28,0.0,信息熵在机器学习算法中的运用_张璐瑶.pdf,P0012,live_normal,K9455b6d7518a5c36d827b4348e81a09fdcc5e5fe003e877bc05bb7eb138eca2f,2,complete,0.0,0,0,0,0,c53c1390-b8a1-49c9-9f1e-ef51206d3efd,2026-10-02T10:18:32.387160+00:00,True
normal_17_029,test,normal_17,17,29,0.0,信息熵在机器学习算法中的运用_张璐瑶.pdf,P0012,live_normal,K9455b6d7518a5c36d827b4348e81a09fdcc5e5fe003e877bc05bb7eb138eca2f,2,complete,0.0,0,0,0,0,54184b9c-a924-44ab-a550-2b9b2f8327f5,2026-10-02T10:18:32.942232+00:00,True
normal_17_030,test,normal_17,17,30,0.0,气候金融背景下的气温衍生品定价研究——基于机器学习算法_杨刚.pdf,P0005,live_normal,Kbfdab773da60ebdd27ba5b72574a8bc24ec7bf9435854b399c71944f4b6c229a,2,complete,0.0,0,0,0,0,cb650285-fc66-46ef-98d4-543f141789ba,2026-10-02T10:18:33.648580+00:00,True
normal_17_031,test,normal_17,17,31,0.0,信息熵在机器学习算法中的运用_张璐瑶.pdf,P0012,live_normal,K9455b6d7518a5c36d827b4348e81a09fdcc5e5fe003e877bc05bb7eb138eca2f,2,complete,0.0,0,0,0,0,a866c7db-65f2-47c8-9bf1-bb371b88435a,2026-10-02T10:18:34.459732+00:00,True
normal_17_032,test,normal_17,17,32,0.0,基于机器学习和新闻文本的原油期货资产配置研究_钟浩.pdf,P0010,live_normal,Keff678b299227ecddcbf4d17f7660b95ad60c101672d17ba7b273738c73df3c0,2,complete,0.0,0,0,0,0,89a00f02-7c7a-4fbd-b6f7-700828fb57b2,2026-10-02T10:18:35.460197+00:00,True
normal_17_033,test,normal_17,17,33,0.0,基于机器学习算法的黑色系期货价格预测_郭梓晗.pdf,P0015,live_normal,K5a3b1a850e68e1179ffaab8a8182196b1d087696ef52257a0a6ffad347030b14,2,complete,0.0,0,0,0,0,5e58c113-ebe8-4ec4-a93e-7ed60c31f908,2026-10-02T10:18:36.218634+00:00,True
normal_17_034,test,normal_17,17,34,0.0,信息熵在机器学习算法中的运用_张璐瑶.pdf,P0012,live_normal,K9455b6d7518a5c36d827b4348e81a09fdcc5e5fe003e877bc05bb7eb138eca2f,2,complete,0.0,0,0,0,0,3e6cde26-d525-4815-89fc-046ad54f38b8,2026-10-02T10:18:36.846765+00:00,True
normal_17_035,test,normal_17,17,35,0.0,基于机器学习算法的黑色系期货价格预测_郭梓晗.pdf,P0015,live_normal,K5a3b1a850e68e1179ffaab8a8182196b1d087696ef52257a0a6ffad347030b14,2,complete,0.0,0,0,0,0,b2a9938e-b4dd-4cf4-81a2-6a52c115486d,2026-10-02T10:18:37.346179+00:00,True
normal_17_036,test,normal_17,17,36,0.0,气候金融背景下的气温衍生品定价研究——基于机器学习算法_杨刚.pdf,P0005,live_normal,K49cf5919474d41c8f7083ab6cb64a02560857ee3d54409accfc8538f21abb419,2,complete,0.0,0,0,0,0,63900e57-9a97-46dd-8a9b-75c43ab0a2b9,2026-10-02T10:18:38.248560+00:00,True
normal_17_037,test,normal_17,17,37,0.0,气候金融背景下的气温衍生品定价研究——基于机器学习算法_杨刚.pdf,P0005,live_normal,K49cf5919474d41c8f7083ab6cb64a02560857ee3d54409accfc8538f21abb419,2,complete,0.0,0,0,0,0,779a2c69-5c04-4023-86ed-4d3180014c89,2026-10-02T10:18:38.894217+00:00,True
normal_17_038,test,normal_17,17,38,0.0,气候金融背景下的气温衍生品定价研究——基于机器学习算法_杨刚.pdf,P0004,live_normal,K9270f70913c0acef9bfc8848ba83f8d9b692f8ab4f838c7fb64aaa248fe849fb,2,complete,0.0,0,0,0,0,5d0e1f97-0328-4ceb-a0e0-b7d5cb7bd7e2,2026-10-02T10:18:39.446122+00:00,True
normal_17_039,test,normal_17,17,39,0.0,信息熵在机器学习算法中的运用_张璐瑶.pdf,P0012,live_normal,K9455b6d7518a5c36d827b4348e81a09fdcc5e5fe003e877bc05bb7eb138eca2f,2,complete,0.0,0,0,0,0,37af7ac6-27a5-486d-a1bb-8bc88f635ee4,2026-10-02T10:18:40.443557+00:00,True
normal_17_040,test,normal_17,17,40,0.0,基于机器学习算法的黑色系期货价格预测_郭梓晗.pdf,P0015,live_normal,K02bb1dc42b9bf68b5351b568c548ebc99723d1e35095ee7c9bf1c7a874a360ed,2,complete,0.0,0,0,0,0,752ba5f4-0f08-44c3-9cf1-bf5624438631,2026-10-02T10:18:41.092631+00:00,True
normal_18_001,test,normal_18,18,1,0.0,信息熵在机器学习算法中的运用_张璐瑶.pdf,P0012,live_normal,K9455b6d7518a5c36d827b4348e81a09fdcc5e5fe003e877bc05bb7eb138eca2f,2,complete,0.0,0,0,0,0,7a155753-5479-419d-ac68-e9ad1b83fa55,2026-10-02T10:19:07.516352+00:00,True
normal_18_002,test,normal_18,18,2,0.0,基于机器学习算法的黑色系期货价格预测_郭梓晗.pdf,P0015,live_normal,K5a3b1a850e68e1179ffaab8a8182196b1d087696ef52257a0a6ffad347030b14,2,complete,0.0,0,0,0,0,d227e91f-5a35-475a-b5bc-824ac75f0e6c,2026-10-02T10:19:08.250051+00:00,True
normal_18_003,test,normal_18,18,3,0.0,信息熵在机器学习算法中的运用_张璐瑶.pdf,P0012,live_normal,K9455b6d7518a5c36d827b4348e81a09fdcc5e5fe003e877bc05bb7eb138eca2f,2,complete,0.0,0,0,0,0,77b8d1fd-acfa-4d87-b0fa-fd40eb095db0,2026-10-02T10:19:08.643572+00:00,True
normal_18_004,test,normal_18,18,4,0.0,基于机器学习算法的黑色系期货价格预测_郭梓晗.pdf,P0015,live_normal,K5a3b1a850e68e1179ffaab8a8182196b1d087696ef52257a0a6ffad347030b14,2,complete,0.0,0,0,0,0,6a9346d5-3912-471b-b667-7d1c1be6638c,2026-10-02T10:19:09.553586+00:00,True
normal_18_005,test,normal_18,18,5,0.0,气候金融背景下的气温衍生品定价研究——基于机器学习算法_杨刚.pdf,P0005,live_normal,Kf3ea2a47d88a646e6f2b6eb9185ca4261c1ea08aacbe7bea23189551f42130a6,2,complete,0.0,0,0,0,0,cb383ef6-2681-45fe-851c-0292fb4f3aaf,2026-10-02T10:19:10.068380+00:00,True
normal_18_006,test,normal_18,18,6,0.0,信息熵在机器学习算法中的运用_张璐瑶.pdf,P0012,live_normal,K9455b6d7518a5c36d827b4348e81a09fdcc5e5fe003e877bc05bb7eb138eca2f,2,complete,0.0,0,0,0,0,df2967e4-99f0-4b3b-a5f0-e825f4f47325,2026-10-02T10:19:10.862244+00:00,True
normal_18_007,test,normal_18,18,7,0.0,信息熵在机器学习算法中的运用_张璐瑶.pdf,P0012,live_normal,K9455b6d7518a5c36d827b4348e81a09fdcc5e5fe003e877bc05bb7eb138eca2f,2,complete,0.0,0,0,0,0,e5c75bee-8a52-4ec5-98da-ab95b6051f26,2026-10-02T10:19:11.478246+00:00,True
normal_18_008,test,normal_18,18,8,0.0,气候金融背景下的气温衍生品定价研究——基于机器学习算法_杨刚.pdf,P0004,live_normal,K9270f70913c0acef9bfc8848ba83f8d9b692f8ab4f838c7fb64aaa248fe849fb,2,complete,0.0,0,0,0,0,f1700dd1-0f59-4454-82a6-1445dc7193a4,2026-10-02T10:19:12.142581+00:00,True
normal_18_009,test,normal_18,18,9,0.0,基于机器学习算法的黑色系期货价格预测_郭梓晗.pdf,P0015,live_normal,K5a3b1a850e68e1179ffaab8a8182196b1d087696ef52257a0a6ffad347030b14,2,complete,0.0,0,0,0,0,f7659d32-04f9-455b-b5dc-54183dc00156,2026-10-02T10:19:13.053603+00:00,True
normal_18_010,test,normal_18,18,10,0.0,基于机器学习和新闻文本的原油期货资产配置研究_钟浩.pdf,P0010,live_normal,Keff678b299227ecddcbf4d17f7660b95ad60c101672d17ba7b273738c73df3c0,2,complete,0.0,0,0,0,0,44ba4502-a415-45fb-9630-345c765302f1,2026-10-02T10:19:14.089589+00:00,True
normal_18_011,test,normal_18,18,11,0.0,气候金融背景下的气温衍生品定价研究——基于机器学习算法_杨刚.pdf,P0004,live_normal,K9270f70913c0acef9bfc8848ba83f8d9b692f8ab4f838c7fb64aaa248fe849fb,2,complete,0.0,0,0,0,0,490743ad-bea8-4524-9e71-0af854dc99e2,2026-10-02T10:19:14.783896+00:00,True
normal_18_012,test,normal_18,18,12,0.0,气候金融背景下的气温衍生品定价研究——基于机器学习算法_杨刚.pdf,P0005,live_normal,K49cf5919474d41c8f7083ab6cb64a02560857ee3d54409accfc8538f21abb419,2,complete,0.0,0,0,0,0,04322393-406e-486d-b1ee-93ac9b8b6f45,2026-10-02T10:19:15.394841+00:00,True
normal_18_013,test,normal_18,18,13,0.0,信息熵在机器学习算法中的运用_张璐瑶.pdf,P0012,live_normal,K9455b6d7518a5c36d827b4348e81a09fdcc5e5fe003e877bc05bb7eb138eca2f,2,complete,0.0,0,0,0,0,388b61ad-8cab-462c-b10b-503358cfaf18,2026-10-02T10:19:16.184904+00:00,True
normal_18_014,test,normal_18,18,14,0.0,基于机器学习算法的黑色系期货价格预测_郭梓晗.pdf,P0015,live_normal,K5a3b1a850e68e1179ffaab8a8182196b1d087696ef52257a0a6ffad347030b14,2,complete,0.0,0,0,0,0,1daa2b09-52e1-40da-ae65-6e1fa24a37f2,2026-10-02T10:19:16.628072+00:00,True
normal_18_015,test,normal_18,18,15,0.0,气候金融背景下的气温衍生品定价研究——基于机器学习算法_杨刚.pdf,P0005,live_normal,K49cf5919474d41c8f7083ab6cb64a02560857ee3d54409accfc8538f21abb419,2,complete,0.0,0,0,0,0,0259a4da-4c2b-4866-bfc0-b7c23c418174,2026-10-02T10:19:17.491989+00:00,True
normal_18_016,test,normal_18,18,16,0.0,基于机器学习和新闻文本的原油期货资产配置研究_钟浩.pdf,P0010,live_normal,Keff678b299227ecddcbf4d17f7660b95ad60c101672d17ba7b273738c73df3c0,2,complete,0.0,0,0,0,0,cdf2af5c-f886-485c-8cd3-8733eaf30876,2026-10-02T10:19:18.046747+00:00,True
normal_18_017,test,normal_18,18,17,0.0,基于机器学习和新闻文本的原油期货资产配置研究_钟浩.pdf,P0010,live_normal,Keff678b299227ecddcbf4d17f7660b95ad60c101672d17ba7b273738c73df3c0,2,complete,0.0,0,0,0,0,9a7cd06e-bfa9-4468-b470-c2499edca4d8,2026-10-02T10:19:18.791573+00:00,True
normal_18_018,test,normal_18,18,18,0.0,气候金融背景下的气温衍生品定价研究——基于机器学习算法_杨刚.pdf,P0005,live_normal,K49cf5919474d41c8f7083ab6cb64a02560857ee3d54409accfc8538f21abb419,2,complete,0.0,0,0,0,0,22eef171-9d02-4ebc-adae-6a35b0a09c90,2026-10-02T10:19:19.815679+00:00,True
normal_18_019,test,normal_18,18,19,0.0,气候金融背景下的气温衍生品定价研究——基于机器学习算法_杨刚.pdf,P0004,live_normal,K9270f70913c0acef9bfc8848ba83f8d9b692f8ab4f838c7fb64aaa248fe849fb,2,complete,0.0,0,0,0,0,481d5087-7a9e-4034-aff1-88789a079262,2026-10-02T10:19:20.455902+00:00,True
normal_18_020,test,normal_18,18,20,0.0,信息熵在机器学习算法中的运用_张璐瑶.pdf,P0012,live_normal,K9455b6d7518a5c36d827b4348e81a09fdcc5e5fe003e877bc05bb7eb138eca2f,2,complete,0.0,0,0,0,0,7e6de0ac-0a92-42e3-ad34-7d33b91f058b,2026-10-02T10:19:21.312713+00:00,True
normal_18_021,test,normal_18,18,21,0.0,基于机器学习算法的黑色系期货价格预测_郭梓晗.pdf,P0015,live_normal,K5a3b1a850e68e1179ffaab8a8182196b1d087696ef52257a0a6ffad347030b14,2,complete,0.0,0,0,0,0,93f79f00-ad60-4056-9a28-d968612b1937,2026-10-02T10:19:21.875244+00:00,True
normal_18_022,test,normal_18,18,22,0.0,信息熵在机器学习算法中的运用_张璐瑶.pdf,P0012,live_normal,K9455b6d7518a5c36d827b4348e81a09fdcc5e5fe003e877bc05bb7eb138eca2f,2,complete,0.0,0,0,0,0,639cef6e-1f50-4815-b1b3-a30dad3c85c2,2026-10-02T10:19:22.596437+00:00,True
normal_18_023,test,normal_18,18,23,0.0,基于机器学习算法的黑色系期货价格预测_郭梓晗.pdf,P0015,live_normal,K5a3b1a850e68e1179ffaab8a8182196b1d087696ef52257a0a6ffad347030b14,2,complete,0.0,0,0,0,0,ef6afc5f-c4eb-40b0-a186-144ffea1319f,2026-10-02T10:19:23.457387+00:00,True
normal_18_024,test,normal_18,18,24,0.0,气候金融背景下的气温衍生品定价研究——基于机器学习算法_杨刚.pdf,P0004,live_normal,K9270f70913c0acef9bfc8848ba83f8d9b692f8ab4f838c7fb64aaa248fe849fb,2,complete,0.0,0,0,0,0,c520b695-20d1-4b59-b418-9c0c47b9aa2e,2026-10-02T10:19:24.313983+00:00,True
normal_18_025,test,normal_18,18,25,0.0,基于机器学习和新闻文本的原油期货资产配置研究_钟浩.pdf,P0010,live_normal,Keff678b299227ecddcbf4d17f7660b95ad60c101672d17ba7b273738c73df3c0,2,complete,0.0,0,0,0,0,3d6f0c8d-b530-4ee6-9f2d-a2af7aad6eb2,2026-10-02T10:19:25.129863+00:00,True
normal_18_026,test,normal_18,18,26,0.0,基于机器学习和新闻文本的原油期货资产配置研究_钟浩.pdf,P0010,live_normal,Keff678b299227ecddcbf4d17f7660b95ad60c101672d17ba7b273738c73df3c0,2,complete,0.0,0,0,0,0,507f2826-fdb9-4efa-bbcc-8680ecd49b92,2026-10-02T10:19:26.117881+00:00,True
normal_18_027,test,normal_18,18,27,0.0,基于机器学习和新闻文本的原油期货资产配置研究_钟浩.pdf,P0010,live_normal,Keff678b299227ecddcbf4d17f7660b95ad60c101672d17ba7b273738c73df3c0,2,complete,0.0,0,0,0,0,761b6a5d-35dd-49be-b709-ac2f7d131771,2026-10-02T10:19:26.761071+00:00,True
normal_18_028,test,normal_18,18,28,0.0,基于机器学习算法的黑色系期货价格预测_郭梓晗.pdf,P0015,live_normal,K5a3b1a850e68e1179ffaab8a8182196b1d087696ef52257a0a6ffad347030b14,2,complete,0.0,0,0,0,0,5d3c269e-e8af-44c5-8cc2-a71f9ad4b2c7,2026-10-02T10:19:27.306635+00:00,True
normal_18_029,test,normal_18,18,29,0.0,基于机器学习算法的黑色系期货价格预测_郭梓晗.pdf,P0015,live_normal,K5a3b1a850e68e1179ffaab8a8182196b1d087696ef52257a0a6ffad347030b14,2,complete,0.0,0,0,0,0,4a5b2a99-0b3e-489a-9f3d-adfc7fc29c08,2026-10-02T10:19:27.838891+00:00,True
normal_18_030,test,normal_18,18,30,0.0,基于机器学习算法的黑色系期货价格预测_郭梓晗.pdf,P0015,live_normal,K5a3b1a850e68e1179ffaab8a8182196b1d087696ef52257a0a6ffad347030b14,2,complete,0.0,0,0,0,0,10d43836-cb21-4be1-8f48-fcafd0506388,2026-10-02T10:19:28.649522+00:00,True
normal_18_031,test,normal_18,18,31,0.0,气候金融背景下的气温衍生品定价研究——基于机器学习算法_杨刚.pdf,P0004,live_normal,K9270f70913c0acef9bfc8848ba83f8d9b692f8ab4f838c7fb64aaa248fe849fb,2,complete,0.0,0,0,0,0,05befa69-29c6-4a9f-b807-a40a9bc53f53,2026-10-02T10:19:29.712525+00:00,True
normal_18_032,test,normal_18,18,32,0.0,信息熵在机器学习算法中的运用_张璐瑶.pdf,P0012,live_normal,K9455b6d7518a5c36d827b4348e81a09fdcc5e5fe003e877bc05bb7eb138eca2f,2,complete,0.0,0,0,0,0,b0fba8fc-bd15-4be5-9968-c14b08e0ca98,2026-10-02T10:19:30.463869+00:00,True
normal_18_033,test,normal_18,18,33,0.0,基于机器学习算法的黑色系期货价格预测_郭梓晗.pdf,P0015,live_normal,K5a3b1a850e68e1179ffaab8a8182196b1d087696ef52257a0a6ffad347030b14,2,complete,0.0,0,0,0,0,161d63ff-a57a-435f-8cd2-e4f11c205424,2026-10-02T10:19:31.260616+00:00,True
normal_18_034,test,normal_18,18,34,0.0,气候金融背景下的气温衍生品定价研究——基于机器学习算法_杨刚.pdf,P0005,live_normal,K49cf5919474d41c8f7083ab6cb64a02560857ee3d54409accfc8538f21abb419,2,complete,0.0,0,0,0,0,30064961-3f47-4ca2-9664-fb39aa36a6db,2026-10-02T10:19:31.785894+00:00,True
normal_18_035,test,normal_18,18,35,0.0,基于机器学习算法的黑色系期货价格预测_郭梓晗.pdf,P0015,live_normal,K02bb1dc42b9bf68b5351b568c548ebc99723d1e35095ee7c9bf1c7a874a360ed,2,complete,0.0,0,0,0,0,a5f11923-45e5-48c3-b8c1-1f63bbb6ae88,2026-10-02T10:19:32.570217+00:00,True
normal_18_036,test,normal_18,18,36,0.0,气候金融背景下的气温衍生品定价研究——基于机器学习算法_杨刚.pdf,P0005,live_normal,K49cf5919474d41c8f7083ab6cb64a02560857ee3d54409accfc8538f21abb419,2,complete,0.0,0,0,0,0,4fcbd90d-6e45-4b43-8ac8-3590d838fda3,2026-10-02T10:19:33.265748+00:00,True
normal_18_037,test,normal_18,18,37,0.0,基于机器学习算法的黑色系期货价格预测_郭梓晗.pdf,P0015,live_normal,K5a3b1a850e68e1179ffaab8a8182196b1d087696ef52257a0a6ffad347030b14,2,complete,0.0,0,0,0,0,1fceb0aa-09b8-4cbb-8e69-44d4ab2ef10b,2026-10-02T10:19:33.889430+00:00,True
normal_18_038,test,normal_18,18,38,0.0,信息熵在机器学习算法中的运用_张璐瑶.pdf,P0012,live_normal,K9455b6d7518a5c36d827b4348e81a09fdcc5e5fe003e877bc05bb7eb138eca2f,2,complete,0.0,0,0,0,0,693e539e-d56c-4299-adf0-be95eb99f7a3,2026-10-02T10:19:34.638205+00:00,True
normal_18_039,test,normal_18,18,39,0.0,气候金融背景下的气温衍生品定价研究——基于机器学习算法_杨刚.pdf,P0005,live_normal,K49cf5919474d41c8f7083ab6cb64a02560857ee3d54409accfc8538f21abb419,2,complete,0.0,0,0,0,0,a6989b6c-d060-499c-8845-2b42a1d68ae2,2026-10-02T10:19:35.248114+00:00,True
normal_18_040,test,normal_18,18,40,0.0,基于机器学习算法的黑色系期货价格预测_郭梓晗.pdf,P0015,live_normal,K5a3b1a850e68e1179ffaab8a8182196b1d087696ef52257a0a6ffad347030b14,2,complete,0.0,0,0,0,0,779b7320-8d72-4601-8a6e-9f766bb6f65c,2026-10-02T10:19:36.003423+00:00,True
normal_19_001,test,normal_19,19,1,0.0,基于机器学习和新闻文本的原油期货资产配置研究_钟浩.pdf,P0010,live_normal,Keff678b299227ecddcbf4d17f7660b95ad60c101672d17ba7b273738c73df3c0,2,complete,0.0,0,0,0,0,d346c79f-8dcf-4332-8a8e-e77eaece4e17,2026-10-02T10:17:37.231804+00:00,True
normal_19_002,test,normal_19,19,2,0.0,气候金融背景下的气温衍生品定价研究——基于机器学习算法_杨刚.pdf,P0005,live_normal,K49cf5919474d41c8f7083ab6cb64a02560857ee3d54409accfc8538f21abb419,2,complete,0.0,0,0,0,0,5dcdaf42-3937-4766-9e68-9c020c52ba46,2026-10-02T10:17:37.841677+00:00,True
normal_19_003,test,normal_19,19,3,0.0,气候金融背景下的气温衍生品定价研究——基于机器学习算法_杨刚.pdf,P0005,live_normal,K49cf5919474d41c8f7083ab6cb64a02560857ee3d54409accfc8538f21abb419,2,complete,0.0,0,0,0,0,eb2e7f69-d156-4b70-8637-c13ed0f15eaf,2026-10-02T10:17:38.573241+00:00,True
normal_19_004,test,normal_19,19,4,0.0,气候金融背景下的气温衍生品定价研究——基于机器学习算法_杨刚.pdf,P0004,live_normal,K9270f70913c0acef9bfc8848ba83f8d9b692f8ab4f838c7fb64aaa248fe849fb,2,complete,0.0,0,0,0,0,273d08ca-d17b-4d77-8143-de73f80e4647,2026-10-02T10:17:39.373706+00:00,True
normal_19_005,test,normal_19,19,5,0.0,基于机器学习算法的黑色系期货价格预测_郭梓晗.pdf,P0015,live_normal,K5a3b1a850e68e1179ffaab8a8182196b1d087696ef52257a0a6ffad347030b14,2,complete,0.0,0,0,0,0,645dccbd-7417-4cc1-8e8d-fc073cefe729,2026-10-02T10:17:40.291449+00:00,True
normal_19_006,test,normal_19,19,6,0.0,气候金融背景下的气温衍生品定价研究——基于机器学习算法_杨刚.pdf,P0005,live_normal,K49cf5919474d41c8f7083ab6cb64a02560857ee3d54409accfc8538f21abb419,2,complete,0.0,0,0,0,0,6116d17b-bf37-4786-97b0-de250b648fca,2026-10-02T10:17:41.346065+00:00,True
normal_19_007,test,normal_19,19,7,0.0,气候金融背景下的气温衍生品定价研究——基于机器学习算法_杨刚.pdf,P0005,live_normal,K49cf5919474d41c8f7083ab6cb64a02560857ee3d54409accfc8538f21abb419,2,complete,0.0,0,0,0,0,6bbc13ba-a331-486a-a262-639d428d23a4,2026-10-02T10:17:42.193560+00:00,True
normal_19_008,test,normal_19,19,8,0.0,基于机器学习算法的黑色系期货价格预测_郭梓晗.pdf,P0015,live_normal,K5a3b1a850e68e1179ffaab8a8182196b1d087696ef52257a0a6ffad347030b14,2,complete,0.0,0,0,0,0,67909c6e-4c11-4e9a-b3d1-232151b67b36,2026-10-02T10:17:43.105293+00:00,True
normal_19_009,test,normal_19,19,9,0.0,基于机器学习算法的黑色系期货价格预测_郭梓晗.pdf,P0015,live_normal,K5a3b1a850e68e1179ffaab8a8182196b1d087696ef52257a0a6ffad347030b14,2,complete,0.0,0,0,0,0,d0ea4c1b-bc69-4e08-afd7-91098b6c0861,2026-10-02T10:17:43.807689+00:00,True
normal_19_010,test,normal_19,19,10,0.0,气候金融背景下的气温衍生品定价研究——基于机器学习算法_杨刚.pdf,P0005,live_normal,K49cf5919474d41c8f7083ab6cb64a02560857ee3d54409accfc8538f21abb419,2,complete,0.0,0,0,0,0,7c0ea233-b6a7-4471-95fb-7fe1cc9f1d80,2026-10-02T10:17:44.236526+00:00,True
normal_19_011,test,normal_19,19,11,0.0,基于机器学习算法的黑色系期货价格预测_郭梓晗.pdf,P0015,live_normal,K5a3b1a850e68e1179ffaab8a8182196b1d087696ef52257a0a6ffad347030b14,2,complete,0.0,0,0,0,0,87d8618e-ccc9-47c2-8ead-d17f7832ed64,2026-10-02T10:17:44.750867+00:00,True
normal_19_012,test,normal_19,19,12,0.0,气候金融背景下的气温衍生品定价研究——基于机器学习算法_杨刚.pdf,P0004,live_normal,K9270f70913c0acef9bfc8848ba83f8d9b692f8ab4f838c7fb64aaa248fe849fb,2,complete,0.0,0,0,0,0,dbd73a71-781c-4374-a632-d503e19f74e1,2026-10-02T10:17:45.534360+00:00,True
normal_19_013,test,normal_19,19,13,0.0,基于机器学习算法的黑色系期货价格预测_郭梓晗.pdf,P0015,live_normal,K5a3b1a850e68e1179ffaab8a8182196b1d087696ef52257a0a6ffad347030b14,2,complete,0.0,0,0,0,0,4732a330-579b-4fd6-a505-8bb20069daa1,2026-10-02T10:17:46.206065+00:00,True
normal_19_014,test,normal_19,19,14,0.0,信息熵在机器学习算法中的运用_张璐瑶.pdf,P0012,live_normal,K9455b6d7518a5c36d827b4348e81a09fdcc5e5fe003e877bc05bb7eb138eca2f,2,complete,0.0,0,0,0,0,9e5d7295-df4d-408c-b3d8-6756e79d5818,2026-10-02T10:17:46.770024+00:00,True
normal_19_015,test,normal_19,19,15,0.0,信息熵在机器学习算法中的运用_张璐瑶.pdf,P0012,live_normal,K9455b6d7518a5c36d827b4348e81a09fdcc5e5fe003e877bc05bb7eb138eca2f,2,complete,0.0,0,0,0,0,df8fc4c8-b41d-4c77-82d9-001cfe6a6081,2026-10-02T10:17:47.368192+00:00,True
normal_19_016,test,normal_19,19,16,0.0,基于机器学习和新闻文本的原油期货资产配置研究_钟浩.pdf,P0010,live_normal,Keff678b299227ecddcbf4d17f7660b95ad60c101672d17ba7b273738c73df3c0,2,complete,0.0,0,0,0,0,2c5f9a8d-b25a-4cb0-b8c2-c0baed0b62fd,2026-10-02T10:17:47.987421+00:00,True
normal_19_017,test,normal_19,19,17,0.0,气候金融背景下的气温衍生品定价研究——基于机器学习算法_杨刚.pdf,P0004,live_normal,K9270f70913c0acef9bfc8848ba83f8d9b692f8ab4f838c7fb64aaa248fe849fb,2,complete,0.0,0,0,0,0,6e3288dd-8856-4b01-8ad4-11660069aeab,2026-10-02T10:17:48.794740+00:00,True
normal_19_018,test,normal_19,19,18,0.0,信息熵在机器学习算法中的运用_张璐瑶.pdf,P0012,live_normal,K9455b6d7518a5c36d827b4348e81a09fdcc5e5fe003e877bc05bb7eb138eca2f,2,complete,0.0,0,0,0,0,3a276ff4-af9e-42c5-b5b6-f15ba4ab933f,2026-10-02T10:17:49.454978+00:00,True
normal_19_019,test,normal_19,19,19,0.0,信息熵在机器学习算法中的运用_张璐瑶.pdf,P0012,live_normal,K9455b6d7518a5c36d827b4348e81a09fdcc5e5fe003e877bc05bb7eb138eca2f,2,complete,0.0,0,0,0,0,4f0271c1-2a86-41a4-acaf-0e574e308963,2026-10-02T10:17:50.111359+00:00,True
normal_19_020,test,normal_19,19,20,0.0,基于机器学习和新闻文本的原油期货资产配置研究_钟浩.pdf,P0010,live_normal,Keff678b299227ecddcbf4d17f7660b95ad60c101672d17ba7b273738c73df3c0,2,complete,0.0,0,0,0,0,2e708ec6-f92c-44c9-b5e5-4ba879d195b1,2026-10-02T10:17:50.889473+00:00,True
normal_19_021,test,normal_19,19,21,0.0,基于机器学习算法的黑色系期货价格预测_郭梓晗.pdf,P0015,live_normal,K5a3b1a850e68e1179ffaab8a8182196b1d087696ef52257a0a6ffad347030b14,2,complete,0.0,0,0,0,0,22a6282d-0147-488c-bc0d-a73fa73db385,2026-10-02T10:17:51.507064+00:00,True
normal_19_022,test,normal_19,19,22,0.0,基于机器学习算法的黑色系期货价格预测_郭梓晗.pdf,P0015,live_normal,K5a3b1a850e68e1179ffaab8a8182196b1d087696ef52257a0a6ffad347030b14,2,complete,0.0,0,0,0,0,3d5b9c2c-9d96-436b-b105-2b089db3880d,2026-10-02T10:17:52.025684+00:00,True
normal_19_023,test,normal_19,19,23,0.0,基于机器学习和新闻文本的原油期货资产配置研究_钟浩.pdf,P0010,live_normal,Keff678b299227ecddcbf4d17f7660b95ad60c101672d17ba7b273738c73df3c0,2,complete,0.0,0,0,0,0,91f5d4ed-560a-43f1-bd84-c33d21318689,2026-10-02T10:17:52.703243+00:00,True
normal_19_024,test,normal_19,19,24,0.0,气候金融背景下的气温衍生品定价研究——基于机器学习算法_杨刚.pdf,P0005,live_normal,K49cf5919474d41c8f7083ab6cb64a02560857ee3d54409accfc8538f21abb419,2,complete,0.0,0,0,0,0,8ea75679-75ce-4bf7-908a-6971072b84b4,2026-10-02T10:17:53.429817+00:00,True
normal_19_025,test,normal_19,19,25,0.0,基于机器学习算法的黑色系期货价格预测_郭梓晗.pdf,P0015,live_normal,K5a3b1a850e68e1179ffaab8a8182196b1d087696ef52257a0a6ffad347030b14,2,complete,0.0,0,0,0,0,629e6a4a-09f9-4635-8456-bbaca981dc65,2026-10-02T10:17:54.360760+00:00,True
normal_19_026,test,normal_19,19,26,0.0,气候金融背景下的气温衍生品定价研究——基于机器学习算法_杨刚.pdf,P0004,live_normal,K9270f70913c0acef9bfc8848ba83f8d9b692f8ab4f838c7fb64aaa248fe849fb,2,complete,0.0,0,0,0,0,9f616798-1ac1-462d-99c0-766bfa56a5c0,2026-10-02T10:17:54.855507+00:00,True
normal_19_027,test,normal_19,19,27,0.0,基于机器学习算法的黑色系期货价格预测_郭梓晗.pdf,P0015,live_normal,K5a3b1a850e68e1179ffaab8a8182196b1d087696ef52257a0a6ffad347030b14,2,complete,0.0,0,0,0,0,257f3fdd-9f0f-4aca-b6c7-f69ffc79cbad,2026-10-02T10:17:55.579868+00:00,True
normal_19_028,test,normal_19,19,28,0.0,基于机器学习和新闻文本的原油期货资产配置研究_钟浩.pdf,P0010,live_normal,Keff678b299227ecddcbf4d17f7660b95ad60c101672d17ba7b273738c73df3c0,2,complete,0.0,0,0,0,0,b00dd5c3-da21-4613-92d1-81f5fadce2bf,2026-10-02T10:17:56.447353+00:00,True
normal_19_029,test,normal_19,19,29,0.0,信息熵在机器学习算法中的运用_张璐瑶.pdf,P0012,live_normal,K9455b6d7518a5c36d827b4348e81a09fdcc5e5fe003e877bc05bb7eb138eca2f,2,complete,0.0,0,0,0,0,4a61f4ae-0ab1-4473-92f9-4b4b87ae0467,2026-10-02T10:17:57.018970+00:00,True
normal_19_030,test,normal_19,19,30,0.0,基于机器学习算法的黑色系期货价格预测_郭梓晗.pdf,P0015,live_normal,K5a3b1a850e68e1179ffaab8a8182196b1d087696ef52257a0a6ffad347030b14,2,complete,0.0,0,0,0,0,0c4f9457-b6b8-4735-b2a4-7b74a2c08ec1,2026-10-02T10:17:57.750481+00:00,True
normal_19_031,test,normal_19,19,31,0.0,基于机器学习算法的黑色系期货价格预测_郭梓晗.pdf,P0015,live_normal,K5a3b1a850e68e1179ffaab8a8182196b1d087696ef52257a0a6ffad347030b14,2,complete,0.0,0,0,0,0,fd4a9376-cc73-4256-a601-f90986018e61,2026-10-02T10:17:58.342850+00:00,True
normal_19_032,test,normal_19,19,32,0.0,基于机器学习和新闻文本的原油期货资产配置研究_钟浩.pdf,P0010,live_normal,Keff678b299227ecddcbf4d17f7660b95ad60c101672d17ba7b273738c73df3c0,2,complete,0.0,0,0,0,0,2ce21998-fb38-41d1-bd2a-a90304ad84df,2026-10-02T10:17:59.175391+00:00,True
normal_19_033,test,normal_19,19,33,0.0,基于机器学习算法的黑色系期货价格预测_郭梓晗.pdf,P0015,live_normal,K5a3b1a850e68e1179ffaab8a8182196b1d087696ef52257a0a6ffad347030b14,2,complete,0.0,0,0,0,0,6a310d8d-9d3d-47c0-aec8-14a8352649e2,2026-10-02T10:17:59.486865+00:00,True
normal_19_034,test,normal_19,19,34,0.0,气候金融背景下的气温衍生品定价研究——基于机器学习算法_杨刚.pdf,P0005,live_normal,K49cf5919474d41c8f7083ab6cb64a02560857ee3d54409accfc8538f21abb419,2,complete,0.0,0,0,0,0,8e3fc9e6-ca2f-4d6a-9cb8-6ba96b7ee8ff,2026-10-02T10:18:00.307380+00:00,True
normal_19_035,test,normal_19,19,35,0.0,基于机器学习和新闻文本的原油期货资产配置研究_钟浩.pdf,P0010,live_normal,Keff678b299227ecddcbf4d17f7660b95ad60c101672d17ba7b273738c73df3c0,2,complete,0.0,0,0,0,0,1e5e8971-568f-4f6a-8162-95f40b5725be,2026-10-02T10:18:01.495320+00:00,True
normal_19_036,test,normal_19,19,36,0.0,基于机器学习算法的黑色系期货价格预测_郭梓晗.pdf,P0015,live_normal,K5a3b1a850e68e1179ffaab8a8182196b1d087696ef52257a0a6ffad347030b14,2,complete,0.0,0,0,0,0,c57e6a02-5872-4448-844d-91c167069011,2026-10-02T10:18:02.405080+00:00,True
normal_19_037,test,normal_19,19,37,0.0,气候金融背景下的气温衍生品定价研究——基于机器学习算法_杨刚.pdf,P0004,live_normal,K9270f70913c0acef9bfc8848ba83f8d9b692f8ab4f838c7fb64aaa248fe849fb,2,complete,0.0,0,0,0,0,fd5de6d2-8188-40e0-bf04-7013f321683c,2026-10-02T10:18:03.164452+00:00,True
normal_19_038,test,normal_19,19,38,0.0,基于机器学习和新闻文本的原油期货资产配置研究_钟浩.pdf,P0010,live_normal,Keff678b299227ecddcbf4d17f7660b95ad60c101672d17ba7b273738c73df3c0,2,complete,0.0,0,0,0,0,7dd09dff-bef4-422a-9568-96b5b4e27a15,2026-10-02T10:18:04.040303+00:00,True
normal_19_039,test,normal_19,19,39,0.0,气候金融背景下的气温衍生品定价研究——基于机器学习算法_杨刚.pdf,P0005,live_normal,K49cf5919474d41c8f7083ab6cb64a02560857ee3d54409accfc8538f21abb419,2,complete,0.0,0,0,0,0,87128ddb-96bb-4a3e-bb9b-3ec45acece0f,2026-10-02T10:18:05.015469+00:00,True
normal_19_040,test,normal_19,19,40,0.0,信息熵在机器学习算法中的运用_张璐瑶.pdf,P0012,live_normal,K9455b6d7518a5c36d827b4348e81a09fdcc5e5fe003e877bc05bb7eb138eca2f,2,complete,0.0,0,0,0,0,007c6d7e-41fd-4775-b167-d8aa5e86d858,2026-10-02T10:18:05.941874+00:00,True
normal_20_001,test,normal_20,20,1,0.0,基于机器学习和新闻文本的原油期货资产配置研究_钟浩.pdf,P0010,live_normal,Keff678b299227ecddcbf4d17f7660b95ad60c101672d17ba7b273738c73df3c0,2,complete,0.0,0,0,0,0,a27b00be-c20d-4fbe-802f-2d65da9c532e,2026-10-02T10:15:37.951444+00:00,True
normal_20_002,test,normal_20,20,2,0.0,基于机器学习算法的黑色系期货价格预测_郭梓晗.pdf,P0015,live_normal,K5a3b1a850e68e1179ffaab8a8182196b1d087696ef52257a0a6ffad347030b14,2,complete,0.0,0,0,0,0,bef6d0b4-9f2a-4ce0-9297-2ab3b1d079e0,2026-10-02T10:15:38.577740+00:00,True
normal_20_003,test,normal_20,20,3,0.0,基于机器学习和新闻文本的原油期货资产配置研究_钟浩.pdf,P0010,live_normal,Keff678b299227ecddcbf4d17f7660b95ad60c101672d17ba7b273738c73df3c0,2,complete,0.0,0,0,0,0,0b3f4ec9-724d-435f-a2b3-b10172e1671f,2026-10-02T10:15:39.454941+00:00,True
normal_20_004,test,normal_20,20,4,0.0,基于机器学习和新闻文本的原油期货资产配置研究_钟浩.pdf,P0010,live_normal,Keff678b299227ecddcbf4d17f7660b95ad60c101672d17ba7b273738c73df3c0,2,complete,0.0,0,0,0,0,d7ee4889-6386-481f-b234-ca85eab74f4b,2026-10-02T10:15:40.297988+00:00,True
normal_20_005,test,normal_20,20,5,0.0,信息熵在机器学习算法中的运用_张璐瑶.pdf,P0012,live_normal,K9455b6d7518a5c36d827b4348e81a09fdcc5e5fe003e877bc05bb7eb138eca2f,2,complete,0.0,0,0,0,0,33ef879f-349f-4fd8-8a7b-9e3e4c45f612,2026-10-02T10:15:40.993818+00:00,True
normal_20_006,test,normal_20,20,6,0.0,基于机器学习和新闻文本的原油期货资产配置研究_钟浩.pdf,P0010,live_normal,Keff678b299227ecddcbf4d17f7660b95ad60c101672d17ba7b273738c73df3c0,2,complete,0.0,0,0,0,0,c226d7e7-9538-4933-9344-a24f7c953136,2026-10-02T10:15:41.767581+00:00,True
normal_20_007,test,normal_20,20,7,0.0,基于机器学习算法的黑色系期货价格预测_郭梓晗.pdf,P0015,live_normal,K5a3b1a850e68e1179ffaab8a8182196b1d087696ef52257a0a6ffad347030b14,2,complete,0.0,0,0,0,0,41a47eb7-78ae-43cb-9c00-2e4a053e8c6f,2026-10-02T10:15:42.666826+00:00,True
normal_20_008,test,normal_20,20,8,0.0,基于机器学习算法的黑色系期货价格预测_郭梓晗.pdf,P0015,live_normal,K5a3b1a850e68e1179ffaab8a8182196b1d087696ef52257a0a6ffad347030b14,2,complete,0.0,0,0,0,0,8e95dc20-861f-4430-84c4-d608fc3601c7,2026-10-02T10:15:43.256915+00:00,True
normal_20_009,test,normal_20,20,9,0.0,基于机器学习和新闻文本的原油期货资产配置研究_钟浩.pdf,P0010,live_normal,Keff678b299227ecddcbf4d17f7660b95ad60c101672d17ba7b273738c73df3c0,2,complete,0.0,0,0,0,0,3f4b2d42-bef5-47db-9315-d17dc5f77674,2026-10-02T10:15:43.744599+00:00,True
normal_20_010,test,normal_20,20,10,0.0,气候金融背景下的气温衍生品定价研究——基于机器学习算法_杨刚.pdf,P0004,live_normal,K9270f70913c0acef9bfc8848ba83f8d9b692f8ab4f838c7fb64aaa248fe849fb,2,complete,0.0,0,0,0,0,458a30f8-70c3-416d-9871-f1a6b3038623,2026-10-02T10:15:44.552985+00:00,True
normal_20_011,test,normal_20,20,11,0.0,基于机器学习算法的黑色系期货价格预测_郭梓晗.pdf,P0015,live_normal,K5a3b1a850e68e1179ffaab8a8182196b1d087696ef52257a0a6ffad347030b14,2,complete,0.0,0,0,0,0,5774ebb4-4fa9-46a1-8155-73752016901e,2026-10-02T10:15:45.316520+00:00,True
normal_20_012,test,normal_20,20,12,0.0,基于机器学习算法的黑色系期货价格预测_郭梓晗.pdf,P0015,live_normal,K5a3b1a850e68e1179ffaab8a8182196b1d087696ef52257a0a6ffad347030b14,2,complete,0.0,0,0,0,0,10aeb2ab-7c95-4ef5-ad19-bf80fde6bac0,2026-10-02T10:15:46.218056+00:00,True
normal_20_013,test,normal_20,20,13,0.0,基于机器学习算法的黑色系期货价格预测_郭梓晗.pdf,P0015,live_normal,K5a3b1a850e68e1179ffaab8a8182196b1d087696ef52257a0a6ffad347030b14,2,complete,0.0,0,0,0,0,353adab5-5023-4625-a326-ab1b0398bb83,2026-10-02T10:15:46.852641+00:00,True
normal_20_014,test,normal_20,20,14,0.0,信息熵在机器学习算法中的运用_张璐瑶.pdf,P0012,live_normal,K9455b6d7518a5c36d827b4348e81a09fdcc5e5fe003e877bc05bb7eb138eca2f,2,complete,0.0,0,0,0,0,edf71228-3f09-4fe5-a443-472b6e615364,2026-10-02T10:15:47.591286+00:00,True
normal_20_015,test,normal_20,20,15,0.0,气候金融背景下的气温衍生品定价研究——基于机器学习算法_杨刚.pdf,P0004,live_normal,K9270f70913c0acef9bfc8848ba83f8d9b692f8ab4f838c7fb64aaa248fe849fb,2,complete,0.0,0,0,0,0,a1562e51-2595-4dff-bec9-d16d9c51f2df,2026-10-02T10:15:48.444205+00:00,True
normal_20_016,test,normal_20,20,16,0.0,基于机器学习和新闻文本的原油期货资产配置研究_钟浩.pdf,P0010,live_normal,Keff678b299227ecddcbf4d17f7660b95ad60c101672d17ba7b273738c73df3c0,2,complete,0.0,0,0,0,0,e89ff7f6-dc98-4b00-86d0-5b05ecebb2db,2026-10-02T10:15:49.192098+00:00,True
normal_20_017,test,normal_20,20,17,0.0,气候金融背景下的气温衍生品定价研究——基于机器学习算法_杨刚.pdf,P0005,live_normal,Kf3ea2a47d88a646e6f2b6eb9185ca4261c1ea08aacbe7bea23189551f42130a6,2,complete,0.0,0,0,0,0,793b3283-f8f5-4ddb-8555-e617c7fba420,2026-10-02T10:15:49.658714+00:00,True
normal_20_018,test,normal_20,20,18,0.0,基于机器学习和新闻文本的原油期货资产配置研究_钟浩.pdf,P0010,live_normal,Keff678b299227ecddcbf4d17f7660b95ad60c101672d17ba7b273738c73df3c0,2,complete,0.0,0,0,0,0,6b6bdeb0-2b40-4525-94e5-6d7136a48738,2026-10-02T10:15:50.484797+00:00,True
normal_20_019,test,normal_20,20,19,0.0,气候金融背景下的气温衍生品定价研究——基于机器学习算法_杨刚.pdf,P0005,live_normal,K49cf5919474d41c8f7083ab6cb64a02560857ee3d54409accfc8538f21abb419,2,complete,0.0,0,0,0,0,a39c4456-bab3-479f-8828-10648f3f8676,2026-10-02T10:15:51.445438+00:00,True
normal_20_020,test,normal_20,20,20,0.0,基于机器学习算法的黑色系期货价格预测_郭梓晗.pdf,P0015,live_normal,K5a3b1a850e68e1179ffaab8a8182196b1d087696ef52257a0a6ffad347030b14,2,complete,0.0,0,0,0,0,a6ff21a4-cb62-4d61-8cf4-287da565b7d8,2026-10-02T10:15:52.328054+00:00,True
normal_20_021,test,normal_20,20,21,0.0,基于机器学习算法的黑色系期货价格预测_郭梓晗.pdf,P0015,live_normal,K5a3b1a850e68e1179ffaab8a8182196b1d087696ef52257a0a6ffad347030b14,2,complete,0.0,0,0,0,0,71ac54f9-154d-4c8b-891b-2bb0d0703bda,2026-10-02T10:15:53.278976+00:00,True
normal_20_022,test,normal_20,20,22,0.0,基于机器学习算法的黑色系期货价格预测_郭梓晗.pdf,P0015,live_normal,K5a3b1a850e68e1179ffaab8a8182196b1d087696ef52257a0a6ffad347030b14,2,complete,0.0,0,0,0,0,9ad48723-bdae-4dac-8a38-e3cd38e0fa62,2026-10-02T10:15:54.164524+00:00,True
normal_20_023,test,normal_20,20,23,0.0,基于机器学习和新闻文本的原油期货资产配置研究_钟浩.pdf,P0010,live_normal,Keff678b299227ecddcbf4d17f7660b95ad60c101672d17ba7b273738c73df3c0,2,complete,0.0,0,0,0,0,be6b376c-63a1-4e2a-9903-7d6fb16ef128,2026-10-02T10:15:54.791624+00:00,True
normal_20_024,test,normal_20,20,24,0.0,基于机器学习算法的黑色系期货价格预测_郭梓晗.pdf,P0015,live_normal,K5a3b1a850e68e1179ffaab8a8182196b1d087696ef52257a0a6ffad347030b14,2,complete,0.0,0,0,0,0,aeb8537a-94f9-46af-86eb-320e150f8696,2026-10-02T10:15:55.767269+00:00,True
normal_20_025,test,normal_20,20,25,0.0,信息熵在机器学习算法中的运用_张璐瑶.pdf,P0012,live_normal,K9455b6d7518a5c36d827b4348e81a09fdcc5e5fe003e877bc05bb7eb138eca2f,2,complete,0.0,0,0,0,0,15dfd714-e89c-4e68-9810-22f3a6e6b2da,2026-10-02T10:15:56.393464+00:00,True
normal_20_026,test,normal_20,20,26,0.0,气候金融背景下的气温衍生品定价研究——基于机器学习算法_杨刚.pdf,P0004,live_normal,K9270f70913c0acef9bfc8848ba83f8d9b692f8ab4f838c7fb64aaa248fe849fb,2,complete,0.0,0,0,0,0,8b05933e-5130-4c38-a324-7eae9d8a3c97,2026-10-02T10:15:57.160374+00:00,True
normal_20_027,test,normal_20,20,27,0.0,信息熵在机器学习算法中的运用_张璐瑶.pdf,P0012,live_normal,K9455b6d7518a5c36d827b4348e81a09fdcc5e5fe003e877bc05bb7eb138eca2f,2,complete,0.0,0,0,0,0,ee7896cc-1be3-4986-829e-b44f22124c84,2026-10-02T10:15:57.633167+00:00,True
normal_20_028,test,normal_20,20,28,0.0,信息熵在机器学习算法中的运用_张璐瑶.pdf,P0012,live_normal,K9455b6d7518a5c36d827b4348e81a09fdcc5e5fe003e877bc05bb7eb138eca2f,2,complete,0.0,0,0,0,0,6a915c2f-c035-46f6-a8c2-ca7705069c22,2026-10-02T10:15:58.126443+00:00,True
normal_20_029,test,normal_20,20,29,0.0,气候金融背景下的气温衍生品定价研究——基于机器学习算法_杨刚.pdf,P0004,live_normal,K9270f70913c0acef9bfc8848ba83f8d9b692f8ab4f838c7fb64aaa248fe849fb,2,complete,0.0,0,0,0,0,f12c3682-31e0-425f-8c8d-dd857259c514,2026-10-02T10:15:58.683355+00:00,True
normal_20_030,test,normal_20,20,30,0.0,基于机器学习和新闻文本的原油期货资产配置研究_钟浩.pdf,P0010,live_normal,Keff678b299227ecddcbf4d17f7660b95ad60c101672d17ba7b273738c73df3c0,2,complete,0.0,0,0,0,0,f9215e6e-4f88-46dc-a451-36478cdac4f9,2026-10-02T10:15:59.661174+00:00,True
normal_20_031,test,normal_20,20,31,0.0,基于机器学习和新闻文本的原油期货资产配置研究_钟浩.pdf,P0010,live_normal,Keff678b299227ecddcbf4d17f7660b95ad60c101672d17ba7b273738c73df3c0,2,complete,0.0,0,0,0,0,6e1bb465-8e00-41cd-8e22-7f49721aca91,2026-10-02T10:16:00.334354+00:00,True
normal_20_032,test,normal_20,20,32,0.0,基于机器学习和新闻文本的原油期货资产配置研究_钟浩.pdf,P0010,live_normal,Keff678b299227ecddcbf4d17f7660b95ad60c101672d17ba7b273738c73df3c0,2,complete,0.0,0,0,0,0,c8c5accf-2747-479d-b9ed-4d1e6e9e9c99,2026-10-02T10:16:00.974745+00:00,True
normal_20_033,test,normal_20,20,33,0.0,气候金融背景下的气温衍生品定价研究——基于机器学习算法_杨刚.pdf,P0004,live_normal,K9270f70913c0acef9bfc8848ba83f8d9b692f8ab4f838c7fb64aaa248fe849fb,2,complete,0.0,0,0,0,0,6f5b34d2-0846-41dc-a876-1c1a0e76128f,2026-10-02T10:16:01.956452+00:00,True
normal_20_034,test,normal_20,20,34,0.0,信息熵在机器学习算法中的运用_张璐瑶.pdf,P0012,live_normal,K9455b6d7518a5c36d827b4348e81a09fdcc5e5fe003e877bc05bb7eb138eca2f,2,complete,0.0,0,0,0,0,5b8ce4a5-8f39-437c-a20c-d24bdf8a2222,2026-10-02T10:16:02.718149+00:00,True
normal_20_035,test,normal_20,20,35,0.0,基于机器学习算法的黑色系期货价格预测_郭梓晗.pdf,P0015,live_normal,K5a3b1a850e68e1179ffaab8a8182196b1d087696ef52257a0a6ffad347030b14,2,complete,0.0,0,0,0,0,084c4a63-e81e-4061-ac42-7bcc95f28395,2026-10-02T10:16:03.831837+00:00,True
normal_20_036,test,normal_20,20,36,0.0,信息熵在机器学习算法中的运用_张璐瑶.pdf,P0012,live_normal,K9455b6d7518a5c36d827b4348e81a09fdcc5e5fe003e877bc05bb7eb138eca2f,2,complete,0.0,0,0,0,0,6c4025d4-7f33-4604-8919-cf5deffe4c81,2026-10-02T10:16:04.456400+00:00,True
normal_20_037,test,normal_20,20,37,0.0,信息熵在机器学习算法中的运用_张璐瑶.pdf,P0012,live_normal,K9455b6d7518a5c36d827b4348e81a09fdcc5e5fe003e877bc05bb7eb138eca2f,2,complete,0.0,0,0,0,0,81016d59-76f1-4ada-980e-5d45c9109e16,2026-10-02T10:16:05.412377+00:00,True
normal_20_038,test,normal_20,20,38,0.0,信息熵在机器学习算法中的运用_张璐瑶.pdf,P0012,live_normal,K455be6ec0576ef7c24e84b6c16982e8b13570f618bc4d79871f64f8b5fc51c6b,2,complete,0.0,0,0,0,0,1fabce58-30b0-49d0-9094-c2ab791d2f16,2026-10-02T10:16:05.839436+00:00,True
normal_20_039,test,normal_20,20,39,0.0,基于机器学习和新闻文本的原油期货资产配置研究_钟浩.pdf,P0010,live_normal,Keff678b299227ecddcbf4d17f7660b95ad60c101672d17ba7b273738c73df3c0,2,complete,0.0,0,0,0,0,4fc0480c-902d-4629-83d5-b48646abda9f,2026-10-02T10:16:06.459026+00:00,True
normal_20_040,test,normal_20,20,40,0.0,基于机器学习算法的黑色系期货价格预测_郭梓晗.pdf,P0015,live_normal,K5a3b1a850e68e1179ffaab8a8182196b1d087696ef52257a0a6ffad347030b14,2,complete,0.0,0,0,0,0,b424fd6e-0082-4de0-9c3f-9e283a5e74e1,2026-10-02T10:16:07.296800+00:00,True
normal_21_001,test,normal_21,21,1,0.0,信息熵在机器学习算法中的运用_张璐瑶.pdf,P0012,live_normal,K9455b6d7518a5c36d827b4348e81a09fdcc5e5fe003e877bc05bb7eb138eca2f,2,complete,0.0,0,0,0,0,64064488-71d7-46b6-a169-39974ad3c7db,2026-10-02T10:18:25.587551+00:00,True
normal_21_002,test,normal_21,21,2,0.0,信息熵在机器学习算法中的运用_张璐瑶.pdf,P0012,live_normal,K9455b6d7518a5c36d827b4348e81a09fdcc5e5fe003e877bc05bb7eb138eca2f,2,complete,0.0,0,0,0,0,496ea251-56af-459b-b87f-50e35eef9eed,2026-10-02T10:18:26.289169+00:00,True
normal_21_003,test,normal_21,21,3,0.0,信息熵在机器学习算法中的运用_张璐瑶.pdf,P0012,live_normal,K9455b6d7518a5c36d827b4348e81a09fdcc5e5fe003e877bc05bb7eb138eca2f,2,complete,0.0,0,0,0,0,2bb4168c-1f5c-4adb-b689-da77f7f5d19b,2026-10-02T10:18:27.120136+00:00,True
normal_21_004,test,normal_21,21,4,0.0,基于机器学习和新闻文本的原油期货资产配置研究_钟浩.pdf,P0010,live_normal,Keff678b299227ecddcbf4d17f7660b95ad60c101672d17ba7b273738c73df3c0,2,complete,0.0,0,0,0,0,f684b5a0-5fda-49e2-8688-1ba7c9306237,2026-10-02T10:18:27.980687+00:00,True
normal_21_005,test,normal_21,21,5,0.0,基于机器学习算法的黑色系期货价格预测_郭梓晗.pdf,P0015,live_normal,K5a3b1a850e68e1179ffaab8a8182196b1d087696ef52257a0a6ffad347030b14,2,complete,0.0,0,0,0,0,9544cdc7-5c68-414f-ac4b-36fb241a178f,2026-10-02T10:18:28.532961+00:00,True
normal_21_006,test,normal_21,21,6,0.0,基于机器学习和新闻文本的原油期货资产配置研究_钟浩.pdf,P0010,live_normal,Keff678b299227ecddcbf4d17f7660b95ad60c101672d17ba7b273738c73df3c0,2,complete,0.0,0,0,0,0,fde4c017-6a11-408f-8c57-83d51a9f038f,2026-10-02T10:18:29.392226+00:00,True
normal_21_007,test,normal_21,21,7,0.0,基于机器学习算法的黑色系期货价格预测_郭梓晗.pdf,P0015,live_normal,K5a3b1a850e68e1179ffaab8a8182196b1d087696ef52257a0a6ffad347030b14,2,complete,0.0,0,0,0,0,8bd09c95-979d-4501-8552-b2bb27178cb7,2026-10-02T10:18:30.014730+00:00,True
normal_21_008,test,normal_21,21,8,0.0,气候金融背景下的气温衍生品定价研究——基于机器学习算法_杨刚.pdf,P0004,live_normal,K9270f70913c0acef9bfc8848ba83f8d9b692f8ab4f838c7fb64aaa248fe849fb,2,complete,0.0,0,0,0,0,63abe03d-a5e5-41fd-801d-7d5d51692eaa,2026-10-02T10:18:30.770265+00:00,True
normal_21_009,test,normal_21,21,9,0.0,基于机器学习和新闻文本的原油期货资产配置研究_钟浩.pdf,P0010,live_normal,Keff678b299227ecddcbf4d17f7660b95ad60c101672d17ba7b273738c73df3c0,2,complete,0.0,0,0,0,0,6e92b826-4a0e-4c64-bc57-1b7d6d886859,2026-10-02T10:18:31.667963+00:00,True
normal_21_010,test,normal_21,21,10,0.0,基于机器学习算法的黑色系期货价格预测_郭梓晗.pdf,P0015,live_normal,K5a3b1a850e68e1179ffaab8a8182196b1d087696ef52257a0a6ffad347030b14,2,complete,0.0,0,0,0,0,2d60878b-b82b-4603-b1a0-03547a997935,2026-10-02T10:18:32.443161+00:00,True
normal_21_011,test,normal_21,21,11,0.0,气候金融背景下的气温衍生品定价研究——基于机器学习算法_杨刚.pdf,P0005,live_normal,K49cf5919474d41c8f7083ab6cb64a02560857ee3d54409accfc8538f21abb419,2,complete,0.0,0,0,0,0,fee19192-8527-47a0-bb59-4b8e5c234dc0,2026-10-02T10:18:33.266229+00:00,True
normal_21_012,test,normal_21,21,12,0.0,基于机器学习和新闻文本的原油期货资产配置研究_钟浩.pdf,P0010,live_normal,Keff678b299227ecddcbf4d17f7660b95ad60c101672d17ba7b273738c73df3c0,2,complete,0.0,0,0,0,0,00614537-7a2f-4853-b700-c9f516f33dbe,2026-10-02T10:18:33.971284+00:00,True
normal_21_013,test,normal_21,21,13,0.0,气候金融背景下的气温衍生品定价研究——基于机器学习算法_杨刚.pdf,P0005,live_normal,K49cf5919474d41c8f7083ab6cb64a02560857ee3d54409accfc8538f21abb419,2,complete,0.0,0,0,0,0,a7b61329-dceb-4278-9222-5de30cbd06c0,2026-10-02T10:18:34.833742+00:00,True
normal_21_014,test,normal_21,21,14,0.0,气候金融背景下的气温衍生品定价研究——基于机器学习算法_杨刚.pdf,P0004,live_normal,K9270f70913c0acef9bfc8848ba83f8d9b692f8ab4f838c7fb64aaa248fe849fb,2,complete,0.0,0,0,0,0,2cd4b804-72f7-48e4-a170-07f8588a0fb9,2026-10-02T10:18:35.470399+00:00,True
normal_21_015,test,normal_21,21,15,0.0,基于机器学习算法的黑色系期货价格预测_郭梓晗.pdf,P0015,live_normal,K5a3b1a850e68e1179ffaab8a8182196b1d087696ef52257a0a6ffad347030b14,2,complete,0.0,0,0,0,0,c93a8f96-c3c8-49f4-82a0-72b47f15d936,2026-10-02T10:18:36.293401+00:00,True
normal_21_016,test,normal_21,21,16,0.0,基于机器学习和新闻文本的原油期货资产配置研究_钟浩.pdf,P0010,live_normal,Keff678b299227ecddcbf4d17f7660b95ad60c101672d17ba7b273738c73df3c0,2,complete,0.0,0,0,0,0,790b9f09-aa17-42b1-8227-83ca93b8a7fa,2026-10-02T10:18:36.762279+00:00,True
normal_21_017,test,normal_21,21,17,0.0,气候金融背景下的气温衍生品定价研究——基于机器学习算法_杨刚.pdf,P0004,live_normal,K9270f70913c0acef9bfc8848ba83f8d9b692f8ab4f838c7fb64aaa248fe849fb,2,complete,0.0,0,0,0,0,0162480d-458f-420b-8c5c-0d77c471b14b,2026-10-02T10:18:37.761826+00:00,True
normal_21_018,test,normal_21,21,18,0.0,气候金融背景下的气温衍生品定价研究——基于机器学习算法_杨刚.pdf,P0005,live_normal,Kf3ea2a47d88a646e6f2b6eb9185ca4261c1ea08aacbe7bea23189551f42130a6,2,complete,0.0,0,0,0,0,8c62dfd5-3f00-4683-998a-d8fcb1d8cea4,2026-10-02T10:18:38.128916+00:00,True
normal_21_019,test,normal_21,21,19,0.0,信息熵在机器学习算法中的运用_张璐瑶.pdf,P0012,live_normal,K9455b6d7518a5c36d827b4348e81a09fdcc5e5fe003e877bc05bb7eb138eca2f,2,complete,0.0,0,0,0,0,3ee90c66-05fc-421b-b71b-38b73d318ad5,2026-10-02T10:18:38.850938+00:00,True
normal_21_020,test,normal_21,21,20,0.0,基于机器学习算法的黑色系期货价格预测_郭梓晗.pdf,P0015,live_normal,K5a3b1a850e68e1179ffaab8a8182196b1d087696ef52257a0a6ffad347030b14,2,complete,0.0,0,0,0,0,ba3f9017-da7e-4242-b19f-f7a0cf91ca1b,2026-10-02T10:18:39.340093+00:00,True
normal_21_021,test,normal_21,21,21,0.0,基于机器学习和新闻文本的原油期货资产配置研究_钟浩.pdf,P0010,live_normal,Keff678b299227ecddcbf4d17f7660b95ad60c101672d17ba7b273738c73df3c0,2,complete,0.0,0,0,0,0,f81f4dca-52ed-4480-9064-e34ac4b5ec4b,2026-10-02T10:18:40.126863+00:00,True
normal_21_022,test,normal_21,21,22,0.0,基于机器学习和新闻文本的原油期货资产配置研究_钟浩.pdf,P0010,live_normal,K4a0fc1c7c1a21e26b7395a3eba3ded8f8c54d02fce65bb132a5d9d78b2f80326,2,complete,0.0,0,0,0,0,180c4425-c0be-4af9-b3a3-5843a38102af,2026-10-02T10:18:40.652607+00:00,True
normal_21_023,test,normal_21,21,23,0.0,信息熵在机器学习算法中的运用_张璐瑶.pdf,P0012,live_normal,K9455b6d7518a5c36d827b4348e81a09fdcc5e5fe003e877bc05bb7eb138eca2f,2,complete,0.0,0,0,0,0,06946371-f2cd-428f-b09a-1c59b5203a78,2026-10-02T10:18:41.165239+00:00,True
normal_21_024,test,normal_21,21,24,0.0,气候金融背景下的气温衍生品定价研究——基于机器学习算法_杨刚.pdf,P0004,live_normal,K9270f70913c0acef9bfc8848ba83f8d9b692f8ab4f838c7fb64aaa248fe849fb,2,complete,0.0,0,0,0,0,ddfc2dfe-72d0-4e3d-958c-ccd98c9289ca,2026-10-02T10:18:41.884760+00:00,True
normal_21_025,test,normal_21,21,25,0.0,基于机器学习和新闻文本的原油期货资产配置研究_钟浩.pdf,P0010,live_normal,Keff678b299227ecddcbf4d17f7660b95ad60c101672d17ba7b273738c73df3c0,2,complete,0.0,0,0,0,0,01c24fd2-c6d6-47a1-931f-3991c6c16f4d,2026-10-02T10:18:42.702559+00:00,True
normal_21_026,test,normal_21,21,26,0.0,基于机器学习算法的黑色系期货价格预测_郭梓晗.pdf,P0015,live_normal,K5a3b1a850e68e1179ffaab8a8182196b1d087696ef52257a0a6ffad347030b14,2,complete,0.0,0,0,0,0,1aa7680e-afa8-4d1e-b1d4-958ba0728f71,2026-10-02T10:18:43.250574+00:00,True
normal_21_027,test,normal_21,21,27,0.0,基于机器学习和新闻文本的原油期货资产配置研究_钟浩.pdf,P0010,live_normal,Keff678b299227ecddcbf4d17f7660b95ad60c101672d17ba7b273738c73df3c0,2,complete,0.0,0,0,0,0,48e860cd-dfaf-4f41-9329-c95bff05e8cd,2026-10-02T10:18:44.154424+00:00,True
normal_21_028,test,normal_21,21,28,0.0,气候金融背景下的气温衍生品定价研究——基于机器学习算法_杨刚.pdf,P0004,live_normal,K9270f70913c0acef9bfc8848ba83f8d9b692f8ab4f838c7fb64aaa248fe849fb,2,complete,0.0,0,0,0,0,e63eaebc-300b-4e18-b7d6-cddf2041ef80,2026-10-02T10:18:44.854160+00:00,True
normal_21_029,test,normal_21,21,29,0.0,基于机器学习算法的黑色系期货价格预测_郭梓晗.pdf,P0015,live_normal,K5a3b1a850e68e1179ffaab8a8182196b1d087696ef52257a0a6ffad347030b14,2,complete,0.0,0,0,0,0,507c2b9c-bb25-46f3-a9c0-567a428df4ce,2026-10-02T10:18:45.884051+00:00,True
normal_21_030,test,normal_21,21,30,0.0,信息熵在机器学习算法中的运用_张璐瑶.pdf,P0012,live_normal,K9455b6d7518a5c36d827b4348e81a09fdcc5e5fe003e877bc05bb7eb138eca2f,2,complete,0.0,0,0,0,0,bef4a866-aeba-4c28-82a6-53bec5c52b46,2026-10-02T10:18:46.862708+00:00,True
normal_21_031,test,normal_21,21,31,0.0,气候金融背景下的气温衍生品定价研究——基于机器学习算法_杨刚.pdf,P0004,live_normal,K9270f70913c0acef9bfc8848ba83f8d9b692f8ab4f838c7fb64aaa248fe849fb,2,complete,0.0,0,0,0,0,3c6326bf-73e0-4b02-af0a-89150d323252,2026-10-02T10:18:47.849276+00:00,True
normal_21_032,test,normal_21,21,32,0.0,信息熵在机器学习算法中的运用_张璐瑶.pdf,P0012,live_normal,K9455b6d7518a5c36d827b4348e81a09fdcc5e5fe003e877bc05bb7eb138eca2f,2,complete,0.0,0,0,0,0,c7f54c7e-958d-4093-9e5a-f6b00825899a,2026-10-02T10:18:48.327564+00:00,True
normal_21_033,test,normal_21,21,33,0.0,基于机器学习算法的黑色系期货价格预测_郭梓晗.pdf,P0015,live_normal,K5a3b1a850e68e1179ffaab8a8182196b1d087696ef52257a0a6ffad347030b14,2,complete,0.0,0,0,0,0,882f735f-f61b-468b-b8c9-435429aaf4ea,2026-10-02T10:18:48.925044+00:00,True
normal_21_034,test,normal_21,21,34,0.0,气候金融背景下的气温衍生品定价研究——基于机器学习算法_杨刚.pdf,P0004,live_normal,K9270f70913c0acef9bfc8848ba83f8d9b692f8ab4f838c7fb64aaa248fe849fb,2,complete,0.0,0,0,0,0,22c08326-e9a9-43ea-8bac-2b364d56ffa5,2026-10-02T10:18:49.448920+00:00,True
normal_21_035,test,normal_21,21,35,0.0,基于机器学习和新闻文本的原油期货资产配置研究_钟浩.pdf,P0010,live_normal,Keff678b299227ecddcbf4d17f7660b95ad60c101672d17ba7b273738c73df3c0,2,complete,0.0,0,0,0,0,9592d7e8-3ef2-4fe2-8695-56ffbd2e62b5,2026-10-02T10:18:50.176909+00:00,True
normal_21_036,test,normal_21,21,36,0.0,气候金融背景下的气温衍生品定价研究——基于机器学习算法_杨刚.pdf,P0004,live_normal,K9270f70913c0acef9bfc8848ba83f8d9b692f8ab4f838c7fb64aaa248fe849fb,2,complete,0.0,0,0,0,0,3c6367c5-4bc3-46e9-8409-fa68dbfdb0b5,2026-10-02T10:18:51.109074+00:00,True
normal_21_037,test,normal_21,21,37,0.0,信息熵在机器学习算法中的运用_张璐瑶.pdf,P0012,live_normal,K9455b6d7518a5c36d827b4348e81a09fdcc5e5fe003e877bc05bb7eb138eca2f,2,complete,0.0,0,0,0,0,8061d155-4414-4380-abff-fd15c0e22cd4,2026-10-02T10:18:51.732175+00:00,True
normal_21_038,test,normal_21,21,38,0.0,信息熵在机器学习算法中的运用_张璐瑶.pdf,P0012,live_normal,K9455b6d7518a5c36d827b4348e81a09fdcc5e5fe003e877bc05bb7eb138eca2f,2,complete,0.0,0,0,0,0,f27bc999-83fe-454b-b79b-e1afddf78784,2026-10-02T10:18:52.376108+00:00,True
normal_21_039,test,normal_21,21,39,0.0,基于机器学习和新闻文本的原油期货资产配置研究_钟浩.pdf,P0010,live_normal,Keff678b299227ecddcbf4d17f7660b95ad60c101672d17ba7b273738c73df3c0,2,complete,0.0,0,0,0,0,0faec074-d8ab-4c45-b47a-10770e180cad,2026-10-02T10:18:53.279149+00:00,True
normal_21_040,test,normal_21,21,40,0.0,气候金融背景下的气温衍生品定价研究——基于机器学习算法_杨刚.pdf,P0005,live_normal,K49cf5919474d41c8f7083ab6cb64a02560857ee3d54409accfc8538f21abb419,2,complete,0.0,0,0,0,0,73c1b928-62dd-4a1d-ba27-44b13a8549e0,2026-10-02T10:18:54.217502+00:00,True
normal_22_001,test,normal_22,22,1,0.0,基于机器学习算法的黑色系期货价格预测_郭梓晗.pdf,P0015,live_normal,K5a3b1a850e68e1179ffaab8a8182196b1d087696ef52257a0a6ffad347030b14,2,complete,0.0,0,0,0,0,7703fd30-507b-4f91-bae4-c5079e0d730f,2026-10-02T10:19:06.320552+00:00,True
normal_22_002,test,normal_22,22,2,0.0,基于机器学习算法的黑色系期货价格预测_郭梓晗.pdf,P0015,live_normal,K5a3b1a850e68e1179ffaab8a8182196b1d087696ef52257a0a6ffad347030b14,2,complete,0.0,0,0,0,0,5571871f-0516-43bd-bfb2-bbc99509b608,2026-10-02T10:19:07.173569+00:00,True
normal_22_003,test,normal_22,22,3,0.0,基于机器学习算法的黑色系期货价格预测_郭梓晗.pdf,P0015,live_normal,K02bb1dc42b9bf68b5351b568c548ebc99723d1e35095ee7c9bf1c7a874a360ed,2,complete,0.0,0,0,0,0,9c4b3ee9-e9cb-434c-81bd-64ca0c30f514,2026-10-02T10:19:07.653473+00:00,True
normal_22_004,test,normal_22,22,4,0.0,气候金融背景下的气温衍生品定价研究——基于机器学习算法_杨刚.pdf,P0005,live_normal,K49cf5919474d41c8f7083ab6cb64a02560857ee3d54409accfc8538f21abb419,2,complete,0.0,0,0,0,0,055cea44-9876-4554-87f3-903ef1c35b47,2026-10-02T10:19:08.338100+00:00,True
normal_22_005,test,normal_22,22,5,0.0,信息熵在机器学习算法中的运用_张璐瑶.pdf,P0012,live_normal,K9455b6d7518a5c36d827b4348e81a09fdcc5e5fe003e877bc05bb7eb138eca2f,2,complete,0.0,0,0,0,0,5cace190-bdfc-4838-a318-2d9aa23aaaed,2026-10-02T10:19:08.846982+00:00,True
normal_22_006,test,normal_22,22,6,0.0,基于机器学习算法的黑色系期货价格预测_郭梓晗.pdf,P0015,live_normal,K5a3b1a850e68e1179ffaab8a8182196b1d087696ef52257a0a6ffad347030b14,2,complete,0.0,0,0,0,0,316940f7-7b8c-4bc7-8293-069daea5c6aa,2026-10-02T10:19:09.613276+00:00,True
normal_22_007,test,normal_22,22,7,0.0,基于机器学习算法的黑色系期货价格预测_郭梓晗.pdf,P0015,live_normal,K02bb1dc42b9bf68b5351b568c548ebc99723d1e35095ee7c9bf1c7a874a360ed,2,complete,0.0,0,0,0,0,c5fd4d7a-6e04-49f6-83f4-11398db10b9c,2026-10-02T10:19:10.209836+00:00,True
normal_22_008,test,normal_22,22,8,0.0,基于机器学习算法的黑色系期货价格预测_郭梓晗.pdf,P0015,live_normal,K5a3b1a850e68e1179ffaab8a8182196b1d087696ef52257a0a6ffad347030b14,2,complete,0.0,0,0,0,0,7519ccb6-c77c-444c-885a-05938a1ce070,2026-10-02T10:19:10.634400+00:00,True
normal_22_009,test,normal_22,22,9,0.0,气候金融背景下的气温衍生品定价研究——基于机器学习算法_杨刚.pdf,P0005,live_normal,K49cf5919474d41c8f7083ab6cb64a02560857ee3d54409accfc8538f21abb419,2,complete,0.0,0,0,0,0,c71ef0d6-7e29-41b5-9455-831428aaed0b,2026-10-02T10:19:11.152187+00:00,True
normal_22_010,test,normal_22,22,10,0.0,基于机器学习和新闻文本的原油期货资产配置研究_钟浩.pdf,P0010,live_normal,Keff678b299227ecddcbf4d17f7660b95ad60c101672d17ba7b273738c73df3c0,2,complete,0.0,0,0,0,0,38e94580-6a99-4c52-a8f5-0a8991b27219,2026-10-02T10:19:12.145996+00:00,True
normal_22_011,test,normal_22,22,11,0.0,信息熵在机器学习算法中的运用_张璐瑶.pdf,P0012,live_normal,K9455b6d7518a5c36d827b4348e81a09fdcc5e5fe003e877bc05bb7eb138eca2f,2,complete,0.0,0,0,0,0,08016698-1285-4220-9856-88def2922f47,2026-10-02T10:19:13.060786+00:00,True
normal_22_012,test,normal_22,22,12,0.0,基于机器学习和新闻文本的原油期货资产配置研究_钟浩.pdf,P0010,live_normal,Keff678b299227ecddcbf4d17f7660b95ad60c101672d17ba7b273738c73df3c0,2,complete,0.0,0,0,0,0,3aa390c3-e851-4282-9a4d-27ec21825cf5,2026-10-02T10:19:13.838274+00:00,True
normal_22_013,test,normal_22,22,13,0.0,信息熵在机器学习算法中的运用_张璐瑶.pdf,P0012,live_normal,K9455b6d7518a5c36d827b4348e81a09fdcc5e5fe003e877bc05bb7eb138eca2f,2,complete,0.0,0,0,0,0,579f76e1-cf46-41bb-949b-a87e3541e8ad,2026-10-02T10:19:14.258780+00:00,True
normal_22_014,test,normal_22,22,14,0.0,气候金融背景下的气温衍生品定价研究——基于机器学习算法_杨刚.pdf,P0005,live_normal,K49cf5919474d41c8f7083ab6cb64a02560857ee3d54409accfc8538f21abb419,2,complete,0.0,0,0,0,0,fe2c4f8f-89e8-46d6-b858-b85f97cddf4f,2026-10-02T10:19:14.916225+00:00,True
normal_22_015,test,normal_22,22,15,0.0,基于机器学习和新闻文本的原油期货资产配置研究_钟浩.pdf,P0010,live_normal,Keff678b299227ecddcbf4d17f7660b95ad60c101672d17ba7b273738c73df3c0,2,complete,0.0,0,0,0,0,d88ec80c-9e53-40bb-ba2d-aa101102eac1,2026-10-02T10:19:15.854041+00:00,True
normal_22_016,test,normal_22,22,16,0.0,基于机器学习和新闻文本的原油期货资产配置研究_钟浩.pdf,P0010,live_normal,Keff678b299227ecddcbf4d17f7660b95ad60c101672d17ba7b273738c73df3c0,2,complete,0.0,0,0,0,0,4499d746-220b-4d64-9c71-5d76941b3e91,2026-10-02T10:19:16.713118+00:00,True
normal_22_017,test,normal_22,22,17,0.0,气候金融背景下的气温衍生品定价研究——基于机器学习算法_杨刚.pdf,P0004,live_normal,K9270f70913c0acef9bfc8848ba83f8d9b692f8ab4f838c7fb64aaa248fe849fb,2,complete,0.0,0,0,0,0,6ac60c91-33af-420f-b1a3-15def09a6319,2026-10-02T10:19:17.099472+00:00,True
normal_22_018,test,normal_22,22,18,0.0,气候金融背景下的气温衍生品定价研究——基于机器学习算法_杨刚.pdf,P0005,live_normal,K49cf5919474d41c8f7083ab6cb64a02560857ee3d54409accfc8538f21abb419,2,complete,0.0,0,0,0,0,f3365aae-2f02-440d-8d23-32abe4e0090c,2026-10-02T10:19:17.579991+00:00,True
normal_22_019,test,normal_22,22,19,0.0,基于机器学习和新闻文本的原油期货资产配置研究_钟浩.pdf,P0010,live_normal,Keff678b299227ecddcbf4d17f7660b95ad60c101672d17ba7b273738c73df3c0,2,complete,0.0,0,0,0,0,e93dd044-2005-42cd-b9d9-6ca208e9c518,2026-10-02T10:19:18.288904+00:00,True
normal_22_020,test,normal_22,22,20,0.0,信息熵在机器学习算法中的运用_张璐瑶.pdf,P0012,live_normal,K9455b6d7518a5c36d827b4348e81a09fdcc5e5fe003e877bc05bb7eb138eca2f,2,complete,0.0,0,0,0,0,6a2c33ae-7f38-4017-8807-7c156479b038,2026-10-02T10:19:18.908525+00:00,True
normal_22_021,test,normal_22,22,21,0.0,基于机器学习和新闻文本的原油期货资产配置研究_钟浩.pdf,P0010,live_normal,Keff678b299227ecddcbf4d17f7660b95ad60c101672d17ba7b273738c73df3c0,2,complete,0.0,0,0,0,0,69eae0ab-0a6d-4a18-978f-7880410ff79c,2026-10-02T10:19:19.547314+00:00,True
normal_22_022,test,normal_22,22,22,0.0,信息熵在机器学习算法中的运用_张璐瑶.pdf,P0012,live_normal,K9455b6d7518a5c36d827b4348e81a09fdcc5e5fe003e877bc05bb7eb138eca2f,2,complete,0.0,0,0,0,0,87011560-b2db-43cb-afe7-b55ba43846d0,2026-10-02T10:19:20.415058+00:00,True
normal_22_023,test,normal_22,22,23,0.0,基于机器学习和新闻文本的原油期货资产配置研究_钟浩.pdf,P0010,live_normal,Keff678b299227ecddcbf4d17f7660b95ad60c101672d17ba7b273738c73df3c0,2,complete,0.0,0,0,0,0,5de34440-79a4-4285-994f-5f3e43bdd710,2026-10-02T10:19:21.139417+00:00,True
normal_22_024,test,normal_22,22,24,0.0,气候金融背景下的气温衍生品定价研究——基于机器学习算法_杨刚.pdf,P0004,live_normal,K9270f70913c0acef9bfc8848ba83f8d9b692f8ab4f838c7fb64aaa248fe849fb,2,complete,0.0,0,0,0,0,ce91d695-95c7-41a7-ad90-112175b839a1,2026-10-02T10:19:21.688375+00:00,True
normal_22_025,test,normal_22,22,25,0.0,基于机器学习和新闻文本的原油期货资产配置研究_钟浩.pdf,P0010,live_normal,Keff678b299227ecddcbf4d17f7660b95ad60c101672d17ba7b273738c73df3c0,2,complete,0.0,0,0,0,0,36621b42-8d1d-411c-800c-397345c4a028,2026-10-02T10:19:22.389203+00:00,True
normal_22_026,test,normal_22,22,26,0.0,基于机器学习算法的黑色系期货价格预测_郭梓晗.pdf,P0015,live_normal,K5a3b1a850e68e1179ffaab8a8182196b1d087696ef52257a0a6ffad347030b14,2,complete,0.0,0,0,0,0,8aa74afd-fcce-4daf-af8d-63b03e10f4bf,2026-10-02T10:19:23.252361+00:00,True
normal_22_027,test,normal_22,22,27,0.0,信息熵在机器学习算法中的运用_张璐瑶.pdf,P0012,live_normal,K9455b6d7518a5c36d827b4348e81a09fdcc5e5fe003e877bc05bb7eb138eca2f,2,complete,0.0,0,0,0,0,763c6c16-897d-499d-9f69-5a69e5bcfb91,2026-10-02T10:19:24.186523+00:00,True
normal_22_028,test,normal_22,22,28,0.0,信息熵在机器学习算法中的运用_张璐瑶.pdf,P0012,live_normal,K9455b6d7518a5c36d827b4348e81a09fdcc5e5fe003e877bc05bb7eb138eca2f,2,complete,0.0,0,0,0,0,d0cd366f-df60-4053-a770-972954e0af2d,2026-10-02T10:19:25.147960+00:00,True
normal_22_029,test,normal_22,22,29,0.0,基于机器学习和新闻文本的原油期货资产配置研究_钟浩.pdf,P0010,live_normal,Keff678b299227ecddcbf4d17f7660b95ad60c101672d17ba7b273738c73df3c0,2,complete,0.0,0,0,0,0,726a3865-35f5-4c85-9e52-3797010f0941,2026-10-02T10:19:25.731173+00:00,True
normal_22_030,test,normal_22,22,30,0.0,基于机器学习和新闻文本的原油期货资产配置研究_钟浩.pdf,P0010,live_normal,Keff678b299227ecddcbf4d17f7660b95ad60c101672d17ba7b273738c73df3c0,2,complete,0.0,0,0,0,0,c44b79e7-4a92-4765-939f-6473670b3b24,2026-10-02T10:19:26.738576+00:00,True
normal_22_031,test,normal_22,22,31,0.0,信息熵在机器学习算法中的运用_张璐瑶.pdf,P0012,live_normal,K9455b6d7518a5c36d827b4348e81a09fdcc5e5fe003e877bc05bb7eb138eca2f,2,complete,0.0,0,0,0,0,9cee61e2-807d-45eb-b37a-dafbfaf55782,2026-10-02T10:19:27.602551+00:00,True
normal_22_032,test,normal_22,22,32,0.0,信息熵在机器学习算法中的运用_张璐瑶.pdf,P0012,live_normal,K9455b6d7518a5c36d827b4348e81a09fdcc5e5fe003e877bc05bb7eb138eca2f,2,complete,0.0,0,0,0,0,e85e3607-de91-4acc-b53c-af4b1d5a6cdd,2026-10-02T10:19:28.242724+00:00,True
normal_22_033,test,normal_22,22,33,0.0,气候金融背景下的气温衍生品定价研究——基于机器学习算法_杨刚.pdf,P0004,live_normal,K9270f70913c0acef9bfc8848ba83f8d9b692f8ab4f838c7fb64aaa248fe849fb,2,complete,0.0,0,0,0,0,36cfb7dd-f055-4314-a13a-0a43a4cacded,2026-10-02T10:19:28.895190+00:00,True
normal_22_034,test,normal_22,22,34,0.0,信息熵在机器学习算法中的运用_张璐瑶.pdf,P0012,live_normal,K9455b6d7518a5c36d827b4348e81a09fdcc5e5fe003e877bc05bb7eb138eca2f,2,complete,0.0,0,0,0,0,3d570b56-b785-42b5-9a42-fd761bcc08b8,2026-10-02T10:19:29.833860+00:00,True
normal_22_035,test,normal_22,22,35,0.0,基于机器学习算法的黑色系期货价格预测_郭梓晗.pdf,P0015,live_normal,K5a3b1a850e68e1179ffaab8a8182196b1d087696ef52257a0a6ffad347030b14,2,complete,0.0,0,0,0,0,7e37cede-d396-41cd-b9f7-50270a893537,2026-10-02T10:19:30.393374+00:00,True
normal_22_036,test,normal_22,22,36,0.0,信息熵在机器学习算法中的运用_张璐瑶.pdf,P0012,live_normal,K9455b6d7518a5c36d827b4348e81a09fdcc5e5fe003e877bc05bb7eb138eca2f,2,complete,0.0,0,0,0,0,520ed0f8-6849-4b3c-b2a7-394b4699466a,2026-10-02T10:19:30.957677+00:00,True
normal_22_037,test,normal_22,22,37,0.0,基于机器学习算法的黑色系期货价格预测_郭梓晗.pdf,P0015,live_normal,K5a3b1a850e68e1179ffaab8a8182196b1d087696ef52257a0a6ffad347030b14,2,complete,0.0,0,0,0,0,185a2c80-a645-41b4-83b0-2d0b104e846b,2026-10-02T10:19:31.819870+00:00,True
normal_22_038,test,normal_22,22,38,0.0,信息熵在机器学习算法中的运用_张璐瑶.pdf,P0012,live_normal,K9455b6d7518a5c36d827b4348e81a09fdcc5e5fe003e877bc05bb7eb138eca2f,2,complete,0.0,0,0,0,0,1a38989a-b53a-410e-bcad-1051ed1ce2c5,2026-10-02T10:19:32.385686+00:00,True
normal_22_039,test,normal_22,22,39,0.0,信息熵在机器学习算法中的运用_张璐瑶.pdf,P0012,live_normal,K9455b6d7518a5c36d827b4348e81a09fdcc5e5fe003e877bc05bb7eb138eca2f,2,complete,0.0,0,0,0,0,da8bb791-e61f-46f4-8963-fdd6634b0c32,2026-10-02T10:19:33.358544+00:00,True
normal_22_040,test,normal_22,22,40,0.0,基于机器学习算法的黑色系期货价格预测_郭梓晗.pdf,P0015,live_normal,K5a3b1a850e68e1179ffaab8a8182196b1d087696ef52257a0a6ffad347030b14,2,complete,0.0,0,0,0,0,09e1d3d6-9298-4418-bbc7-ced2f8faae05,2026-10-02T10:19:33.799900+00:00,True
normal_23_001,test,normal_23,23,1,0.0,基于机器学习算法的黑色系期货价格预测_郭梓晗.pdf,P0015,live_normal,K5a3b1a850e68e1179ffaab8a8182196b1d087696ef52257a0a6ffad347030b14,2,complete,0.0,0,0,0,0,37c580d7-7fec-4ed0-9c44-b9773f4fb242,2026-10-02T10:19:43.500193+00:00,True
normal_23_002,test,normal_23,23,2,0.0,气候金融背景下的气温衍生品定价研究——基于机器学习算法_杨刚.pdf,P0004,live_normal,K9270f70913c0acef9bfc8848ba83f8d9b692f8ab4f838c7fb64aaa248fe849fb,2,complete,0.0,0,0,0,0,75d5ba79-d963-4abb-b3b7-a2605cb2bcc7,2026-10-02T10:19:43.959426+00:00,True
normal_23_003,test,normal_23,23,3,0.0,信息熵在机器学习算法中的运用_张璐瑶.pdf,P0012,live_normal,K9455b6d7518a5c36d827b4348e81a09fdcc5e5fe003e877bc05bb7eb138eca2f,2,complete,0.0,0,0,0,0,a9cbc5f8-cc0e-464f-8eb8-5310a4803c99,2026-10-02T10:19:44.845552+00:00,True
normal_23_004,test,normal_23,23,4,0.0,气候金融背景下的气温衍生品定价研究——基于机器学习算法_杨刚.pdf,P0004,live_normal,K9270f70913c0acef9bfc8848ba83f8d9b692f8ab4f838c7fb64aaa248fe849fb,2,complete,0.0,0,0,0,0,6cd80859-24e1-4a9c-9f60-f84bab281b0a,2026-10-02T10:19:45.969532+00:00,True
normal_23_005,test,normal_23,23,5,0.0,基于机器学习算法的黑色系期货价格预测_郭梓晗.pdf,P0015,live_normal,K5a3b1a850e68e1179ffaab8a8182196b1d087696ef52257a0a6ffad347030b14,2,complete,0.0,0,0,0,0,f1393e2e-1578-42d3-a7b3-73d380ea9667,2026-10-02T10:19:46.687823+00:00,True
normal_23_006,test,normal_23,23,6,0.0,基于机器学习和新闻文本的原油期货资产配置研究_钟浩.pdf,P0010,live_normal,Keff678b299227ecddcbf4d17f7660b95ad60c101672d17ba7b273738c73df3c0,2,complete,0.0,0,0,0,0,12f7abac-70f0-4b37-a823-151a95dc3eb1,2026-10-02T10:19:47.714921+00:00,True
normal_23_007,test,normal_23,23,7,0.0,基于机器学习算法的黑色系期货价格预测_郭梓晗.pdf,P0015,live_normal,K5a3b1a850e68e1179ffaab8a8182196b1d087696ef52257a0a6ffad347030b14,2,complete,0.0,0,0,0,0,340c723c-f31f-40c5-965f-eed241556597,2026-10-02T10:19:48.375420+00:00,True
normal_23_008,test,normal_23,23,8,0.0,基于机器学习和新闻文本的原油期货资产配置研究_钟浩.pdf,P0010,live_normal,Keff678b299227ecddcbf4d17f7660b95ad60c101672d17ba7b273738c73df3c0,2,complete,0.0,0,0,0,0,33dcdef2-3067-4ee2-baf3-c5bfbaa3346f,2026-10-02T10:19:49.188392+00:00,True
normal_23_009,test,normal_23,23,9,0.0,气候金融背景下的气温衍生品定价研究——基于机器学习算法_杨刚.pdf,P0005,live_normal,K49cf5919474d41c8f7083ab6cb64a02560857ee3d54409accfc8538f21abb419,2,complete,0.0,0,0,0,0,fcb7f1e3-8c85-45fc-b2aa-de013afc87fd,2026-10-02T10:19:49.949299+00:00,True
normal_23_010,test,normal_23,23,10,0.0,信息熵在机器学习算法中的运用_张璐瑶.pdf,P0012,live_normal,K9455b6d7518a5c36d827b4348e81a09fdcc5e5fe003e877bc05bb7eb138eca2f,2,complete,0.0,0,0,0,0,c964b7dd-3e94-404c-8ec0-8ae2ae3bc9a9,2026-10-02T10:19:50.773603+00:00,True
normal_23_011,test,normal_23,23,11,0.0,基于机器学习算法的黑色系期货价格预测_郭梓晗.pdf,P0015,live_normal,K5a3b1a850e68e1179ffaab8a8182196b1d087696ef52257a0a6ffad347030b14,2,complete,0.0,0,0,0,0,f87b84aa-a2a2-4dc6-b4b0-ca27e89ad165,2026-10-02T10:19:51.182362+00:00,True
normal_23_012,test,normal_23,23,12,0.0,基于机器学习算法的黑色系期货价格预测_郭梓晗.pdf,P0015,live_normal,K5a3b1a850e68e1179ffaab8a8182196b1d087696ef52257a0a6ffad347030b14,2,complete,0.0,0,0,0,0,2e5a89dd-512a-4545-9fb8-ebf8fc586d85,2026-10-02T10:19:51.659775+00:00,True
normal_23_013,test,normal_23,23,13,0.0,基于机器学习和新闻文本的原油期货资产配置研究_钟浩.pdf,P0010,live_normal,Keff678b299227ecddcbf4d17f7660b95ad60c101672d17ba7b273738c73df3c0,2,complete,0.0,0,0,0,0,4b1688ae-f8c8-48bb-ac0a-60f5873b1b5b,2026-10-02T10:19:52.515929+00:00,True
normal_23_014,test,normal_23,23,14,0.0,基于机器学习算法的黑色系期货价格预测_郭梓晗.pdf,P0015,live_normal,K5a3b1a850e68e1179ffaab8a8182196b1d087696ef52257a0a6ffad347030b14,2,complete,0.0,0,0,0,0,910a069f-62f0-4b31-8bcd-55f2af216924,2026-10-02T10:19:53.163411+00:00,True
normal_23_015,test,normal_23,23,15,0.0,基于机器学习算法的黑色系期货价格预测_郭梓晗.pdf,P0015,live_normal,K5a3b1a850e68e1179ffaab8a8182196b1d087696ef52257a0a6ffad347030b14,2,complete,0.0,0,0,0,0,39584ac6-53c3-4b1a-8d86-0d9f86388db4,2026-10-02T10:19:53.619135+00:00,True
normal_23_016,test,normal_23,23,16,0.0,基于机器学习和新闻文本的原油期货资产配置研究_钟浩.pdf,P0010,live_normal,Keff678b299227ecddcbf4d17f7660b95ad60c101672d17ba7b273738c73df3c0,2,complete,0.0,0,0,0,0,5fd6e7c9-630a-4fcb-b74c-1355c19e9e66,2026-10-02T10:19:54.596650+00:00,True
normal_23_017,test,normal_23,23,17,0.0,信息熵在机器学习算法中的运用_张璐瑶.pdf,P0012,live_normal,K9455b6d7518a5c36d827b4348e81a09fdcc5e5fe003e877bc05bb7eb138eca2f,2,complete,0.0,0,0,0,0,1e466551-14ed-47e7-ba34-134a5baf8606,2026-10-02T10:19:55.075945+00:00,True
normal_23_018,test,normal_23,23,18,0.0,基于机器学习算法的黑色系期货价格预测_郭梓晗.pdf,P0015,live_normal,K5a3b1a850e68e1179ffaab8a8182196b1d087696ef52257a0a6ffad347030b14,2,complete,0.0,0,0,0,0,335c90f9-c27b-425b-a483-9ddd1397c45f,2026-10-02T10:19:55.684610+00:00,True
normal_23_019,test,normal_23,23,19,0.0,气候金融背景下的气温衍生品定价研究——基于机器学习算法_杨刚.pdf,P0004,live_normal,K9270f70913c0acef9bfc8848ba83f8d9b692f8ab4f838c7fb64aaa248fe849fb,2,complete,0.0,0,0,0,0,790ad737-8ef9-45c5-8759-91c964ce7d87,2026-10-02T10:19:56.627367+00:00,True
normal_23_020,test,normal_23,23,20,0.0,气候金融背景下的气温衍生品定价研究——基于机器学习算法_杨刚.pdf,P0005,live_normal,K49cf5919474d41c8f7083ab6cb64a02560857ee3d54409accfc8538f21abb419,2,complete,0.0,0,0,0,0,8a5a592e-50b0-471c-ae32-30173869bf86,2026-10-02T10:19:57.680136+00:00,True
normal_23_021,test,normal_23,23,21,0.0,气候金融背景下的气温衍生品定价研究——基于机器学习算法_杨刚.pdf,P0005,live_normal,K49cf5919474d41c8f7083ab6cb64a02560857ee3d54409accfc8538f21abb419,2,complete,0.0,0,0,0,0,19cddd7a-25bc-440d-8f1b-714dcdea93cc,2026-10-02T10:19:58.219644+00:00,True
normal_23_022,test,normal_23,23,22,0.0,信息熵在机器学习算法中的运用_张璐瑶.pdf,P0012,live_normal,K34dc8820e765d3534375f2460a6d278ec57178d27431e3618017ef7629050ef1,2,complete,0.0,0,0,0,0,b72fd61b-eb3c-4bc8-a521-a2ccb44f7ed3,2026-10-02T10:19:58.682873+00:00,True
normal_23_023,test,normal_23,23,23,0.0,基于机器学习和新闻文本的原油期货资产配置研究_钟浩.pdf,P0010,live_normal,Keff678b299227ecddcbf4d17f7660b95ad60c101672d17ba7b273738c73df3c0,2,complete,0.0,0,0,0,0,b9146a52-421b-446e-893e-fa420e09d9a0,2026-10-02T10:19:59.362390+00:00,True
normal_23_024,test,normal_23,23,24,0.0,基于机器学习算法的黑色系期货价格预测_郭梓晗.pdf,P0015,live_normal,K5a3b1a850e68e1179ffaab8a8182196b1d087696ef52257a0a6ffad347030b14,2,complete,0.0,0,0,0,0,fa5d5990-a6f2-4ffe-a62f-bc0b10beb7bb,2026-10-02T10:20:00.154516+00:00,True
normal_23_025,test,normal_23,23,25,0.0,气候金融背景下的气温衍生品定价研究——基于机器学习算法_杨刚.pdf,P0005,live_normal,Kbfdab773da60ebdd27ba5b72574a8bc24ec7bf9435854b399c71944f4b6c229a,2,complete,0.0,0,0,0,0,79886c00-a61e-4c6c-b61a-5a1665ad46fa,2026-10-02T10:20:00.764609+00:00,True
normal_23_026,test,normal_23,23,26,0.0,信息熵在机器学习算法中的运用_张璐瑶.pdf,P0012,live_normal,K9455b6d7518a5c36d827b4348e81a09fdcc5e5fe003e877bc05bb7eb138eca2f,2,complete,0.0,0,0,0,0,4e68b407-b962-4365-87cb-35d60d787e18,2026-10-02T10:20:01.687271+00:00,True
normal_23_027,test,normal_23,23,27,0.0,信息熵在机器学习算法中的运用_张璐瑶.pdf,P0012,live_normal,K9455b6d7518a5c36d827b4348e81a09fdcc5e5fe003e877bc05bb7eb138eca2f,2,complete,0.0,0,0,0,0,b498c178-73a4-4e17-8602-eda31d30b8d4,2026-10-02T10:20:02.494230+00:00,True
normal_23_028,test,normal_23,23,28,0.0,气候金融背景下的气温衍生品定价研究——基于机器学习算法_杨刚.pdf,P0005,live_normal,K49cf5919474d41c8f7083ab6cb64a02560857ee3d54409accfc8538f21abb419,2,complete,0.0,0,0,0,0,0237e50c-fcb1-4af0-9fff-abd8a1e88b32,2026-10-02T10:20:03.135916+00:00,True
normal_23_029,test,normal_23,23,29,0.0,基于机器学习算法的黑色系期货价格预测_郭梓晗.pdf,P0015,live_normal,K5a3b1a850e68e1179ffaab8a8182196b1d087696ef52257a0a6ffad347030b14,2,complete,0.0,0,0,0,0,4ad19cf2-4c12-4759-8856-5acbe43048ae,2026-10-02T10:20:03.681811+00:00,True
normal_23_030,test,normal_23,23,30,0.0,基于机器学习算法的黑色系期货价格预测_郭梓晗.pdf,P0015,live_normal,K5a3b1a850e68e1179ffaab8a8182196b1d087696ef52257a0a6ffad347030b14,2,complete,0.0,0,0,0,0,374296f9-32f1-4aa5-a724-7ce85e73eb5d,2026-10-02T10:20:04.491817+00:00,True
normal_23_031,test,normal_23,23,31,0.0,信息熵在机器学习算法中的运用_张璐瑶.pdf,P0012,live_normal,K9455b6d7518a5c36d827b4348e81a09fdcc5e5fe003e877bc05bb7eb138eca2f,2,complete,0.0,0,0,0,0,f4ac8b6d-7301-471d-a400-e1821bb2d5ba,2026-10-02T10:20:05.409586+00:00,True
normal_23_032,test,normal_23,23,32,0.0,气候金融背景下的气温衍生品定价研究——基于机器学习算法_杨刚.pdf,P0004,live_normal,K9270f70913c0acef9bfc8848ba83f8d9b692f8ab4f838c7fb64aaa248fe849fb,2,complete,0.0,0,0,0,0,5eb5aa0e-b8f3-4373-8d13-a106f6346d91,2026-10-02T10:20:06.206932+00:00,True
normal_23_033,test,normal_23,23,33,0.0,信息熵在机器学习算法中的运用_张璐瑶.pdf,P0012,live_normal,K9455b6d7518a5c36d827b4348e81a09fdcc5e5fe003e877bc05bb7eb138eca2f,2,complete,0.0,0,0,0,0,b7d857e7-ccbe-4f29-924d-d27f45ed1ea5,2026-10-02T10:20:07.235226+00:00,True
normal_23_034,test,normal_23,23,34,0.0,气候金融背景下的气温衍生品定价研究——基于机器学习算法_杨刚.pdf,P0004,live_normal,K9270f70913c0acef9bfc8848ba83f8d9b692f8ab4f838c7fb64aaa248fe849fb,2,complete,0.0,0,0,0,0,8f84209c-a4ab-4161-b8e1-638e027d3e2c,2026-10-02T10:20:08.149461+00:00,True
normal_23_035,test,normal_23,23,35,0.0,气候金融背景下的气温衍生品定价研究——基于机器学习算法_杨刚.pdf,P0005,live_normal,K49cf5919474d41c8f7083ab6cb64a02560857ee3d54409accfc8538f21abb419,2,complete,0.0,0,0,0,0,0856e706-977e-421a-b1cf-06469f2d7727,2026-10-02T10:20:08.676339+00:00,True
normal_23_036,test,normal_23,23,36,0.0,基于机器学习算法的黑色系期货价格预测_郭梓晗.pdf,P0015,live_normal,K5a3b1a850e68e1179ffaab8a8182196b1d087696ef52257a0a6ffad347030b14,2,complete,0.0,0,0,0,0,f2382a45-284a-4759-9140-0a37cf38666d,2026-10-02T10:20:09.442523+00:00,True
normal_23_037,test,normal_23,23,37,0.0,信息熵在机器学习算法中的运用_张璐瑶.pdf,P0012,live_normal,K9455b6d7518a5c36d827b4348e81a09fdcc5e5fe003e877bc05bb7eb138eca2f,2,complete,0.0,0,0,0,0,61901ca9-99b5-497a-9158-faa963267afd,2026-10-02T10:20:10.089954+00:00,True
normal_23_038,test,normal_23,23,38,0.0,气候金融背景下的气温衍生品定价研究——基于机器学习算法_杨刚.pdf,P0004,live_normal,K9270f70913c0acef9bfc8848ba83f8d9b692f8ab4f838c7fb64aaa248fe849fb,2,complete,0.0,0,0,0,0,5b2cc93d-bad1-4272-99a8-b3a4f450ef0c,2026-10-02T10:20:10.985200+00:00,True
normal_23_039,test,normal_23,23,39,0.0,气候金融背景下的气温衍生品定价研究——基于机器学习算法_杨刚.pdf,P0005,live_normal,Kf3ea2a47d88a646e6f2b6eb9185ca4261c1ea08aacbe7bea23189551f42130a6,2,complete,0.0,0,0,0,0,f4d7f226-82ea-4138-8b0d-19bb25d0e700,2026-10-02T10:20:11.628517+00:00,True
normal_23_040,test,normal_23,23,40,0.0,基于机器学习和新闻文本的原油期货资产配置研究_钟浩.pdf,P0010,live_normal,Keff678b299227ecddcbf4d17f7660b95ad60c101672d17ba7b273738c73df3c0,2,complete,0.0,0,0,0,0,d47d532b-c08a-40ac-b882-cb91d9331b96,2026-10-02T10:20:12.428953+00:00,True
normal_24_001,test,normal_24,24,1,0.0,基于机器学习和新闻文本的原油期货资产配置研究_钟浩.pdf,P0010,live_normal,Keff678b299227ecddcbf4d17f7660b95ad60c101672d17ba7b273738c73df3c0,2,complete,0.0,0,0,0,0,ffea42e3-7cd9-4ea1-b819-d0919850fe7e,2026-10-02T10:14:46.508223+00:00,True
normal_24_002,test,normal_24,24,2,0.0,基于机器学习算法的黑色系期货价格预测_郭梓晗.pdf,P0015,live_normal,K5a3b1a850e68e1179ffaab8a8182196b1d087696ef52257a0a6ffad347030b14,2,complete,0.0,0,0,0,0,c2016ef3-f6c6-4d30-b126-cf24752a1f2f,2026-10-02T10:14:47.082190+00:00,True
normal_24_003,test,normal_24,24,3,0.0,基于机器学习算法的黑色系期货价格预测_郭梓晗.pdf,P0015,live_normal,K5a3b1a850e68e1179ffaab8a8182196b1d087696ef52257a0a6ffad347030b14,2,complete,0.0,0,0,0,0,174f3347-38cf-4092-adc4-528789c8a481,2026-10-02T10:14:47.939895+00:00,True
normal_24_004,test,normal_24,24,4,0.0,信息熵在机器学习算法中的运用_张璐瑶.pdf,P0012,live_normal,K9455b6d7518a5c36d827b4348e81a09fdcc5e5fe003e877bc05bb7eb138eca2f,2,complete,0.0,0,0,0,0,3cee385d-956d-4988-94ba-6f26aac56ba2,2026-10-02T10:14:48.773438+00:00,True
normal_24_005,test,normal_24,24,5,0.0,基于机器学习算法的黑色系期货价格预测_郭梓晗.pdf,P0015,live_normal,K5a3b1a850e68e1179ffaab8a8182196b1d087696ef52257a0a6ffad347030b14,2,complete,0.0,0,0,0,0,54b98a9f-cfec-4108-a69f-22790897ee94,2026-10-02T10:14:49.344046+00:00,True
normal_24_006,test,normal_24,24,6,0.0,气候金融背景下的气温衍生品定价研究——基于机器学习算法_杨刚.pdf,P0004,live_normal,K9270f70913c0acef9bfc8848ba83f8d9b692f8ab4f838c7fb64aaa248fe849fb,2,complete,0.0,0,0,0,0,932c36b2-a9c8-4b43-b296-7172e54cc552,2026-10-02T10:14:49.796977+00:00,True
normal_24_007,test,normal_24,24,7,0.0,基于机器学习算法的黑色系期货价格预测_郭梓晗.pdf,P0015,live_normal,K5a3b1a850e68e1179ffaab8a8182196b1d087696ef52257a0a6ffad347030b14,2,complete,0.0,0,0,0,0,5e1c8d33-06ab-4eb0-a38b-5786f5af896e,2026-10-02T10:14:50.697774+00:00,True
normal_24_008,test,normal_24,24,8,0.0,气候金融背景下的气温衍生品定价研究——基于机器学习算法_杨刚.pdf,P0004,live_normal,K9270f70913c0acef9bfc8848ba83f8d9b692f8ab4f838c7fb64aaa248fe849fb,2,complete,0.0,0,0,0,0,1d0c3167-b13d-45a6-b804-7abf3b4093cd,2026-10-02T10:14:51.139489+00:00,True
normal_24_009,test,normal_24,24,9,0.0,气候金融背景下的气温衍生品定价研究——基于机器学习算法_杨刚.pdf,P0005,live_normal,K49cf5919474d41c8f7083ab6cb64a02560857ee3d54409accfc8538f21abb419,2,complete,0.0,0,0,0,0,f26634a8-8d5c-4f83-9302-b71860015657,2026-10-02T10:14:52.099037+00:00,True
normal_24_010,test,normal_24,24,10,0.0,气候金融背景下的气温衍生品定价研究——基于机器学习算法_杨刚.pdf,P0005,live_normal,Kf3ea2a47d88a646e6f2b6eb9185ca4261c1ea08aacbe7bea23189551f42130a6,2,complete,0.0,0,0,0,0,f749db6c-0253-4eee-a102-4766fe74dbfa,2026-10-02T10:14:52.627080+00:00,True
normal_24_011,test,normal_24,24,11,0.0,基于机器学习和新闻文本的原油期货资产配置研究_钟浩.pdf,P0010,live_normal,Keff678b299227ecddcbf4d17f7660b95ad60c101672d17ba7b273738c73df3c0,2,complete,0.0,0,0,0,0,1c7efd17-8fca-42f2-bfb5-c18106710086,2026-10-02T10:14:53.601183+00:00,True
normal_24_012,test,normal_24,24,12,0.0,气候金融背景下的气温衍生品定价研究——基于机器学习算法_杨刚.pdf,P0004,live_normal,K9270f70913c0acef9bfc8848ba83f8d9b692f8ab4f838c7fb64aaa248fe849fb,2,complete,0.0,0,0,0,0,c13f1140-2e2d-4cbf-8246-2da6fdf7cc00,2026-10-02T10:14:54.443665+00:00,True
normal_24_013,test,normal_24,24,13,0.0,基于机器学习和新闻文本的原油期货资产配置研究_钟浩.pdf,P0010,live_normal,Keff678b299227ecddcbf4d17f7660b95ad60c101672d17ba7b273738c73df3c0,2,complete,0.0,0,0,0,0,6524b7e7-f67a-42cf-a32a-f0f7e61b9bac,2026-10-02T10:14:55.361601+00:00,True
normal_24_014,test,normal_24,24,14,0.0,气候金融背景下的气温衍生品定价研究——基于机器学习算法_杨刚.pdf,P0004,live_normal,K9270f70913c0acef9bfc8848ba83f8d9b692f8ab4f838c7fb64aaa248fe849fb,2,complete,0.0,0,0,0,0,9c9edffd-bb8c-4c68-a5f9-8800bc5c8209,2026-10-02T10:14:56.072050+00:00,True
normal_24_015,test,normal_24,24,15,0.0,基于机器学习和新闻文本的原油期货资产配置研究_钟浩.pdf,P0010,live_normal,Keff678b299227ecddcbf4d17f7660b95ad60c101672d17ba7b273738c73df3c0,2,complete,0.0,0,0,0,0,f80925f0-fead-492d-ab22-2169c04b5d02,2026-10-02T10:14:56.993596+00:00,True
normal_24_016,test,normal_24,24,16,0.0,基于机器学习算法的黑色系期货价格预测_郭梓晗.pdf,P0015,live_normal,K5a3b1a850e68e1179ffaab8a8182196b1d087696ef52257a0a6ffad347030b14,2,complete,0.0,0,0,0,0,d89a399c-6b68-448d-bd60-af82fc2f04a9,2026-10-02T10:14:57.824280+00:00,True
normal_24_017,test,normal_24,24,17,0.0,信息熵在机器学习算法中的运用_张璐瑶.pdf,P0012,live_normal,K9455b6d7518a5c36d827b4348e81a09fdcc5e5fe003e877bc05bb7eb138eca2f,2,complete,0.0,0,0,0,0,c9a072d9-4194-4f01-a6d9-e285bddb3deb,2026-10-02T10:14:58.644190+00:00,True
normal_24_018,test,normal_24,24,18,0.0,气候金融背景下的气温衍生品定价研究——基于机器学习算法_杨刚.pdf,P0004,live_normal,K9270f70913c0acef9bfc8848ba83f8d9b692f8ab4f838c7fb64aaa248fe849fb,2,complete,0.0,0,0,0,0,04abb7fd-10c1-40a9-b7f3-854cbce74f6c,2026-10-02T10:14:59.575318+00:00,True
normal_24_019,test,normal_24,24,19,0.0,信息熵在机器学习算法中的运用_张璐瑶.pdf,P0012,live_normal,K9455b6d7518a5c36d827b4348e81a09fdcc5e5fe003e877bc05bb7eb138eca2f,2,complete,0.0,0,0,0,0,3acf799a-af51-4988-974d-fd1e4c8ceb3a,2026-10-02T10:15:00.436372+00:00,True
normal_24_020,test,normal_24,24,20,0.0,基于机器学习和新闻文本的原油期货资产配置研究_钟浩.pdf,P0010,live_normal,Keff678b299227ecddcbf4d17f7660b95ad60c101672d17ba7b273738c73df3c0,2,complete,0.0,0,0,0,0,b8452a6a-5b30-4628-a3c5-fde34fe0a854,2026-10-02T10:15:01.393755+00:00,True
normal_24_021,test,normal_24,24,21,0.0,基于机器学习算法的黑色系期货价格预测_郭梓晗.pdf,P0015,live_normal,K5a3b1a850e68e1179ffaab8a8182196b1d087696ef52257a0a6ffad347030b14,2,complete,0.0,0,0,0,0,a2b22ee8-59d6-4960-a646-dd363dc2ad77,2026-10-02T10:15:02.280226+00:00,True
normal_24_022,test,normal_24,24,22,0.0,气候金融背景下的气温衍生品定价研究——基于机器学习算法_杨刚.pdf,P0005,live_normal,K49cf5919474d41c8f7083ab6cb64a02560857ee3d54409accfc8538f21abb419,2,complete,0.0,0,0,0,0,36aceb18-6353-458f-9f5d-44679397ea3b,2026-10-02T10:15:03.405975+00:00,True
normal_24_023,test,normal_24,24,23,0.0,气候金融背景下的气温衍生品定价研究——基于机器学习算法_杨刚.pdf,P0005,live_normal,K49cf5919474d41c8f7083ab6cb64a02560857ee3d54409accfc8538f21abb419,2,complete,0.0,0,0,0,0,c3846949-1b5c-487e-bd65-d02d3f5c87b2,2026-10-02T10:15:04.363185+00:00,True
normal_24_024,test,normal_24,24,24,0.0,基于机器学习和新闻文本的原油期货资产配置研究_钟浩.pdf,P0010,live_normal,Keff678b299227ecddcbf4d17f7660b95ad60c101672d17ba7b273738c73df3c0,2,complete,0.0,0,0,0,0,08335639-d13c-4b32-b23b-e3aa076e324a,2026-10-02T10:15:05.262423+00:00,True
normal_24_025,test,normal_24,24,25,0.0,信息熵在机器学习算法中的运用_张璐瑶.pdf,P0012,live_normal,K9455b6d7518a5c36d827b4348e81a09fdcc5e5fe003e877bc05bb7eb138eca2f,2,complete,0.0,0,0,0,0,adec9e27-580c-48d3-a2af-bb1f160ea0b7,2026-10-02T10:15:05.600654+00:00,True
normal_24_026,test,normal_24,24,26,0.0,基于机器学习算法的黑色系期货价格预测_郭梓晗.pdf,P0015,live_normal,K5a3b1a850e68e1179ffaab8a8182196b1d087696ef52257a0a6ffad347030b14,2,complete,0.0,0,0,0,0,fafbc72f-4d5f-435b-a471-6905bf080528,2026-10-02T10:15:06.155103+00:00,True
normal_24_027,test,normal_24,24,27,0.0,基于机器学习算法的黑色系期货价格预测_郭梓晗.pdf,P0015,live_normal,K5a3b1a850e68e1179ffaab8a8182196b1d087696ef52257a0a6ffad347030b14,2,complete,0.0,0,0,0,0,03b7a89c-ed7d-4f05-9e53-707479ffd71a,2026-10-02T10:15:06.953950+00:00,True
normal_24_028,test,normal_24,24,28,0.0,气候金融背景下的气温衍生品定价研究——基于机器学习算法_杨刚.pdf,P0004,live_normal,K9270f70913c0acef9bfc8848ba83f8d9b692f8ab4f838c7fb64aaa248fe849fb,2,complete,0.0,0,0,0,0,e7ae361e-dd01-4fea-8386-de023a3f4d37,2026-10-02T10:15:07.657584+00:00,True
normal_24_029,test,normal_24,24,29,0.0,基于机器学习和新闻文本的原油期货资产配置研究_钟浩.pdf,P0010,live_normal,Keff678b299227ecddcbf4d17f7660b95ad60c101672d17ba7b273738c73df3c0,2,complete,0.0,0,0,0,0,2c2551d9-b783-418f-a728-77db0c9ca35d,2026-10-02T10:15:08.404168+00:00,True
normal_24_030,test,normal_24,24,30,0.0,信息熵在机器学习算法中的运用_张璐瑶.pdf,P0012,live_normal,K9455b6d7518a5c36d827b4348e81a09fdcc5e5fe003e877bc05bb7eb138eca2f,2,complete,0.0,0,0,0,0,5758de45-bd63-4e4a-a005-51e472f51305,2026-10-02T10:15:09.313685+00:00,True
normal_24_031,test,normal_24,24,31,0.0,信息熵在机器学习算法中的运用_张璐瑶.pdf,P0012,live_normal,K9455b6d7518a5c36d827b4348e81a09fdcc5e5fe003e877bc05bb7eb138eca2f,2,complete,0.0,0,0,0,0,f25d7ae3-44ee-4778-bfc9-f7b991ef05f7,2026-10-02T10:15:10.017561+00:00,True
normal_24_032,test,normal_24,24,32,0.0,信息熵在机器学习算法中的运用_张璐瑶.pdf,P0012,live_normal,K9455b6d7518a5c36d827b4348e81a09fdcc5e5fe003e877bc05bb7eb138eca2f,2,complete,0.0,0,0,0,0,fab4e467-774b-4d82-ad2c-3b8124c39fe8,2026-10-02T10:15:10.895616+00:00,True
normal_24_033,test,normal_24,24,33,0.0,基于机器学习算法的黑色系期货价格预测_郭梓晗.pdf,P0015,live_normal,K5a3b1a850e68e1179ffaab8a8182196b1d087696ef52257a0a6ffad347030b14,2,complete,0.0,0,0,0,0,99c249d5-2ddc-4181-a436-833e3ddd42ea,2026-10-02T10:15:11.577407+00:00,True
normal_24_034,test,normal_24,24,34,0.0,信息熵在机器学习算法中的运用_张璐瑶.pdf,P0012,live_normal,K9455b6d7518a5c36d827b4348e81a09fdcc5e5fe003e877bc05bb7eb138eca2f,2,complete,0.0,0,0,0,0,c970608d-1d69-452b-8755-465946e5816d,2026-10-02T10:15:12.424581+00:00,True
normal_24_035,test,normal_24,24,35,0.0,信息熵在机器学习算法中的运用_张璐瑶.pdf,P0012,live_normal,K9455b6d7518a5c36d827b4348e81a09fdcc5e5fe003e877bc05bb7eb138eca2f,2,complete,0.0,0,0,0,0,1f3de264-448c-4c41-a43c-4c847a3e6360,2026-10-02T10:15:13.352487+00:00,True
normal_24_036,test,normal_24,24,36,0.0,基于机器学习和新闻文本的原油期货资产配置研究_钟浩.pdf,P0010,live_normal,Keff678b299227ecddcbf4d17f7660b95ad60c101672d17ba7b273738c73df3c0,2,complete,0.0,0,0,0,0,26d2e266-512b-442f-83a5-da25cf735dc9,2026-10-02T10:15:14.185296+00:00,True
normal_24_037,test,normal_24,24,37,0.0,气候金融背景下的气温衍生品定价研究——基于机器学习算法_杨刚.pdf,P0005,live_normal,K49cf5919474d41c8f7083ab6cb64a02560857ee3d54409accfc8538f21abb419,2,complete,0.0,0,0,0,0,07cddb2c-0264-4ce5-b85e-47488c601d87,2026-10-02T10:15:15.032249+00:00,True
normal_24_038,test,normal_24,24,38,0.0,气候金融背景下的气温衍生品定价研究——基于机器学习算法_杨刚.pdf,P0005,live_normal,K49cf5919474d41c8f7083ab6cb64a02560857ee3d54409accfc8538f21abb419,2,complete,0.0,0,0,0,0,3e057e4d-3efb-4a23-9092-07616ea26bff,2026-10-02T10:15:15.805253+00:00,True
normal_24_039,test,normal_24,24,39,0.0,气候金融背景下的气温衍生品定价研究——基于机器学习算法_杨刚.pdf,P0004,live_normal,K9270f70913c0acef9bfc8848ba83f8d9b692f8ab4f838c7fb64aaa248fe849fb,2,complete,0.0,0,0,0,0,7a6f7aab-8cf7-43cb-8f71-9908b68e0425,2026-10-02T10:15:16.521471+00:00,True
normal_24_040,test,normal_24,24,40,0.0,基于机器学习算法的黑色系期货价格预测_郭梓晗.pdf,P0015,live_normal,K5a3b1a850e68e1179ffaab8a8182196b1d087696ef52257a0a6ffad347030b14,2,complete,0.0,0,0,0,0,fd128f5b-882c-4e48-9603-ff02777cd410,2026-10-02T10:15:17.253790+00:00,True
normal_25_001,test,normal_25,25,1,0.0,基于机器学习和新闻文本的原油期货资产配置研究_钟浩.pdf,P0010,live_normal,Keff678b299227ecddcbf4d17f7660b95ad60c101672d17ba7b273738c73df3c0,2,complete,0.0,0,0,0,0,3367c4d2-13b1-4cef-ab01-0c8fd10daab5,2026-10-02T10:18:00.651493+00:00,True
normal_25_002,test,normal_25,25,2,0.0,气候金融背景下的气温衍生品定价研究——基于机器学习算法_杨刚.pdf,P0004,live_normal,K9270f70913c0acef9bfc8848ba83f8d9b692f8ab4f838c7fb64aaa248fe849fb,2,complete,0.0,0,0,0,0,21f7cd72-c5bb-4725-a116-b9cdb17195c5,2026-10-02T10:18:01.481975+00:00,True
normal_25_003,test,normal_25,25,3,0.0,基于机器学习和新闻文本的原油期货资产配置研究_钟浩.pdf,P0010,live_normal,Keff678b299227ecddcbf4d17f7660b95ad60c101672d17ba7b273738c73df3c0,2,complete,0.0,0,0,0,0,ac0a2475-21ec-4a53-87c8-2ed8a0384351,2026-10-02T10:18:02.439430+00:00,True
normal_25_004,test,normal_25,25,4,0.0,气候金融背景下的气温衍生品定价研究——基于机器学习算法_杨刚.pdf,P0004,live_normal,K9270f70913c0acef9bfc8848ba83f8d9b692f8ab4f838c7fb64aaa248fe849fb,2,complete,0.0,0,0,0,0,3b11db97-b138-4c61-b8a0-3f552b8edefe,2026-10-02T10:18:03.055419+00:00,True
normal_25_005,test,normal_25,25,5,0.0,基于机器学习和新闻文本的原油期货资产配置研究_钟浩.pdf,P0010,live_normal,Keff678b299227ecddcbf4d17f7660b95ad60c101672d17ba7b273738c73df3c0,2,complete,0.0,0,0,0,0,c0ddca17-a4a1-488e-8886-10e1a9caf4bd,2026-10-02T10:18:03.694843+00:00,True
normal_25_006,test,normal_25,25,6,0.0,信息熵在机器学习算法中的运用_张璐瑶.pdf,P0012,live_normal,K34dc8820e765d3534375f2460a6d278ec57178d27431e3618017ef7629050ef1,2,complete,0.0,0,0,0,0,ba112a59-ecaa-445b-8f24-059a95f98b0a,2026-10-02T10:18:10.997627+00:00,False
normal_25_007,test,normal_25,25,7,0.0,信息熵在机器学习算法中的运用_张璐瑶.pdf,P0012,live_normal,K9455b6d7518a5c36d827b4348e81a09fdcc5e5fe003e877bc05bb7eb138eca2f,2,complete,0.0,0,0,0,0,0db406f4-a0aa-462c-9a35-de48e80614ea,2026-10-02T10:18:11.686582+00:00,True
normal_25_008,test,normal_25,25,8,0.0,信息熵在机器学习算法中的运用_张璐瑶.pdf,P0012,live_normal,K9455b6d7518a5c36d827b4348e81a09fdcc5e5fe003e877bc05bb7eb138eca2f,2,complete,0.0,0,0,0,0,8d422e0e-c92d-4394-b81a-f0253b8ea952,2026-10-02T10:18:12.455208+00:00,True
normal_25_009,test,normal_25,25,9,0.0,基于机器学习算法的黑色系期货价格预测_郭梓晗.pdf,P0015,live_normal,K5a3b1a850e68e1179ffaab8a8182196b1d087696ef52257a0a6ffad347030b14,2,complete,0.0,0,0,0,0,7f2df033-84f1-4b20-b62a-a8f711f62f33,2026-10-02T10:18:13.264576+00:00,True
normal_25_010,test,normal_25,25,10,0.0,气候金融背景下的气温衍生品定价研究——基于机器学习算法_杨刚.pdf,P0004,live_normal,K9270f70913c0acef9bfc8848ba83f8d9b692f8ab4f838c7fb64aaa248fe849fb,2,complete,0.0,0,0,0,0,cda72633-0c1e-426a-b42b-a3531910b2fc,2026-10-02T10:18:13.609259+00:00,True
normal_25_011,test,normal_25,25,11,0.0,气候金融背景下的气温衍生品定价研究——基于机器学习算法_杨刚.pdf,P0004,live_normal,K9270f70913c0acef9bfc8848ba83f8d9b692f8ab4f838c7fb64aaa248fe849fb,2,complete,0.0,0,0,0,0,260c56f7-e09c-4fc2-bb67-819316212c93,2026-10-02T10:18:14.503510+00:00,True
normal_25_012,test,normal_25,25,12,0.0,信息熵在机器学习算法中的运用_张璐瑶.pdf,P0012,live_normal,K9455b6d7518a5c36d827b4348e81a09fdcc5e5fe003e877bc05bb7eb138eca2f,2,complete,0.0,0,0,0,0,0e2a43cf-1287-4752-923a-52c55db78980,2026-10-02T10:18:15.416834+00:00,True
normal_25_013,test,normal_25,25,13,0.0,基于机器学习算法的黑色系期货价格预测_郭梓晗.pdf,P0015,live_normal,K5a3b1a850e68e1179ffaab8a8182196b1d087696ef52257a0a6ffad347030b14,2,complete,0.0,0,0,0,0,1620bc15-da34-4a45-8a6f-98435759714c,2026-10-02T10:18:16.186170+00:00,True
normal_25_014,test,normal_25,25,14,0.0,气候金融背景下的气温衍生品定价研究——基于机器学习算法_杨刚.pdf,P0004,live_normal,K9270f70913c0acef9bfc8848ba83f8d9b692f8ab4f838c7fb64aaa248fe849fb,2,complete,0.0,0,0,0,0,06294029-de30-4b70-9232-c17ea3fbb3d0,2026-10-02T10:18:16.931066+00:00,True
normal_25_015,test,normal_25,25,15,0.0,气候金融背景下的气温衍生品定价研究——基于机器学习算法_杨刚.pdf,P0005,live_normal,K49cf5919474d41c8f7083ab6cb64a02560857ee3d54409accfc8538f21abb419,2,complete,0.0,0,0,0,0,a2cc0420-5c12-46a2-96a3-d0e16fe1336f,2026-10-02T10:18:17.744561+00:00,True
normal_25_016,test,normal_25,25,16,0.0,气候金融背景下的气温衍生品定价研究——基于机器学习算法_杨刚.pdf,P0005,live_normal,K49cf5919474d41c8f7083ab6cb64a02560857ee3d54409accfc8538f21abb419,2,complete,0.0,0,0,0,0,4389e7eb-65c4-4371-a8bb-5090a700ba38,2026-10-02T10:18:18.223834+00:00,True
normal_25_017,test,normal_25,25,17,0.0,基于机器学习和新闻文本的原油期货资产配置研究_钟浩.pdf,P0010,live_normal,Keff678b299227ecddcbf4d17f7660b95ad60c101672d17ba7b273738c73df3c0,2,complete,0.0,0,0,0,0,816ac209-8251-4edd-b2fc-217736da9197,2026-10-02T10:18:18.912452+00:00,True
normal_25_018,test,normal_25,25,18,0.0,基于机器学习和新闻文本的原油期货资产配置研究_钟浩.pdf,P0010,live_normal,Keff678b299227ecddcbf4d17f7660b95ad60c101672d17ba7b273738c73df3c0,2,complete,0.0,0,0,0,0,74bd4679-a056-443e-9d71-a09cdbeba793,2026-10-02T10:18:19.684806+00:00,True
normal_25_019,test,normal_25,25,19,0.0,基于机器学习算法的黑色系期货价格预测_郭梓晗.pdf,P0015,live_normal,K5a3b1a850e68e1179ffaab8a8182196b1d087696ef52257a0a6ffad347030b14,2,complete,0.0,0,0,0,0,54de45d3-5be6-4652-987e-6152f1da53f1,2026-10-02T10:18:20.505310+00:00,True
normal_25_020,test,normal_25,25,20,0.0,基于机器学习和新闻文本的原油期货资产配置研究_钟浩.pdf,P0010,live_normal,Keff678b299227ecddcbf4d17f7660b95ad60c101672d17ba7b273738c73df3c0,2,complete,0.0,0,0,0,0,aecceb88-e61a-450e-bdea-04504d988331,2026-10-02T10:18:21.401365+00:00,True
normal_25_021,test,normal_25,25,21,0.0,气候金融背景下的气温衍生品定价研究——基于机器学习算法_杨刚.pdf,P0005,live_normal,K49cf5919474d41c8f7083ab6cb64a02560857ee3d54409accfc8538f21abb419,2,complete,0.0,0,0,0,0,9d465567-fc3d-4767-acd8-4b3f8f9eb0c6,2026-10-02T10:18:22.364581+00:00,True
normal_25_022,test,normal_25,25,22,0.0,气候金融背景下的气温衍生品定价研究——基于机器学习算法_杨刚.pdf,P0004,live_normal,K9270f70913c0acef9bfc8848ba83f8d9b692f8ab4f838c7fb64aaa248fe849fb,2,complete,0.0,0,0,0,0,7abfcc84-58f9-4bcb-910a-1da9d431fead,2026-10-02T10:18:23.071337+00:00,True
normal_25_023,test,normal_25,25,23,0.0,气候金融背景下的气温衍生品定价研究——基于机器学习算法_杨刚.pdf,P0004,live_normal,K9270f70913c0acef9bfc8848ba83f8d9b692f8ab4f838c7fb64aaa248fe849fb,2,complete,0.0,0,0,0,0,ddb2e27b-66d2-48f2-b488-5dd8a4aa3691,2026-10-02T10:18:23.584041+00:00,True
normal_25_024,test,normal_25,25,24,0.0,气候金融背景下的气温衍生品定价研究——基于机器学习算法_杨刚.pdf,P0004,live_normal,K9270f70913c0acef9bfc8848ba83f8d9b692f8ab4f838c7fb64aaa248fe849fb,2,complete,0.0,0,0,0,0,7f2fdea2-0bc8-49a0-9bc6-e5cbe57b0206,2026-10-02T10:18:24.129893+00:00,True
normal_25_025,test,normal_25,25,25,0.0,信息熵在机器学习算法中的运用_张璐瑶.pdf,P0012,live_normal,K9455b6d7518a5c36d827b4348e81a09fdcc5e5fe003e877bc05bb7eb138eca2f,2,complete,0.0,0,0,0,0,ebd92363-7e66-4dd4-a686-fb7f3ae284c5,2026-10-02T10:18:25.022482+00:00,True
normal_25_026,test,normal_25,25,26,0.0,信息熵在机器学习算法中的运用_张璐瑶.pdf,P0012,live_normal,K9455b6d7518a5c36d827b4348e81a09fdcc5e5fe003e877bc05bb7eb138eca2f,2,complete,0.0,0,0,0,0,33910bb2-c77f-4ea8-bd2c-90ea0243f458,2026-10-02T10:18:25.624414+00:00,True
normal_25_027,test,normal_25,25,27,0.0,信息熵在机器学习算法中的运用_张璐瑶.pdf,P0012,live_normal,K9455b6d7518a5c36d827b4348e81a09fdcc5e5fe003e877bc05bb7eb138eca2f,2,complete,0.0,0,0,0,0,4caeb39e-e22f-4402-b6fb-57d89265f4d4,2026-10-02T10:18:26.545881+00:00,True
normal_25_028,test,normal_25,25,28,0.0,基于机器学习和新闻文本的原油期货资产配置研究_钟浩.pdf,P0010,live_normal,Keff678b299227ecddcbf4d17f7660b95ad60c101672d17ba7b273738c73df3c0,2,complete,0.0,0,0,0,0,31b4c9a1-d0dc-4ab2-9e2d-1b2eccb29a48,2026-10-02T10:18:27.123533+00:00,True
normal_25_029,test,normal_25,25,29,0.0,基于机器学习算法的黑色系期货价格预测_郭梓晗.pdf,P0015,live_normal,K5a3b1a850e68e1179ffaab8a8182196b1d087696ef52257a0a6ffad347030b14,2,complete,0.0,0,0,0,0,03e16a83-e5e4-49d9-b3b5-0154f26243b6,2026-10-02T10:18:27.496765+00:00,True
normal_25_030,test,normal_25,25,30,0.0,气候金融背景下的气温衍生品定价研究——基于机器学习算法_杨刚.pdf,P0005,live_normal,K49cf5919474d41c8f7083ab6cb64a02560857ee3d54409accfc8538f21abb419,2,complete,0.0,0,0,0,0,44614f89-f084-488a-92e0-8e8965800589,2026-10-02T10:18:28.402137+00:00,True
normal_25_031,test,normal_25,25,31,0.0,基于机器学习算法的黑色系期货价格预测_郭梓晗.pdf,P0015,live_normal,K5a3b1a850e68e1179ffaab8a8182196b1d087696ef52257a0a6ffad347030b14,2,complete,0.0,0,0,0,0,05d1ee76-c05a-40d5-8038-0206e2da911d,2026-10-02T10:18:29.242853+00:00,True
normal_25_032,test,normal_25,25,32,0.0,信息熵在机器学习算法中的运用_张璐瑶.pdf,P0012,live_normal,K9455b6d7518a5c36d827b4348e81a09fdcc5e5fe003e877bc05bb7eb138eca2f,2,complete,0.0,0,0,0,0,7f7f4f04-8bc5-4165-b3a1-a57c13b3137d,2026-10-02T10:18:30.140658+00:00,True
normal_25_033,test,normal_25,25,33,0.0,基于机器学习和新闻文本的原油期货资产配置研究_钟浩.pdf,P0010,live_normal,Keff678b299227ecddcbf4d17f7660b95ad60c101672d17ba7b273738c73df3c0,2,complete,0.0,0,0,0,0,56ff37d1-68d7-4ac4-b15c-c0cef64d3bda,2026-10-02T10:18:30.852995+00:00,True
normal_25_034,test,normal_25,25,34,0.0,基于机器学习和新闻文本的原油期货资产配置研究_钟浩.pdf,P0010,live_normal,Keff678b299227ecddcbf4d17f7660b95ad60c101672d17ba7b273738c73df3c0,2,complete,0.0,0,0,0,0,c10cba10-d5b7-4441-99d9-97298ef04e97,2026-10-02T10:18:31.650405+00:00,True
normal_25_035,test,normal_25,25,35,0.0,信息熵在机器学习算法中的运用_张璐瑶.pdf,P0012,live_normal,K9455b6d7518a5c36d827b4348e81a09fdcc5e5fe003e877bc05bb7eb138eca2f,2,complete,0.0,0,0,0,0,8e032e24-162b-4f1b-8529-f90dff0a6d39,2026-10-02T10:18:32.510440+00:00,True
normal_25_036,test,normal_25,25,36,0.0,气候金融背景下的气温衍生品定价研究——基于机器学习算法_杨刚.pdf,P0004,live_normal,K9270f70913c0acef9bfc8848ba83f8d9b692f8ab4f838c7fb64aaa248fe849fb,2,complete,0.0,0,0,0,0,756e0ef9-34d0-40a5-a131-cf8b2d0cd69a,2026-10-02T10:18:33.371808+00:00,True
normal_25_037,test,normal_25,25,37,0.0,信息熵在机器学习算法中的运用_张璐瑶.pdf,P0012,live_normal,K9455b6d7518a5c36d827b4348e81a09fdcc5e5fe003e877bc05bb7eb138eca2f,2,complete,0.0,0,0,0,0,cd2c9ed6-c2f3-4312-b713-ecc3bab34c82,2026-10-02T10:18:34.412356+00:00,True
normal_25_038,test,normal_25,25,38,0.0,信息熵在机器学习算法中的运用_张璐瑶.pdf,P0012,live_normal,K9455b6d7518a5c36d827b4348e81a09fdcc5e5fe003e877bc05bb7eb138eca2f,2,complete,0.0,0,0,0,0,90b27e2b-fb8f-43fe-990a-7345d030813e,2026-10-02T10:18:35.138772+00:00,True
normal_25_039,test,normal_25,25,39,0.0,气候金融背景下的气温衍生品定价研究——基于机器学习算法_杨刚.pdf,P0004,live_normal,K9270f70913c0acef9bfc8848ba83f8d9b692f8ab4f838c7fb64aaa248fe849fb,2,complete,0.0,0,0,0,0,b0a6236e-6e9b-4b1f-b73d-3f9fd72b30c2,2026-10-02T10:18:35.792151+00:00,True
normal_25_040,test,normal_25,25,40,0.0,基于机器学习算法的黑色系期货价格预测_郭梓晗.pdf,P0015,live_normal,K5a3b1a850e68e1179ffaab8a8182196b1d087696ef52257a0a6ffad347030b14,2,complete,0.0,0,0,0,0,152b60cb-7ef0-45a5-966c-a07e7240b99f,2026-10-02T10:18:36.540444+00:00,True
normal_26_001,test,normal_26,26,1,0.0,基于机器学习算法的黑色系期货价格预测_郭梓晗.pdf,P0015,live_normal,K5a3b1a850e68e1179ffaab8a8182196b1d087696ef52257a0a6ffad347030b14,2,complete,0.0,0,0,0,0,dbd0dec9-6f29-4ff8-9571-599888f460ff,2026-10-02T10:19:25.066075+00:00,True
normal_26_002,test,normal_26,26,2,0.0,气候金融背景下的气温衍生品定价研究——基于机器学习算法_杨刚.pdf,P0005,live_normal,K49cf5919474d41c8f7083ab6cb64a02560857ee3d54409accfc8538f21abb419,2,complete,0.0,0,0,0,0,16de20ed-4d67-456f-8a00-1208759a9a60,2026-10-02T10:19:25.979949+00:00,True
normal_26_003,test,normal_26,26,3,0.0,气候金融背景下的气温衍生品定价研究——基于机器学习算法_杨刚.pdf,P0004,live_normal,K9270f70913c0acef9bfc8848ba83f8d9b692f8ab4f838c7fb64aaa248fe849fb,2,complete,0.0,0,0,0,0,41bd505e-faac-402c-8b54-a8d54f38edb4,2026-10-02T10:19:26.597295+00:00,True
normal_26_004,test,normal_26,26,4,0.0,基于机器学习算法的黑色系期货价格预测_郭梓晗.pdf,P0015,live_normal,K5a3b1a850e68e1179ffaab8a8182196b1d087696ef52257a0a6ffad347030b14,2,complete,0.0,0,0,0,0,3c9e1b7b-8da0-4e68-8cb1-60538cddce6a,2026-10-02T10:19:27.189844+00:00,True
normal_26_005,test,normal_26,26,5,0.0,基于机器学习算法的黑色系期货价格预测_郭梓晗.pdf,P0015,live_normal,K5a3b1a850e68e1179ffaab8a8182196b1d087696ef52257a0a6ffad347030b14,2,complete,0.0,0,0,0,0,50ea2776-ebf9-496e-8a98-e41585231b06,2026-10-02T10:19:27.806665+00:00,True
normal_26_006,test,normal_26,26,6,0.0,气候金融背景下的气温衍生品定价研究——基于机器学习算法_杨刚.pdf,P0004,live_normal,K9270f70913c0acef9bfc8848ba83f8d9b692f8ab4f838c7fb64aaa248fe849fb,2,complete,0.0,0,0,0,0,a1c1d56d-b112-443f-94d4-aaa68f8a67f5,2026-10-02T10:19:28.551184+00:00,True
normal_26_007,test,normal_26,26,7,0.0,信息熵在机器学习算法中的运用_张璐瑶.pdf,P0012,live_normal,K9455b6d7518a5c36d827b4348e81a09fdcc5e5fe003e877bc05bb7eb138eca2f,2,complete,0.0,0,0,0,0,b5d38be1-3880-47a1-9207-f5a9e561f080,2026-10-02T10:19:29.332896+00:00,True
normal_26_008,test,normal_26,26,8,0.0,基于机器学习和新闻文本的原油期货资产配置研究_钟浩.pdf,P0010,live_normal,Keff678b299227ecddcbf4d17f7660b95ad60c101672d17ba7b273738c73df3c0,2,complete,0.0,0,0,0,0,d8420d3c-ace0-4a44-b92a-d72f1cf0456a,2026-10-02T10:19:29.990220+00:00,True
normal_26_009,test,normal_26,26,9,0.0,信息熵在机器学习算法中的运用_张璐瑶.pdf,P0012,live_normal,K9455b6d7518a5c36d827b4348e81a09fdcc5e5fe003e877bc05bb7eb138eca2f,2,complete,0.0,0,0,0,0,8811e13f-308e-4939-9409-13a7251f3cfc,2026-10-02T10:19:30.943977+00:00,True
normal_26_010,test,normal_26,26,10,0.0,基于机器学习和新闻文本的原油期货资产配置研究_钟浩.pdf,P0010,live_normal,Keff678b299227ecddcbf4d17f7660b95ad60c101672d17ba7b273738c73df3c0,2,complete,0.0,0,0,0,0,94e99a5f-9251-4d75-beb7-b4710af568d0,2026-10-02T10:19:31.835488+00:00,True
normal_26_011,test,normal_26,26,11,0.0,基于机器学习算法的黑色系期货价格预测_郭梓晗.pdf,P0015,live_normal,K5a3b1a850e68e1179ffaab8a8182196b1d087696ef52257a0a6ffad347030b14,2,complete,0.0,0,0,0,0,03cd41a1-a013-4f98-9984-2485a1d6c8a6,2026-10-02T10:19:32.599310+00:00,True
normal_26_012,test,normal_26,26,12,0.0,基于机器学习算法的黑色系期货价格预测_郭梓晗.pdf,P0015,live_normal,K5a3b1a850e68e1179ffaab8a8182196b1d087696ef52257a0a6ffad347030b14,2,complete,0.0,0,0,0,0,8ef3b9cf-1fc8-45fc-9005-a36187d87fba,2026-10-02T10:19:33.242894+00:00,True
normal_26_013,test,normal_26,26,13,0.0,基于机器学习和新闻文本的原油期货资产配置研究_钟浩.pdf,P0010,live_normal,Keff678b299227ecddcbf4d17f7660b95ad60c101672d17ba7b273738c73df3c0,2,complete,0.0,0,0,0,0,3ddbca46-6c1c-4c36-82de-260208171533,2026-10-02T10:19:34.141896+00:00,True
normal_26_014,test,normal_26,26,14,0.0,信息熵在机器学习算法中的运用_张璐瑶.pdf,P0012,live_normal,K9455b6d7518a5c36d827b4348e81a09fdcc5e5fe003e877bc05bb7eb138eca2f,2,complete,0.0,0,0,0,0,a570d764-d632-4a14-8ec1-9bde94823f43,2026-10-02T10:19:34.911635+00:00,True
normal_26_015,test,normal_26,26,15,0.0,基于机器学习和新闻文本的原油期货资产配置研究_钟浩.pdf,P0010,live_normal,Keff678b299227ecddcbf4d17f7660b95ad60c101672d17ba7b273738c73df3c0,2,complete,0.0,0,0,0,0,4dc1e977-7082-4439-b651-76b5d9a9128c,2026-10-02T10:19:35.608264+00:00,True
normal_26_016,test,normal_26,26,16,0.0,基于机器学习和新闻文本的原油期货资产配置研究_钟浩.pdf,P0010,live_normal,Keff678b299227ecddcbf4d17f7660b95ad60c101672d17ba7b273738c73df3c0,2,complete,0.0,0,0,0,0,c8274619-c1a8-460f-a025-36f803d99a83,2026-10-02T10:19:36.349802+00:00,True
normal_26_017,test,normal_26,26,17,0.0,信息熵在机器学习算法中的运用_张璐瑶.pdf,P0012,live_normal,K9455b6d7518a5c36d827b4348e81a09fdcc5e5fe003e877bc05bb7eb138eca2f,2,complete,0.0,0,0,0,0,a602815e-3682-4100-b58a-f0ce616cda9d,2026-10-02T10:19:36.870094+00:00,True
normal_26_018,test,normal_26,26,18,0.0,信息熵在机器学习算法中的运用_张璐瑶.pdf,P0012,live_normal,K9455b6d7518a5c36d827b4348e81a09fdcc5e5fe003e877bc05bb7eb138eca2f,2,complete,0.0,0,0,0,0,28a02fe8-3948-47ac-81f0-4993d66937cd,2026-10-02T10:19:37.390000+00:00,True
normal_26_019,test,normal_26,26,19,0.0,气候金融背景下的气温衍生品定价研究——基于机器学习算法_杨刚.pdf,P0005,live_normal,K49cf5919474d41c8f7083ab6cb64a02560857ee3d54409accfc8538f21abb419,2,complete,0.0,0,0,0,0,5dc9b089-9ba6-4d0f-b854-a0bf102d3fbd,2026-10-02T10:19:37.796642+00:00,True
normal_26_020,test,normal_26,26,20,0.0,基于机器学习算法的黑色系期货价格预测_郭梓晗.pdf,P0015,live_normal,K5a3b1a850e68e1179ffaab8a8182196b1d087696ef52257a0a6ffad347030b14,2,complete,0.0,0,0,0,0,83adea43-b49f-4a71-ba3c-820273cf9c41,2026-10-02T10:19:38.340438+00:00,True
normal_26_021,test,normal_26,26,21,0.0,基于机器学习和新闻文本的原油期货资产配置研究_钟浩.pdf,P0010,live_normal,Keff678b299227ecddcbf4d17f7660b95ad60c101672d17ba7b273738c73df3c0,2,complete,0.0,0,0,0,0,2cd900d4-d9b5-4d83-ae93-2988aae6b0ea,2026-10-02T10:19:38.853296+00:00,True
normal_26_022,test,normal_26,26,22,0.0,气候金融背景下的气温衍生品定价研究——基于机器学习算法_杨刚.pdf,P0005,live_normal,K49cf5919474d41c8f7083ab6cb64a02560857ee3d54409accfc8538f21abb419,2,complete,0.0,0,0,0,0,c3045413-d3f1-4c2f-a203-bb9ca9a694bc,2026-10-02T10:19:39.509392+00:00,True
normal_26_023,test,normal_26,26,23,0.0,气候金融背景下的气温衍生品定价研究——基于机器学习算法_杨刚.pdf,P0004,live_normal,K9270f70913c0acef9bfc8848ba83f8d9b692f8ab4f838c7fb64aaa248fe849fb,2,complete,0.0,0,0,0,0,7e30e6e6-148a-4ce5-b658-90ffa69b1039,2026-10-02T10:19:40.253570+00:00,True
normal_26_024,test,normal_26,26,24,0.0,信息熵在机器学习算法中的运用_张璐瑶.pdf,P0012,live_normal,K9455b6d7518a5c36d827b4348e81a09fdcc5e5fe003e877bc05bb7eb138eca2f,2,complete,0.0,0,0,0,0,0cfbd321-629f-4e4b-8d4f-3e732a1b1242,2026-10-02T10:19:40.793025+00:00,True
normal_26_025,test,normal_26,26,25,0.0,信息熵在机器学习算法中的运用_张璐瑶.pdf,P0012,live_normal,K9455b6d7518a5c36d827b4348e81a09fdcc5e5fe003e877bc05bb7eb138eca2f,2,complete,0.0,0,0,0,0,36ba1427-0182-4459-a1e9-99c782e871d4,2026-10-02T10:19:41.358452+00:00,True
normal_26_026,test,normal_26,26,26,0.0,基于机器学习算法的黑色系期货价格预测_郭梓晗.pdf,P0015,live_normal,K5a3b1a850e68e1179ffaab8a8182196b1d087696ef52257a0a6ffad347030b14,2,complete,0.0,0,0,0,0,99884f77-a81a-45e3-ae6a-64ad1763cf6f,2026-10-02T10:19:42.190361+00:00,True
normal_26_027,test,normal_26,26,27,0.0,基于机器学习算法的黑色系期货价格预测_郭梓晗.pdf,P0015,live_normal,K5a3b1a850e68e1179ffaab8a8182196b1d087696ef52257a0a6ffad347030b14,2,complete,0.0,0,0,0,0,71e3cdaf-046e-4428-be59-a4eb34e38534,2026-10-02T10:19:42.935472+00:00,True
normal_26_028,test,normal_26,26,28,0.0,基于机器学习算法的黑色系期货价格预测_郭梓晗.pdf,P0015,live_normal,K5a3b1a850e68e1179ffaab8a8182196b1d087696ef52257a0a6ffad347030b14,2,complete,0.0,0,0,0,0,2324303f-1c53-4e92-8df1-294adc7d50e6,2026-10-02T10:19:43.458125+00:00,True
normal_26_029,test,normal_26,26,29,0.0,气候金融背景下的气温衍生品定价研究——基于机器学习算法_杨刚.pdf,P0005,live_normal,K49cf5919474d41c8f7083ab6cb64a02560857ee3d54409accfc8538f21abb419,2,complete,0.0,0,0,0,0,8e518b3e-590a-4b4f-b301-83938ba26d51,2026-10-02T10:19:44.169296+00:00,True
normal_26_030,test,normal_26,26,30,0.0,基于机器学习和新闻文本的原油期货资产配置研究_钟浩.pdf,P0010,live_normal,Keff678b299227ecddcbf4d17f7660b95ad60c101672d17ba7b273738c73df3c0,2,complete,0.0,0,0,0,0,c2c56f56-3ed3-456f-8bd6-e22083cb5710,2026-10-02T10:19:45.040740+00:00,True
normal_26_031,test,normal_26,26,31,0.0,信息熵在机器学习算法中的运用_张璐瑶.pdf,P0012,live_normal,K9455b6d7518a5c36d827b4348e81a09fdcc5e5fe003e877bc05bb7eb138eca2f,2,complete,0.0,0,0,0,0,67accdcc-ed5c-44ae-b317-ac7461c036d1,2026-10-02T10:19:45.705329+00:00,True
normal_26_032,test,normal_26,26,32,0.0,气候金融背景下的气温衍生品定价研究——基于机器学习算法_杨刚.pdf,P0004,live_normal,K9270f70913c0acef9bfc8848ba83f8d9b692f8ab4f838c7fb64aaa248fe849fb,2,complete,0.0,0,0,0,0,624b0611-8fbd-4069-bef7-98147d8904a8,2026-10-02T10:19:46.428801+00:00,True
normal_26_033,test,normal_26,26,33,0.0,基于机器学习和新闻文本的原油期货资产配置研究_钟浩.pdf,P0010,live_normal,Keff678b299227ecddcbf4d17f7660b95ad60c101672d17ba7b273738c73df3c0,2,complete,0.0,0,0,0,0,e90c1daa-3a7a-454a-a372-538a3009e2ba,2026-10-02T10:19:47.183528+00:00,True
normal_26_034,test,normal_26,26,34,0.0,基于机器学习和新闻文本的原油期货资产配置研究_钟浩.pdf,P0010,live_normal,Keff678b299227ecddcbf4d17f7660b95ad60c101672d17ba7b273738c73df3c0,2,complete,0.0,0,0,0,0,c79de9ad-fbc9-40a8-b207-364b0edf05ba,2026-10-02T10:19:48.260656+00:00,True
normal_26_035,test,normal_26,26,35,0.0,信息熵在机器学习算法中的运用_张璐瑶.pdf,P0012,live_normal,K9455b6d7518a5c36d827b4348e81a09fdcc5e5fe003e877bc05bb7eb138eca2f,2,complete,0.0,0,0,0,0,3f17eb3e-e99e-40a3-926a-f6821b909dcc,2026-10-02T10:19:48.803585+00:00,True
normal_26_036,test,normal_26,26,36,0.0,基于机器学习和新闻文本的原油期货资产配置研究_钟浩.pdf,P0010,live_normal,Keff678b299227ecddcbf4d17f7660b95ad60c101672d17ba7b273738c73df3c0,2,complete,0.0,0,0,0,0,f41b3906-6996-4870-b863-1f0063f54fb2,2026-10-02T10:19:49.577960+00:00,True
normal_26_037,test,normal_26,26,37,0.0,基于机器学习算法的黑色系期货价格预测_郭梓晗.pdf,P0015,live_normal,K5a3b1a850e68e1179ffaab8a8182196b1d087696ef52257a0a6ffad347030b14,2,complete,0.0,0,0,0,0,3a6f7a1f-ce29-47e5-9e48-6f29bc0b5cc4,2026-10-02T10:19:50.502581+00:00,True
normal_26_038,test,normal_26,26,38,0.0,基于机器学习算法的黑色系期货价格预测_郭梓晗.pdf,P0015,live_normal,K5a3b1a850e68e1179ffaab8a8182196b1d087696ef52257a0a6ffad347030b14,2,complete,0.0,0,0,0,0,6b04f8b7-a536-415e-8baa-15086b2227e3,2026-10-02T10:19:51.480277+00:00,True
normal_26_039,test,normal_26,26,39,0.0,基于机器学习算法的黑色系期货价格预测_郭梓晗.pdf,P0015,live_normal,K5a3b1a850e68e1179ffaab8a8182196b1d087696ef52257a0a6ffad347030b14,2,complete,0.0,0,0,0,0,e90d1880-17e9-40ac-9f60-0f82e28d3601,2026-10-02T10:19:52.063596+00:00,True
normal_26_040,test,normal_26,26,40,0.0,基于机器学习和新闻文本的原油期货资产配置研究_钟浩.pdf,P0010,live_normal,Keff678b299227ecddcbf4d17f7660b95ad60c101672d17ba7b273738c73df3c0,2,complete,0.0,0,0,0,0,7071597f-7e34-41ea-b537-7afe662acca3,2026-10-02T10:19:52.976052+00:00,True
normal_27_001,test,normal_27,27,1,0.0,基于机器学习算法的黑色系期货价格预测_郭梓晗.pdf,P0015,live_normal,K5a3b1a850e68e1179ffaab8a8182196b1d087696ef52257a0a6ffad347030b14,2,complete,0.0,0,0,0,0,20001216-ecef-433a-b45e-403fd288f1a6,2026-10-02T10:17:09.761600+00:00,True
normal_27_002,test,normal_27,27,2,0.0,基于机器学习算法的黑色系期货价格预测_郭梓晗.pdf,P0015,live_normal,K5a3b1a850e68e1179ffaab8a8182196b1d087696ef52257a0a6ffad347030b14,2,complete,0.0,0,0,0,0,4a136e76-0e56-4be0-a9c7-caf11dafba28,2026-10-02T10:17:10.576842+00:00,True
normal_27_003,test,normal_27,27,3,0.0,信息熵在机器学习算法中的运用_张璐瑶.pdf,P0012,live_normal,K9455b6d7518a5c36d827b4348e81a09fdcc5e5fe003e877bc05bb7eb138eca2f,2,complete,0.0,0,0,0,0,873b5b06-ef73-4484-9e1e-d73d98ada02c,2026-10-02T10:17:11.335589+00:00,True
normal_27_004,test,normal_27,27,4,0.0,信息熵在机器学习算法中的运用_张璐瑶.pdf,P0012,live_normal,K9455b6d7518a5c36d827b4348e81a09fdcc5e5fe003e877bc05bb7eb138eca2f,2,complete,0.0,0,0,0,0,128dbd53-59fa-4ea0-bdff-45fbe6c57098,2026-10-02T10:17:12.265995+00:00,True
normal_27_005,test,normal_27,27,5,0.0,基于机器学习算法的黑色系期货价格预测_郭梓晗.pdf,P0015,live_normal,K5a3b1a850e68e1179ffaab8a8182196b1d087696ef52257a0a6ffad347030b14,2,complete,0.0,0,0,0,0,5b1284ed-101a-4f0c-af4c-3540bcf4c65c,2026-10-02T10:17:13.199724+00:00,True
normal_27_006,test,normal_27,27,6,0.0,基于机器学习算法的黑色系期货价格预测_郭梓晗.pdf,P0015,live_normal,K5a3b1a850e68e1179ffaab8a8182196b1d087696ef52257a0a6ffad347030b14,2,complete,0.0,0,0,0,0,1bc31850-3e90-46a0-9af2-da1a53e9d2a5,2026-10-02T10:17:13.970778+00:00,True
normal_27_007,test,normal_27,27,7,0.0,气候金融背景下的气温衍生品定价研究——基于机器学习算法_杨刚.pdf,P0004,live_normal,K9270f70913c0acef9bfc8848ba83f8d9b692f8ab4f838c7fb64aaa248fe849fb,2,complete,0.0,0,0,0,0,e71548b0-2c14-4140-ab34-7ddfdf02d3d0,2026-10-02T10:17:14.904556+00:00,True
normal_27_008,test,normal_27,27,8,0.0,基于机器学习和新闻文本的原油期货资产配置研究_钟浩.pdf,P0010,live_normal,Keff678b299227ecddcbf4d17f7660b95ad60c101672d17ba7b273738c73df3c0,2,complete,0.0,0,0,0,0,e6ef3894-6989-4c3a-93d6-f46e2bfd0ae5,2026-10-02T10:17:15.592069+00:00,True
normal_27_009,test,normal_27,27,9,0.0,信息熵在机器学习算法中的运用_张璐瑶.pdf,P0012,live_normal,K9455b6d7518a5c36d827b4348e81a09fdcc5e5fe003e877bc05bb7eb138eca2f,2,complete,0.0,0,0,0,0,e5649371-4e68-4542-855c-f55bf93b7463,2026-10-02T10:17:16.499034+00:00,True
normal_27_010,test,normal_27,27,10,0.0,信息熵在机器学习算法中的运用_张璐瑶.pdf,P0012,live_normal,K9455b6d7518a5c36d827b4348e81a09fdcc5e5fe003e877bc05bb7eb138eca2f,2,complete,0.0,0,0,0,0,bff706fe-1063-4be2-ba87-2a77a52acee8,2026-10-02T10:17:16.994662+00:00,True
normal_27_011,test,normal_27,27,11,0.0,信息熵在机器学习算法中的运用_张璐瑶.pdf,P0012,live_normal,K9455b6d7518a5c36d827b4348e81a09fdcc5e5fe003e877bc05bb7eb138eca2f,2,complete,0.0,0,0,0,0,c364bb92-a995-4bbf-adde-3e36959870a1,2026-10-02T10:17:17.594629+00:00,True
normal_27_012,test,normal_27,27,12,0.0,信息熵在机器学习算法中的运用_张璐瑶.pdf,P0012,live_normal,K455be6ec0576ef7c24e84b6c16982e8b13570f618bc4d79871f64f8b5fc51c6b,2,complete,0.0,0,0,0,0,66095502-0851-4c03-a5f1-74d08b5042fc,2026-10-02T10:17:18.206657+00:00,True
normal_27_013,test,normal_27,27,13,0.0,气候金融背景下的气温衍生品定价研究——基于机器学习算法_杨刚.pdf,P0005,live_normal,K49cf5919474d41c8f7083ab6cb64a02560857ee3d54409accfc8538f21abb419,2,complete,0.0,0,0,0,0,0be15821-c023-4897-9b4d-5bb58f3318f9,2026-10-02T10:17:19.127067+00:00,True
normal_27_014,test,normal_27,27,14,0.0,信息熵在机器学习算法中的运用_张璐瑶.pdf,P0012,live_normal,K9455b6d7518a5c36d827b4348e81a09fdcc5e5fe003e877bc05bb7eb138eca2f,2,complete,0.0,0,0,0,0,84b305f1-8936-4d99-a3e8-70ebb14b0996,2026-10-02T10:17:19.490298+00:00,True
normal_27_015,test,normal_27,27,15,0.0,气候金融背景下的气温衍生品定价研究——基于机器学习算法_杨刚.pdf,P0004,live_normal,K9270f70913c0acef9bfc8848ba83f8d9b692f8ab4f838c7fb64aaa248fe849fb,2,complete,0.0,0,0,0,0,0d96f30f-35c7-41f6-831c-5c9216464430,2026-10-02T10:17:20.441520+00:00,True
normal_27_016,test,normal_27,27,16,0.0,气候金融背景下的气温衍生品定价研究——基于机器学习算法_杨刚.pdf,P0005,live_normal,K49cf5919474d41c8f7083ab6cb64a02560857ee3d54409accfc8538f21abb419,2,complete,0.0,0,0,0,0,2924c323-8c87-4922-90a2-fc346802b587,2026-10-02T10:17:20.922529+00:00,True
normal_27_017,test,normal_27,27,17,0.0,基于机器学习和新闻文本的原油期货资产配置研究_钟浩.pdf,P0010,live_normal,Keff678b299227ecddcbf4d17f7660b95ad60c101672d17ba7b273738c73df3c0,2,complete,0.0,0,0,0,0,5e3dfe5f-8c23-4d7d-9507-235c71af35a5,2026-10-02T10:17:21.653523+00:00,True
normal_27_018,test,normal_27,27,18,0.0,基于机器学习和新闻文本的原油期货资产配置研究_钟浩.pdf,P0010,live_normal,Keff678b299227ecddcbf4d17f7660b95ad60c101672d17ba7b273738c73df3c0,2,complete,0.0,0,0,0,0,08115097-c015-4751-9591-f16274bedcfa,2026-10-02T10:17:22.099852+00:00,True
normal_27_019,test,normal_27,27,19,0.0,基于机器学习算法的黑色系期货价格预测_郭梓晗.pdf,P0015,live_normal,K5a3b1a850e68e1179ffaab8a8182196b1d087696ef52257a0a6ffad347030b14,2,complete,0.0,0,0,0,0,32f500f5-fef4-4338-9565-bd49fea7fa19,2026-10-02T10:17:22.914997+00:00,True
normal_27_020,test,normal_27,27,20,0.0,基于机器学习和新闻文本的原油期货资产配置研究_钟浩.pdf,P0010,live_normal,Keff678b299227ecddcbf4d17f7660b95ad60c101672d17ba7b273738c73df3c0,2,complete,0.0,0,0,0,0,ce05a778-01f4-4833-bcf2-0f2c606a5c4b,2026-10-02T10:17:23.639584+00:00,True
normal_27_021,test,normal_27,27,21,0.0,信息熵在机器学习算法中的运用_张璐瑶.pdf,P0012,live_normal,K9455b6d7518a5c36d827b4348e81a09fdcc5e5fe003e877bc05bb7eb138eca2f,2,complete,0.0,0,0,0,0,28d6a303-636e-463c-97f1-dc40501e7aab,2026-10-02T10:17:24.390846+00:00,True
normal_27_022,test,normal_27,27,22,0.0,基于机器学习和新闻文本的原油期货资产配置研究_钟浩.pdf,P0010,live_normal,Keff678b299227ecddcbf4d17f7660b95ad60c101672d17ba7b273738c73df3c0,2,complete,0.0,0,0,0,0,d3f55ae4-63d0-4d68-80be-6d8b4d8a4202,2026-10-02T10:17:25.137125+00:00,True
normal_27_023,test,normal_27,27,23,0.0,基于机器学习和新闻文本的原油期货资产配置研究_钟浩.pdf,P0010,live_normal,Keff678b299227ecddcbf4d17f7660b95ad60c101672d17ba7b273738c73df3c0,2,complete,0.0,0,0,0,0,902e12ba-7160-4b33-b3f8-48495ac75f4f,2026-10-02T10:17:26.006351+00:00,True
normal_27_024,test,normal_27,27,24,0.0,基于机器学习和新闻文本的原油期货资产配置研究_钟浩.pdf,P0010,live_normal,Keff678b299227ecddcbf4d17f7660b95ad60c101672d17ba7b273738c73df3c0,2,complete,0.0,0,0,0,0,ba7a4499-d6af-4bf4-894a-4ee52205f06a,2026-10-02T10:17:26.542506+00:00,True
normal_27_025,test,normal_27,27,25,0.0,基于机器学习算法的黑色系期货价格预测_郭梓晗.pdf,P0015,live_normal,K5a3b1a850e68e1179ffaab8a8182196b1d087696ef52257a0a6ffad347030b14,2,complete,0.0,0,0,0,0,2ea86a05-8b0b-41ac-9160-2a3892aea9a6,2026-10-02T10:17:27.295390+00:00,True
normal_27_026,test,normal_27,27,26,0.0,气候金融背景下的气温衍生品定价研究——基于机器学习算法_杨刚.pdf,P0004,live_normal,K9270f70913c0acef9bfc8848ba83f8d9b692f8ab4f838c7fb64aaa248fe849fb,2,complete,0.0,0,0,0,0,c218c2a7-9fb5-44e4-bf0a-f60bc3752532,2026-10-02T10:17:28.165084+00:00,True
normal_27_027,test,normal_27,27,27,0.0,基于机器学习和新闻文本的原油期货资产配置研究_钟浩.pdf,P0010,live_normal,Keff678b299227ecddcbf4d17f7660b95ad60c101672d17ba7b273738c73df3c0,2,complete,0.0,0,0,0,0,03fe9702-8c7a-4431-8428-61c2a4e47f79,2026-10-02T10:17:28.760602+00:00,True
normal_27_028,test,normal_27,27,28,0.0,基于机器学习算法的黑色系期货价格预测_郭梓晗.pdf,P0015,live_normal,K5a3b1a850e68e1179ffaab8a8182196b1d087696ef52257a0a6ffad347030b14,2,complete,0.0,0,0,0,0,3f32dc85-b885-47c7-83d1-73545f652063,2026-10-02T10:17:29.441734+00:00,True
normal_27_029,test,normal_27,27,29,0.0,气候金融背景下的气温衍生品定价研究——基于机器学习算法_杨刚.pdf,P0005,live_normal,K49cf5919474d41c8f7083ab6cb64a02560857ee3d54409accfc8538f21abb419,2,complete,0.0,0,0,0,0,de439749-0389-474b-8bd0-e159cc399b4e,2026-10-02T10:17:30.404971+00:00,True
normal_27_030,test,normal_27,27,30,0.0,信息熵在机器学习算法中的运用_张璐瑶.pdf,P0012,live_normal,K9455b6d7518a5c36d827b4348e81a09fdcc5e5fe003e877bc05bb7eb138eca2f,2,complete,0.0,0,0,0,0,c3e0d1d2-b134-4698-928c-db805fc35799,2026-10-02T10:17:31.164815+00:00,True
normal_27_031,test,normal_27,27,31,0.0,信息熵在机器学习算法中的运用_张璐瑶.pdf,P0012,live_normal,K9455b6d7518a5c36d827b4348e81a09fdcc5e5fe003e877bc05bb7eb138eca2f,2,complete,0.0,0,0,0,0,0890ac3d-7a59-4859-8cf0-e7603da14c77,2026-10-02T10:17:32.079205+00:00,True
normal_27_032,test,normal_27,27,32,0.0,基于机器学习和新闻文本的原油期货资产配置研究_钟浩.pdf,P0010,live_normal,Keff678b299227ecddcbf4d17f7660b95ad60c101672d17ba7b273738c73df3c0,2,complete,0.0,0,0,0,0,e3daee2d-419e-40d2-b939-aa39c12882bc,2026-10-02T10:17:33.131091+00:00,True
normal_27_033,test,normal_27,27,33,0.0,基于机器学习算法的黑色系期货价格预测_郭梓晗.pdf,P0015,live_normal,K5a3b1a850e68e1179ffaab8a8182196b1d087696ef52257a0a6ffad347030b14,2,complete,0.0,0,0,0,0,4442d344-f7a5-4076-84ed-3bbc8d5f133c,2026-10-02T10:17:34.004310+00:00,True
normal_27_034,test,normal_27,27,34,0.0,基于机器学习和新闻文本的原油期货资产配置研究_钟浩.pdf,P0010,live_normal,Keff678b299227ecddcbf4d17f7660b95ad60c101672d17ba7b273738c73df3c0,2,complete,0.0,0,0,0,0,9cc6e07c-67e5-489e-b62b-f69e534ee439,2026-10-02T10:17:34.648667+00:00,True
normal_27_035,test,normal_27,27,35,0.0,基于机器学习算法的黑色系期货价格预测_郭梓晗.pdf,P0015,live_normal,K5a3b1a850e68e1179ffaab8a8182196b1d087696ef52257a0a6ffad347030b14,2,complete,0.0,0,0,0,0,fdec80b2-2b90-4043-9473-5247d1d9b094,2026-10-02T10:17:35.715623+00:00,True
normal_27_036,test,normal_27,27,36,0.0,气候金融背景下的气温衍生品定价研究——基于机器学习算法_杨刚.pdf,P0005,live_normal,K49cf5919474d41c8f7083ab6cb64a02560857ee3d54409accfc8538f21abb419,2,complete,0.0,0,0,0,0,04ae4c69-9780-46c2-a812-cadea75dee38,2026-10-02T10:17:36.672942+00:00,True
normal_27_037,test,normal_27,27,37,0.0,基于机器学习和新闻文本的原油期货资产配置研究_钟浩.pdf,P0010,live_normal,Keff678b299227ecddcbf4d17f7660b95ad60c101672d17ba7b273738c73df3c0,2,complete,0.0,0,0,0,0,5846e6fa-9ce5-4b01-b47f-25d772aba6de,2026-10-02T10:17:37.548126+00:00,True
normal_27_038,test,normal_27,27,38,0.0,气候金融背景下的气温衍生品定价研究——基于机器学习算法_杨刚.pdf,P0004,live_normal,K9270f70913c0acef9bfc8848ba83f8d9b692f8ab4f838c7fb64aaa248fe849fb,2,complete,0.0,0,0,0,0,f9659d99-8f64-4320-a6bf-d1eda0290489,2026-10-02T10:17:38.303394+00:00,True
normal_27_039,test,normal_27,27,39,0.0,信息熵在机器学习算法中的运用_张璐瑶.pdf,P0012,live_normal,K9455b6d7518a5c36d827b4348e81a09fdcc5e5fe003e877bc05bb7eb138eca2f,2,complete,0.0,0,0,0,0,2da30be0-6244-411c-b313-4dfb4519d1fa,2026-10-02T10:17:39.862822+00:00,True
normal_27_040,test,normal_27,27,40,0.0,基于机器学习算法的黑色系期货价格预测_郭梓晗.pdf,P0015,live_normal,K5a3b1a850e68e1179ffaab8a8182196b1d087696ef52257a0a6ffad347030b14,2,complete,0.0,0,0,0,0,328b705d-152f-47ca-b86e-338c487eb708,2026-10-02T10:17:40.811441+00:00,True
normal_28_001,test,normal_28,28,1,0.0,基于机器学习算法的黑色系期货价格预测_郭梓晗.pdf,P0015,live_normal,K5a3b1a850e68e1179ffaab8a8182196b1d087696ef52257a0a6ffad347030b14,2,complete,0.0,0,0,0,0,0a58e618-9059-4f4c-aec5-79c42da56721,2026-10-02T10:14:42.972800+00:00,True
normal_28_002,test,normal_28,28,2,0.0,基于机器学习和新闻文本的原油期货资产配置研究_钟浩.pdf,P0010,live_normal,Keff678b299227ecddcbf4d17f7660b95ad60c101672d17ba7b273738c73df3c0,2,complete,0.0,0,0,0,0,a6d2b463-9516-4349-9153-cd5b78b92088,2026-10-02T10:14:43.919646+00:00,True
normal_28_003,test,normal_28,28,3,0.0,信息熵在机器学习算法中的运用_张璐瑶.pdf,P0012,live_normal,K9455b6d7518a5c36d827b4348e81a09fdcc5e5fe003e877bc05bb7eb138eca2f,2,complete,0.0,0,0,0,0,12508796-0ee4-4ce8-af22-f12a51eecf7d,2026-10-02T10:14:44.900290+00:00,True
normal_28_004,test,normal_28,28,4,0.0,基于机器学习算法的黑色系期货价格预测_郭梓晗.pdf,P0015,live_normal,K5a3b1a850e68e1179ffaab8a8182196b1d087696ef52257a0a6ffad347030b14,2,complete,0.0,0,0,0,0,5531e4fa-243c-47b6-8496-330454807964,2026-10-02T10:14:45.704106+00:00,True
normal_28_005,test,normal_28,28,5,0.0,信息熵在机器学习算法中的运用_张璐瑶.pdf,P0012,live_normal,K9455b6d7518a5c36d827b4348e81a09fdcc5e5fe003e877bc05bb7eb138eca2f,2,complete,0.0,0,0,0,0,58c5ade6-3d1a-4236-a2e3-36997d1a9d31,2026-10-02T10:14:46.443588+00:00,True
normal_28_006,test,normal_28,28,6,0.0,信息熵在机器学习算法中的运用_张璐瑶.pdf,P0012,live_normal,K9455b6d7518a5c36d827b4348e81a09fdcc5e5fe003e877bc05bb7eb138eca2f,2,complete,0.0,0,0,0,0,98d4e964-e517-4e84-a0ef-c3d2774c2ce0,2026-10-02T10:14:47.138811+00:00,True
normal_28_007,test,normal_28,28,7,0.0,信息熵在机器学习算法中的运用_张璐瑶.pdf,P0012,live_normal,K9455b6d7518a5c36d827b4348e81a09fdcc5e5fe003e877bc05bb7eb138eca2f,2,complete,0.0,0,0,0,0,44c9a677-92f7-4568-a6c4-20b1e44f8c97,2026-10-02T10:14:47.721459+00:00,True
normal_28_008,test,normal_28,28,8,0.0,基于机器学习和新闻文本的原油期货资产配置研究_钟浩.pdf,P0010,live_normal,Keff678b299227ecddcbf4d17f7660b95ad60c101672d17ba7b273738c73df3c0,2,complete,0.0,0,0,0,0,3711d170-dbca-40a0-9b36-0afc6989110c,2026-10-02T10:14:48.593148+00:00,True
normal_28_009,test,normal_28,28,9,0.0,基于机器学习和新闻文本的原油期货资产配置研究_钟浩.pdf,P0010,live_normal,Keff678b299227ecddcbf4d17f7660b95ad60c101672d17ba7b273738c73df3c0,2,complete,0.0,0,0,0,0,2ca0e360-c904-4f29-893c-7945027c3a94,2026-10-02T10:14:49.211545+00:00,True
normal_28_010,test,normal_28,28,10,0.0,基于机器学习和新闻文本的原油期货资产配置研究_钟浩.pdf,P0010,live_normal,Keff678b299227ecddcbf4d17f7660b95ad60c101672d17ba7b273738c73df3c0,2,complete,0.0,0,0,0,0,31baff01-c629-4fae-88db-15364688848c,2026-10-02T10:14:50.260046+00:00,True
normal_28_011,test,normal_28,28,11,0.0,信息熵在机器学习算法中的运用_张璐瑶.pdf,P0012,live_normal,K9455b6d7518a5c36d827b4348e81a09fdcc5e5fe003e877bc05bb7eb138eca2f,2,complete,0.0,0,0,0,0,c5a4fad0-6f74-49b8-99cf-24d8c948a5af,2026-10-02T10:14:50.824731+00:00,True
normal_28_012,test,normal_28,28,12,0.0,气候金融背景下的气温衍生品定价研究——基于机器学习算法_杨刚.pdf,P0005,live_normal,K49cf5919474d41c8f7083ab6cb64a02560857ee3d54409accfc8538f21abb419,2,complete,0.0,0,0,0,0,e0dc144d-db72-48a3-a4ff-d8e3d01187ee,2026-10-02T10:14:51.331626+00:00,True
normal_28_013,test,normal_28,28,13,0.0,基于机器学习和新闻文本的原油期货资产配置研究_钟浩.pdf,P0010,live_normal,Keff678b299227ecddcbf4d17f7660b95ad60c101672d17ba7b273738c73df3c0,2,complete,0.0,0,0,0,0,166eea50-2511-4b86-9a11-1036a756829d,2026-10-02T10:14:51.883487+00:00,True
normal_28_014,test,normal_28,28,14,0.0,基于机器学习算法的黑色系期货价格预测_郭梓晗.pdf,P0015,live_normal,K5a3b1a850e68e1179ffaab8a8182196b1d087696ef52257a0a6ffad347030b14,2,complete,0.0,0,0,0,0,ba68cd82-45bb-4682-8f97-cffdacb8dfd9,2026-10-02T10:14:52.463966+00:00,True
normal_28_015,test,normal_28,28,15,0.0,基于机器学习算法的黑色系期货价格预测_郭梓晗.pdf,P0015,live_normal,K5a3b1a850e68e1179ffaab8a8182196b1d087696ef52257a0a6ffad347030b14,2,complete,0.0,0,0,0,0,435e61df-e0dd-48bb-9099-be8274f7c6eb,2026-10-02T10:14:53.410196+00:00,True
normal_28_016,test,normal_28,28,16,0.0,基于机器学习算法的黑色系期货价格预测_郭梓晗.pdf,P0015,live_normal,K5a3b1a850e68e1179ffaab8a8182196b1d087696ef52257a0a6ffad347030b14,2,complete,0.0,0,0,0,0,f2cb314b-8a42-4949-b0b0-8be9c512ac73,2026-10-02T10:14:53.994163+00:00,True
normal_28_017,test,normal_28,28,17,0.0,气候金融背景下的气温衍生品定价研究——基于机器学习算法_杨刚.pdf,P0004,live_normal,K9270f70913c0acef9bfc8848ba83f8d9b692f8ab4f838c7fb64aaa248fe849fb,2,complete,0.0,0,0,0,0,1a4715db-5ae0-480e-8ff7-9d3d1ab67bbb,2026-10-02T10:14:54.813858+00:00,True
normal_28_018,test,normal_28,28,18,0.0,基于机器学习和新闻文本的原油期货资产配置研究_钟浩.pdf,P0010,live_normal,Keff678b299227ecddcbf4d17f7660b95ad60c101672d17ba7b273738c73df3c0,2,complete,0.0,0,0,0,0,0bd5e3c9-8788-4b38-933d-3b079b0690a1,2026-10-02T10:14:55.324104+00:00,True
normal_28_019,test,normal_28,28,19,0.0,信息熵在机器学习算法中的运用_张璐瑶.pdf,P0012,live_normal,K9455b6d7518a5c36d827b4348e81a09fdcc5e5fe003e877bc05bb7eb138eca2f,2,complete,0.0,0,0,0,0,fa839bb0-3589-410b-86fc-bd0d97c5b108,2026-10-02T10:14:56.011457+00:00,True
normal_28_020,test,normal_28,28,20,0.0,信息熵在机器学习算法中的运用_张璐瑶.pdf,P0012,live_normal,K9455b6d7518a5c36d827b4348e81a09fdcc5e5fe003e877bc05bb7eb138eca2f,2,complete,0.0,0,0,0,0,010d5a27-f2d0-4561-8d0b-c4d48e7f6282,2026-10-02T10:14:56.868000+00:00,True
normal_28_021,test,normal_28,28,21,0.0,基于机器学习算法的黑色系期货价格预测_郭梓晗.pdf,P0015,live_normal,K5a3b1a850e68e1179ffaab8a8182196b1d087696ef52257a0a6ffad347030b14,2,complete,0.0,0,0,0,0,d5e09384-c484-4ec7-85e7-d19de8a850b6,2026-10-02T10:14:57.584431+00:00,True
normal_28_022,test,normal_28,28,22,0.0,信息熵在机器学习算法中的运用_张璐瑶.pdf,P0012,live_normal,K9455b6d7518a5c36d827b4348e81a09fdcc5e5fe003e877bc05bb7eb138eca2f,2,complete,0.0,0,0,0,0,6863c81a-3d1f-4a80-8214-c6017a1b6d6f,2026-10-02T10:14:58.278232+00:00,True
normal_28_023,test,normal_28,28,23,0.0,基于机器学习算法的黑色系期货价格预测_郭梓晗.pdf,P0015,live_normal,K02bb1dc42b9bf68b5351b568c548ebc99723d1e35095ee7c9bf1c7a874a360ed,2,complete,0.0,0,0,0,0,292cd04c-3517-49d8-bf77-a9f4aaafd97f,2026-10-02T10:14:58.782422+00:00,True
normal_28_024,test,normal_28,28,24,0.0,气候金融背景下的气温衍生品定价研究——基于机器学习算法_杨刚.pdf,P0004,live_normal,K9270f70913c0acef9bfc8848ba83f8d9b692f8ab4f838c7fb64aaa248fe849fb,2,complete,0.0,0,0,0,0,69bfbb36-4bd9-414b-ada0-d029c503d26d,2026-10-02T10:14:59.700416+00:00,True
normal_28_025,test,normal_28,28,25,0.0,基于机器学习和新闻文本的原油期货资产配置研究_钟浩.pdf,P0010,live_normal,Keff678b299227ecddcbf4d17f7660b95ad60c101672d17ba7b273738c73df3c0,2,complete,0.0,0,0,0,0,946bf36a-258c-46d6-896d-f5d4e2996ded,2026-10-02T10:15:00.356409+00:00,True
normal_28_026,test,normal_28,28,26,0.0,基于机器学习算法的黑色系期货价格预测_郭梓晗.pdf,P0015,live_normal,K5a3b1a850e68e1179ffaab8a8182196b1d087696ef52257a0a6ffad347030b14,2,complete,0.0,0,0,0,0,3b0772cb-cd36-42f3-b5bc-810bf1cc8bb3,2026-10-02T10:15:00.901540+00:00,True
normal_28_027,test,normal_28,28,27,0.0,基于机器学习算法的黑色系期货价格预测_郭梓晗.pdf,P0015,live_normal,K5a3b1a850e68e1179ffaab8a8182196b1d087696ef52257a0a6ffad347030b14,2,complete,0.0,0,0,0,0,e5067bbe-996f-4f38-9354-9214b04ae2c2,2026-10-02T10:15:01.595937+00:00,True
normal_28_028,test,normal_28,28,28,0.0,基于机器学习和新闻文本的原油期货资产配置研究_钟浩.pdf,P0010,live_normal,Keff678b299227ecddcbf4d17f7660b95ad60c101672d17ba7b273738c73df3c0,2,complete,0.0,0,0,0,0,2f7662a3-b917-4fa0-b544-ea0a8423a74f,2026-10-02T10:15:02.634082+00:00,True
normal_28_029,test,normal_28,28,29,0.0,气候金融背景下的气温衍生品定价研究——基于机器学习算法_杨刚.pdf,P0005,live_normal,K49cf5919474d41c8f7083ab6cb64a02560857ee3d54409accfc8538f21abb419,2,complete,0.0,0,0,0,0,4dc321a5-a5ae-42ec-ab53-8de6a849c26a,2026-10-02T10:15:03.119036+00:00,True
normal_28_030,test,normal_28,28,30,0.0,基于机器学习和新闻文本的原油期货资产配置研究_钟浩.pdf,P0010,live_normal,Keff678b299227ecddcbf4d17f7660b95ad60c101672d17ba7b273738c73df3c0,2,complete,0.0,0,0,0,0,579adbb3-f844-4e39-9abd-61de1b539f3a,2026-10-02T10:15:03.987436+00:00,True
normal_28_031,test,normal_28,28,31,0.0,基于机器学习算法的黑色系期货价格预测_郭梓晗.pdf,P0015,live_normal,K5a3b1a850e68e1179ffaab8a8182196b1d087696ef52257a0a6ffad347030b14,2,complete,0.0,0,0,0,0,7c1bf5ac-8069-46fa-b3d3-1fb9506de4b5,2026-10-02T10:15:04.956746+00:00,True
normal_28_032,test,normal_28,28,32,0.0,基于机器学习和新闻文本的原油期货资产配置研究_钟浩.pdf,P0010,live_normal,Keff678b299227ecddcbf4d17f7660b95ad60c101672d17ba7b273738c73df3c0,2,complete,0.0,0,0,0,0,9740c12d-7efd-43ca-a79d-1e604e3c554e,2026-10-02T10:15:05.817375+00:00,True
normal_28_033,test,normal_28,28,33,0.0,信息熵在机器学习算法中的运用_张璐瑶.pdf,P0012,live_normal,K9455b6d7518a5c36d827b4348e81a09fdcc5e5fe003e877bc05bb7eb138eca2f,2,complete,0.0,0,0,0,0,4739665d-6732-4161-ae7a-f829ddbc3c09,2026-10-02T10:15:06.222261+00:00,True
normal_28_034,test,normal_28,28,34,0.0,气候金融背景下的气温衍生品定价研究——基于机器学习算法_杨刚.pdf,P0005,live_normal,K49cf5919474d41c8f7083ab6cb64a02560857ee3d54409accfc8538f21abb419,2,complete,0.0,0,0,0,0,fdcde87a-2b96-4303-8d78-1d756c4b9834,2026-10-02T10:15:07.065699+00:00,True
normal_28_035,test,normal_28,28,35,0.0,气候金融背景下的气温衍生品定价研究——基于机器学习算法_杨刚.pdf,P0005,live_normal,K49cf5919474d41c8f7083ab6cb64a02560857ee3d54409accfc8538f21abb419,2,complete,0.0,0,0,0,0,7520e979-efcc-45b8-abeb-2ca7712b95b7,2026-10-02T10:15:07.657584+00:00,True
normal_28_036,test,normal_28,28,36,0.0,信息熵在机器学习算法中的运用_张璐瑶.pdf,P0012,live_normal,K9455b6d7518a5c36d827b4348e81a09fdcc5e5fe003e877bc05bb7eb138eca2f,2,complete,0.0,0,0,0,0,4cb91aa1-b3fd-4c02-ad40-778c76056292,2026-10-02T10:15:08.703662+00:00,True
normal_28_037,test,normal_28,28,37,0.0,信息熵在机器学习算法中的运用_张璐瑶.pdf,P0012,live_normal,K9455b6d7518a5c36d827b4348e81a09fdcc5e5fe003e877bc05bb7eb138eca2f,2,complete,0.0,0,0,0,0,b962a8b4-3d6c-4d14-8035-e9de2605047f,2026-10-02T10:15:09.785840+00:00,True
normal_28_038,test,normal_28,28,38,0.0,基于机器学习算法的黑色系期货价格预测_郭梓晗.pdf,P0015,live_normal,K5a3b1a850e68e1179ffaab8a8182196b1d087696ef52257a0a6ffad347030b14,2,complete,0.0,0,0,0,0,53657d8a-531c-43d8-aec9-f178a2ba31ee,2026-10-02T10:15:10.474887+00:00,True
normal_28_039,test,normal_28,28,39,0.0,气候金融背景下的气温衍生品定价研究——基于机器学习算法_杨刚.pdf,P0005,live_normal,K49cf5919474d41c8f7083ab6cb64a02560857ee3d54409accfc8538f21abb419,2,complete,0.0,0,0,0,0,2b40a5cd-f6ee-4810-b35d-ad4e1de999d0,2026-10-02T10:15:11.136864+00:00,True
normal_28_040,test,normal_28,28,40,0.0,基于机器学习和新闻文本的原油期货资产配置研究_钟浩.pdf,P0010,live_normal,Keff678b299227ecddcbf4d17f7660b95ad60c101672d17ba7b273738c73df3c0,2,complete,0.0,0,0,0,0,aa257f92-23b1-472b-b72b-2204f1d8cc4b,2026-10-02T10:15:11.751241+00:00,True
normal_29_001,test,normal_29,29,1,0.0,基于机器学习和新闻文本的原油期货资产配置研究_钟浩.pdf,P0010,live_normal,Keff678b299227ecddcbf4d17f7660b95ad60c101672d17ba7b273738c73df3c0,2,complete,0.0,0,0,0,0,e02b47cc-4fb2-4643-90aa-e3dba7daef74,2026-10-02T10:19:35.259654+00:00,True
normal_29_002,test,normal_29,29,2,0.0,基于机器学习算法的黑色系期货价格预测_郭梓晗.pdf,P0015,live_normal,K5a3b1a850e68e1179ffaab8a8182196b1d087696ef52257a0a6ffad347030b14,2,complete,0.0,0,0,0,0,30817d75-0254-4144-b51a-1e3c686fe225,2026-10-02T10:19:36.019980+00:00,True
normal_29_003,test,normal_29,29,3,0.0,气候金融背景下的气温衍生品定价研究——基于机器学习算法_杨刚.pdf,P0004,live_normal,K9270f70913c0acef9bfc8848ba83f8d9b692f8ab4f838c7fb64aaa248fe849fb,2,complete,0.0,0,0,0,0,e6c9fb79-9685-43cd-85ff-dc7597a16107,2026-10-02T10:19:36.794798+00:00,True
normal_29_004,test,normal_29,29,4,0.0,气候金融背景下的气温衍生品定价研究——基于机器学习算法_杨刚.pdf,P0004,live_normal,K9270f70913c0acef9bfc8848ba83f8d9b692f8ab4f838c7fb64aaa248fe849fb,2,complete,0.0,0,0,0,0,da418fb0-9d27-4f3c-9ab3-ceeb31f22d1c,2026-10-02T10:19:37.353108+00:00,True
normal_29_005,test,normal_29,29,5,0.0,气候金融背景下的气温衍生品定价研究——基于机器学习算法_杨刚.pdf,P0004,live_normal,K9270f70913c0acef9bfc8848ba83f8d9b692f8ab4f838c7fb64aaa248fe849fb,2,complete,0.0,0,0,0,0,8a109dac-7eb8-402d-ad52-694c18b82b09,2026-10-02T10:19:38.128714+00:00,True
normal_29_006,test,normal_29,29,6,0.0,信息熵在机器学习算法中的运用_张璐瑶.pdf,P0012,live_normal,K9455b6d7518a5c36d827b4348e81a09fdcc5e5fe003e877bc05bb7eb138eca2f,2,complete,0.0,0,0,0,0,d493ce0e-521a-4675-82f5-b7acd8e06e83,2026-10-02T10:19:38.787231+00:00,True
normal_29_007,test,normal_29,29,7,0.0,信息熵在机器学习算法中的运用_张璐瑶.pdf,P0012,live_normal,K9455b6d7518a5c36d827b4348e81a09fdcc5e5fe003e877bc05bb7eb138eca2f,2,complete,0.0,0,0,0,0,37f57a79-8f2e-4e24-a0da-78c5b4705e0d,2026-10-02T10:19:39.698919+00:00,True
normal_29_008,test,normal_29,29,8,0.0,基于机器学习算法的黑色系期货价格预测_郭梓晗.pdf,P0015,live_normal,K5a3b1a850e68e1179ffaab8a8182196b1d087696ef52257a0a6ffad347030b14,2,complete,0.0,0,0,0,0,7b69e99f-78a0-4048-8316-72e4f22e68af,2026-10-02T10:19:40.314550+00:00,True
normal_29_009,test,normal_29,29,9,0.0,气候金融背景下的气温衍生品定价研究——基于机器学习算法_杨刚.pdf,P0005,live_normal,K49cf5919474d41c8f7083ab6cb64a02560857ee3d54409accfc8538f21abb419,2,complete,0.0,0,0,0,0,f7d8009d-5c92-4d9f-a56b-5bd0312a2996,2026-10-02T10:19:41.055180+00:00,True
normal_29_010,test,normal_29,29,10,0.0,基于机器学习算法的黑色系期货价格预测_郭梓晗.pdf,P0015,live_normal,K5a3b1a850e68e1179ffaab8a8182196b1d087696ef52257a0a6ffad347030b14,2,complete,0.0,0,0,0,0,50722f6c-2e0f-4b86-9ec0-b30f600842cd,2026-10-02T10:19:41.801902+00:00,True
normal_29_011,test,normal_29,29,11,0.0,气候金融背景下的气温衍生品定价研究——基于机器学习算法_杨刚.pdf,P0004,live_normal,K9270f70913c0acef9bfc8848ba83f8d9b692f8ab4f838c7fb64aaa248fe849fb,2,complete,0.0,0,0,0,0,29d11339-200b-4fc4-a8f2-e71271194908,2026-10-02T10:19:42.460238+00:00,True
normal_29_012,test,normal_29,29,12,0.0,气候金融背景下的气温衍生品定价研究——基于机器学习算法_杨刚.pdf,P0004,live_normal,K9270f70913c0acef9bfc8848ba83f8d9b692f8ab4f838c7fb64aaa248fe849fb,2,complete,0.0,0,0,0,0,dab49308-c0bb-403c-afbd-88fc636a9097,2026-10-02T10:19:42.928390+00:00,True
normal_29_013,test,normal_29,29,13,0.0,信息熵在机器学习算法中的运用_张璐瑶.pdf,P0012,live_normal,K9455b6d7518a5c36d827b4348e81a09fdcc5e5fe003e877bc05bb7eb138eca2f,2,complete,0.0,0,0,0,0,c4957072-e591-4db0-9b6f-216f8f1bdd48,2026-10-02T10:19:43.469483+00:00,True
normal_29_014,test,normal_29,29,14,0.0,气候金融背景下的气温衍生品定价研究——基于机器学习算法_杨刚.pdf,P0005,live_normal,K49cf5919474d41c8f7083ab6cb64a02560857ee3d54409accfc8538f21abb419,2,complete,0.0,0,0,0,0,07ae519e-f240-4045-9dd6-74ace9bcb585,2026-10-02T10:19:44.256967+00:00,True
normal_29_015,test,normal_29,29,15,0.0,信息熵在机器学习算法中的运用_张璐瑶.pdf,P0012,live_normal,K9455b6d7518a5c36d827b4348e81a09fdcc5e5fe003e877bc05bb7eb138eca2f,2,complete,0.0,0,0,0,0,8c213607-fc1d-43dd-998a-a07e2a92fbd1,2026-10-02T10:19:44.777674+00:00,True
normal_29_016,test,normal_29,29,16,0.0,基于机器学习算法的黑色系期货价格预测_郭梓晗.pdf,P0015,live_normal,K5a3b1a850e68e1179ffaab8a8182196b1d087696ef52257a0a6ffad347030b14,2,complete,0.0,0,0,0,0,af83a2b8-7d1b-4cdb-b4ec-a35bc423501c,2026-10-02T10:19:45.561978+00:00,True
normal_29_017,test,normal_29,29,17,0.0,基于机器学习和新闻文本的原油期货资产配置研究_钟浩.pdf,P0010,live_normal,Keff678b299227ecddcbf4d17f7660b95ad60c101672d17ba7b273738c73df3c0,2,complete,0.0,0,0,0,0,e3a56d1b-2c81-43ca-a1f3-ec528a2100c0,2026-10-02T10:19:46.213272+00:00,True
normal_29_018,test,normal_29,29,18,0.0,气候金融背景下的气温衍生品定价研究——基于机器学习算法_杨刚.pdf,P0005,live_normal,K49cf5919474d41c8f7083ab6cb64a02560857ee3d54409accfc8538f21abb419,2,complete,0.0,0,0,0,0,4e731f34-2725-4c62-9977-1472a7c0e59c,2026-10-02T10:19:47.265379+00:00,True
normal_29_019,test,normal_29,29,19,0.0,信息熵在机器学习算法中的运用_张璐瑶.pdf,P0012,live_normal,K9455b6d7518a5c36d827b4348e81a09fdcc5e5fe003e877bc05bb7eb138eca2f,2,complete,0.0,0,0,0,0,295e9a89-185d-415d-9f53-f7f59f433ce8,2026-10-02T10:19:48.265913+00:00,True
normal_29_020,test,normal_29,29,20,0.0,气候金融背景下的气温衍生品定价研究——基于机器学习算法_杨刚.pdf,P0005,live_normal,K49cf5919474d41c8f7083ab6cb64a02560857ee3d54409accfc8538f21abb419,2,complete,0.0,0,0,0,0,5ab20d25-d50c-4b3f-8dae-439cc678334a,2026-10-02T10:19:49.255582+00:00,True
normal_29_021,test,normal_29,29,21,0.0,信息熵在机器学习算法中的运用_张璐瑶.pdf,P0012,live_normal,K9455b6d7518a5c36d827b4348e81a09fdcc5e5fe003e877bc05bb7eb138eca2f,2,complete,0.0,0,0,0,0,924f9a14-57e6-4421-a92f-e67e87b44d10,2026-10-02T10:19:49.789147+00:00,True
normal_29_022,test,normal_29,29,22,0.0,气候金融背景下的气温衍生品定价研究——基于机器学习算法_杨刚.pdf,P0004,live_normal,K9270f70913c0acef9bfc8848ba83f8d9b692f8ab4f838c7fb64aaa248fe849fb,2,complete,0.0,0,0,0,0,8ac9ecf0-eb64-45c5-b4e2-fc14212ec9a0,2026-10-02T10:19:50.532464+00:00,True
normal_29_023,test,normal_29,29,23,0.0,基于机器学习和新闻文本的原油期货资产配置研究_钟浩.pdf,P0010,live_normal,Keff678b299227ecddcbf4d17f7660b95ad60c101672d17ba7b273738c73df3c0,2,complete,0.0,0,0,0,0,6cf7ee80-6672-413a-886c-43c1d6482bad,2026-10-02T10:19:51.468790+00:00,True
normal_29_024,test,normal_29,29,24,0.0,基于机器学习算法的黑色系期货价格预测_郭梓晗.pdf,P0015,live_normal,K5a3b1a850e68e1179ffaab8a8182196b1d087696ef52257a0a6ffad347030b14,2,complete,0.0,0,0,0,0,0b762632-4b23-43f4-841c-ce4d2fd47872,2026-10-02T10:19:52.243941+00:00,True
normal_29_025,test,normal_29,29,25,0.0,基于机器学习算法的黑色系期货价格预测_郭梓晗.pdf,P0015,live_normal,K5a3b1a850e68e1179ffaab8a8182196b1d087696ef52257a0a6ffad347030b14,2,complete,0.0,0,0,0,0,57aeb5a6-cef3-45f2-9fcd-10da28d72d9d,2026-10-02T10:19:53.080448+00:00,True
normal_29_026,test,normal_29,29,26,0.0,信息熵在机器学习算法中的运用_张璐瑶.pdf,P0012,live_normal,K9455b6d7518a5c36d827b4348e81a09fdcc5e5fe003e877bc05bb7eb138eca2f,2,complete,0.0,0,0,0,0,d545dd98-0306-47ec-ab96-b1b9a5051a8a,2026-10-02T10:19:53.810614+00:00,True
normal_29_027,test,normal_29,29,27,0.0,基于机器学习算法的黑色系期货价格预测_郭梓晗.pdf,P0015,live_normal,K5a3b1a850e68e1179ffaab8a8182196b1d087696ef52257a0a6ffad347030b14,2,complete,0.0,0,0,0,0,72c66cc8-2335-4f70-8b22-7d3783e4c2a8,2026-10-02T10:19:54.651395+00:00,True
normal_29_028,test,normal_29,29,28,0.0,气候金融背景下的气温衍生品定价研究——基于机器学习算法_杨刚.pdf,P0004,live_normal,K9270f70913c0acef9bfc8848ba83f8d9b692f8ab4f838c7fb64aaa248fe849fb,2,complete,0.0,0,0,0,0,c9e2ca83-8d90-47ac-bd0f-5d6dd5e25b4a,2026-10-02T10:19:55.455314+00:00,True
normal_29_029,test,normal_29,29,29,0.0,基于机器学习和新闻文本的原油期货资产配置研究_钟浩.pdf,P0010,live_normal,Keff678b299227ecddcbf4d17f7660b95ad60c101672d17ba7b273738c73df3c0,2,complete,0.0,0,0,0,0,112b9dd3-9eb2-4db6-8ba0-855078d7f2c0,2026-10-02T10:19:56.395857+00:00,True
normal_29_030,test,normal_29,29,30,0.0,气候金融背景下的气温衍生品定价研究——基于机器学习算法_杨刚.pdf,P0005,live_normal,K49cf5919474d41c8f7083ab6cb64a02560857ee3d54409accfc8538f21abb419,2,complete,0.0,0,0,0,0,f52888dc-9e6c-421c-b94f-62fe4bd42137,2026-10-02T10:19:57.453016+00:00,True
normal_29_031,test,normal_29,29,31,0.0,基于机器学习和新闻文本的原油期货资产配置研究_钟浩.pdf,P0010,live_normal,Keff678b299227ecddcbf4d17f7660b95ad60c101672d17ba7b273738c73df3c0,2,complete,0.0,0,0,0,0,c54519c8-c493-478c-9e08-00f2aa5974fb,2026-10-02T10:19:58.271956+00:00,True
normal_29_032,test,normal_29,29,32,0.0,基于机器学习算法的黑色系期货价格预测_郭梓晗.pdf,P0015,live_normal,K5a3b1a850e68e1179ffaab8a8182196b1d087696ef52257a0a6ffad347030b14,2,complete,0.0,0,0,0,0,900d6479-52d5-4341-b29a-afe736aef55e,2026-10-02T10:19:59.096849+00:00,True
normal_29_033,test,normal_29,29,33,0.0,气候金融背景下的气温衍生品定价研究——基于机器学习算法_杨刚.pdf,P0005,live_normal,K49cf5919474d41c8f7083ab6cb64a02560857ee3d54409accfc8538f21abb419,2,complete,0.0,0,0,0,0,d26dbfdc-42d1-43bd-add7-c865e770caa4,2026-10-02T10:19:59.929716+00:00,True
normal_29_034,test,normal_29,29,34,0.0,气候金融背景下的气温衍生品定价研究——基于机器学习算法_杨刚.pdf,P0004,live_normal,K9270f70913c0acef9bfc8848ba83f8d9b692f8ab4f838c7fb64aaa248fe849fb,2,complete,0.0,0,0,0,0,776851ea-3d18-4f9b-ae21-ff2353db2d9f,2026-10-02T10:20:00.608991+00:00,True
normal_29_035,test,normal_29,29,35,0.0,基于机器学习和新闻文本的原油期货资产配置研究_钟浩.pdf,P0010,live_normal,Keff678b299227ecddcbf4d17f7660b95ad60c101672d17ba7b273738c73df3c0,2,complete,0.0,0,0,0,0,4a7c64fd-65ac-4240-9276-14ccb701943d,2026-10-02T10:20:01.091997+00:00,True
normal_29_036,test,normal_29,29,36,0.0,基于机器学习和新闻文本的原油期货资产配置研究_钟浩.pdf,P0010,live_normal,Keff678b299227ecddcbf4d17f7660b95ad60c101672d17ba7b273738c73df3c0,2,complete,0.0,0,0,0,0,7ac6d22a-2dea-45c1-953e-db9be07d7e82,2026-10-02T10:20:01.693586+00:00,True
normal_29_037,test,normal_29,29,37,0.0,信息熵在机器学习算法中的运用_张璐瑶.pdf,P0012,live_normal,K9455b6d7518a5c36d827b4348e81a09fdcc5e5fe003e877bc05bb7eb138eca2f,2,complete,0.0,0,0,0,0,7fb80c0e-22f0-40e0-93be-d30694b14170,2026-10-02T10:20:02.922174+00:00,True
normal_29_038,test,normal_29,29,38,0.0,基于机器学习和新闻文本的原油期货资产配置研究_钟浩.pdf,P0010,live_normal,Keff678b299227ecddcbf4d17f7660b95ad60c101672d17ba7b273738c73df3c0,2,complete,0.0,0,0,0,0,996ba514-64dc-4106-8041-be6343383264,2026-10-02T10:20:03.404241+00:00,True
normal_29_039,test,normal_29,29,39,0.0,基于机器学习和新闻文本的原油期货资产配置研究_钟浩.pdf,P0010,live_normal,Keff678b299227ecddcbf4d17f7660b95ad60c101672d17ba7b273738c73df3c0,2,complete,0.0,0,0,0,0,e7f9d016-1d62-4bb0-b570-5dfa1cdf232d,2026-10-02T10:20:04.321146+00:00,True
normal_29_040,test,normal_29,29,40,0.0,基于机器学习和新闻文本的原油期货资产配置研究_钟浩.pdf,P0010,live_normal,Keff678b299227ecddcbf4d17f7660b95ad60c101672d17ba7b273738c73df3c0,2,complete,0.0,0,0,0,0,92dc6195-bd54-4894-8230-15110b161e91,2026-10-02T10:20:05.187057+00:00,True
fault_10_00_001,test,fault_10_00,0,1,0.1,基于机器学习和新闻文本的原油期货资产配置研究_钟浩.pdf,P0010,live_normal,Keff678b299227ecddcbf4d17f7660b95ad60c101672d17ba7b273738c73df3c0,2,complete,0.0,0,0,0,0,9ced108d-afa7-4abf-ae75-0d6ba0a00062,2026-10-02T10:18:37.813430+00:00,True
fault_10_00_002,test,fault_10_00,0,2,0.1,基于机器学习和新闻文本的原油期货资产配置研究_钟浩.pdf,P0010,live_normal,Keff678b299227ecddcbf4d17f7660b95ad60c101672d17ba7b273738c73df3c0,2,complete,0.0,0,0,0,0,ba0537b1-df06-4be0-b8d9-2c2b511300e0,2026-10-02T10:18:38.507823+00:00,True
fault_10_00_003,test,fault_10_00,0,3,0.1,基于机器学习算法的黑色系期货价格预测_郭梓晗.pdf,P0015,live_normal,K5a3b1a850e68e1179ffaab8a8182196b1d087696ef52257a0a6ffad347030b14,2,complete,0.0,0,0,0,0,b60ec4e1-b781-4fdf-bcad-3edbc220c967,2026-10-02T10:18:39.041803+00:00,True
fault_10_00_004,test,fault_10_00,0,4,0.1,基于机器学习算法的黑色系期货价格预测_郭梓晗.pdf,P0015,live_normal,K5a3b1a850e68e1179ffaab8a8182196b1d087696ef52257a0a6ffad347030b14,2,complete,0.0,0,0,0,0,af8c61f5-9a5b-4149-9ac7-9e6e88c6bf96,2026-10-02T10:18:39.923277+00:00,True
fault_10_00_005,test,fault_10_00,0,5,0.1,信息熵在机器学习算法中的运用_张璐瑶.pdf,P0012,live_normal,K9455b6d7518a5c36d827b4348e81a09fdcc5e5fe003e877bc05bb7eb138eca2f,2,complete,0.0,0,0,0,0,32f3db11-d1a7-4dab-9b1a-4bb46aa0c988,2026-10-02T10:18:40.360025+00:00,True
fault_10_00_006,test,fault_10_00,0,6,0.1,信息熵在机器学习算法中的运用_张璐瑶.pdf,P0012,live_normal,K9455b6d7518a5c36d827b4348e81a09fdcc5e5fe003e877bc05bb7eb138eca2f,2,complete,0.0,0,0,0,0,4dadedfe-7813-45a0-abde-8f662ab735af,2026-10-02T10:18:40.909394+00:00,True
fault_10_00_007,test,fault_10_00,0,7,0.1,基于机器学习算法的黑色系期货价格预测_郭梓晗.pdf,P0015,live_normal,K5a3b1a850e68e1179ffaab8a8182196b1d087696ef52257a0a6ffad347030b14,2,complete,0.0,0,0,0,0,4ce2d598-6d1c-4f60-96a6-2e3735d4d585,2026-10-02T10:18:41.659463+00:00,True
fault_10_00_008,test,fault_10_00,0,8,0.1,气候金融背景下的气温衍生品定价研究——基于机器学习算法_杨刚.pdf,P0005,live_normal,K49cf5919474d41c8f7083ab6cb64a02560857ee3d54409accfc8538f21abb419,2,complete,0.0,0,0,0,0,3df6ec35-1643-4dee-9b8a-b5f3548ecb22,2026-10-02T10:18:42.491109+00:00,True
fault_10_00_009,test,fault_10_00,0,9,0.1,气候金融背景下的气温衍生品定价研究——基于机器学习算法_杨刚.pdf,P0005,live_normal,K49cf5919474d41c8f7083ab6cb64a02560857ee3d54409accfc8538f21abb419,2,complete,0.0,0,0,0,0,b14ea23b-62db-45ec-ae8a-4e47a6297309,2026-10-02T10:18:43.328050+00:00,True
fault_10_00_010,test,fault_10_00,0,10,0.1,信息熵在机器学习算法中的运用_张璐瑶.pdf,P0012,live_normal,K9455b6d7518a5c36d827b4348e81a09fdcc5e5fe003e877bc05bb7eb138eca2f,2,complete,0.0,0,0,0,0,8ec795e9-061f-4d29-9efa-2fd20d6fce18,2026-10-02T10:18:43.852484+00:00,True
fault_10_00_011,test,fault_10_00,0,11,0.1,信息熵在机器学习算法中的运用_张璐瑶.pdf,P0012,live_normal,K9455b6d7518a5c36d827b4348e81a09fdcc5e5fe003e877bc05bb7eb138eca2f,2,complete,0.0,0,0,0,0,12ecdd62-1e91-4026-9264-c3c103025791,2026-10-02T10:18:44.485629+00:00,True
fault_10_00_012,test,fault_10_00,0,12,0.1,气候金融背景下的气温衍生品定价研究——基于机器学习算法_杨刚.pdf,P0004,live_normal,K9270f70913c0acef9bfc8848ba83f8d9b692f8ab4f838c7fb64aaa248fe849fb,2,complete,0.0,0,0,0,0,8eba4a04-79c5-4e54-9b8e-3b788e72afef,2026-10-02T10:18:45.054108+00:00,True
fault_10_00_013,test,fault_10_00,0,13,0.1,基于机器学习和新闻文本的原油期货资产配置研究_钟浩.pdf,P0010,live_normal,Keff678b299227ecddcbf4d17f7660b95ad60c101672d17ba7b273738c73df3c0,2,complete,0.0,0,0,0,0,68baa0ef-0d53-4a71-83e2-cef6b959afec,2026-10-02T10:18:45.743078+00:00,True
fault_10_00_014,test,fault_10_00,0,14,0.1,基于机器学习和新闻文本的原油期货资产配置研究_钟浩.pdf,P0010,live_normal,Keff678b299227ecddcbf4d17f7660b95ad60c101672d17ba7b273738c73df3c0,2,complete,0.0,0,0,0,0,db97bba2-0d08-4eeb-9f20-06ef1b4f4f3b,2026-10-02T10:18:46.375120+00:00,True
fault_10_00_015,test,fault_10_00,0,15,0.1,气候金融背景下的气温衍生品定价研究——基于机器学习算法_杨刚.pdf,P0004,live_normal,K9270f70913c0acef9bfc8848ba83f8d9b692f8ab4f838c7fb64aaa248fe849fb,2,complete,0.0,0,0,0,0,1f60e81c-81a4-4760-a2bf-9b8cc98ae78f,2026-10-02T10:18:47.046853+00:00,True
fault_10_00_016,test,fault_10_00,0,16,0.1,信息熵在机器学习算法中的运用_张璐瑶.pdf,P0012,live_normal,K9455b6d7518a5c36d827b4348e81a09fdcc5e5fe003e877bc05bb7eb138eca2f,2,complete,0.0,0,0,0,0,948d8109-60c4-4cfd-964b-6a1af89f3986,2026-10-02T10:18:47.829106+00:00,True
fault_10_00_017,test,fault_10_00,0,17,0.1,信息熵在机器学习算法中的运用_张璐瑶.pdf,P0012,live_normal,K9455b6d7518a5c36d827b4348e81a09fdcc5e5fe003e877bc05bb7eb138eca2f,2,complete,0.0,0,0,0,0,6dd40478-1c2a-4f8c-b40c-f009dd32f649,2026-10-02T10:18:48.557978+00:00,True
fault_10_00_018,test,fault_10_00,0,18,0.1,信息熵在机器学习算法中的运用_张璐瑶.pdf,P0012,live_normal,K9455b6d7518a5c36d827b4348e81a09fdcc5e5fe003e877bc05bb7eb138eca2f,2,complete,0.0,0,0,0,0,a887565f-563c-4fdf-ad94-ae3cce1919f4,2026-10-02T10:18:49.115377+00:00,True
fault_10_00_019,test,fault_10_00,0,19,0.1,基于机器学习和新闻文本的原油期货资产配置研究_钟浩.pdf,P0010,live_corrupted,K1014db88ff2f746e680e4a644febc1cd7c42811b0164ed5587902cfcc05b02f5,0,incomplete,0.5,1,0,0,0,a8347852-6066-4117-9fb6-c5daba42c919,2026-10-02T10:18:49.839365+00:00,True
fault_10_00_020,test,fault_10_00,0,20,0.1,气候金融背景下的气温衍生品定价研究——基于机器学习算法_杨刚.pdf,P0005,live_normal,K49cf5919474d41c8f7083ab6cb64a02560857ee3d54409accfc8538f21abb419,2,complete,0.0,0,0,0,0,6de14712-5cff-4dd7-8e01-39a254987434,2026-10-02T10:18:50.622258+00:00,True
fault_10_00_021,test,fault_10_00,0,21,0.1,气候金融背景下的气温衍生品定价研究——基于机器学习算法_杨刚.pdf,P0005,live_normal,K49cf5919474d41c8f7083ab6cb64a02560857ee3d54409accfc8538f21abb419,2,complete,0.0,0,0,0,0,6bd88d59-3cfb-42cb-b1ac-42525a76f28c,2026-10-02T10:18:51.307688+00:00,True
fault_10_00_022,test,fault_10_00,0,22,0.1,基于机器学习和新闻文本的原油期货资产配置研究_钟浩.pdf,P0010,live_normal,Keff678b299227ecddcbf4d17f7660b95ad60c101672d17ba7b273738c73df3c0,2,complete,0.0,0,0,0,0,0b134d37-770b-4756-bd47-2349aaeeb80c,2026-10-02T10:18:51.993102+00:00,True
fault_10_00_023,test,fault_10_00,0,23,0.1,信息熵在机器学习算法中的运用_张璐瑶.pdf,P0012,live_normal,K9455b6d7518a5c36d827b4348e81a09fdcc5e5fe003e877bc05bb7eb138eca2f,2,complete,0.0,0,0,0,0,ef16d20d-52ba-4793-936b-38e8930f1f3f,2026-10-02T10:18:52.918620+00:00,True
fault_10_00_024,test,fault_10_00,0,24,0.1,基于机器学习算法的黑色系期货价格预测_郭梓晗.pdf,P0015,live_corrupted,K38fb6ee734eea60c4050e432635f6c4ead95c3e0e37acb1bb3460039c89e60c3,0,incomplete,0.5,1,0,0,0,a42eaed0-9acb-495b-aa77-fc3cb13a1580,2026-10-02T10:18:53.786895+00:00,True
fault_10_00_025,test,fault_10_00,0,25,0.1,基于机器学习和新闻文本的原油期货资产配置研究_钟浩.pdf,P0010,live_normal,Keff678b299227ecddcbf4d17f7660b95ad60c101672d17ba7b273738c73df3c0,2,complete,0.0,0,0,0,0,0fe86dc6-c25a-4409-9cba-bc38f120a0cb,2026-10-02T10:18:54.778989+00:00,True
fault_10_00_026,test,fault_10_00,0,26,0.1,信息熵在机器学习算法中的运用_张璐瑶.pdf,P0012,live_corrupted,K9a0ef644e19dad102165caa70891b942c3d55d0685016c99c0efba8aff8570b9,0,incomplete,0.5,1,0,0,0,43bc482d-4dc8-4854-9924-21982313bcb6,2026-10-02T10:18:55.711673+00:00,True
fault_10_00_027,test,fault_10_00,0,27,0.1,信息熵在机器学习算法中的运用_张璐瑶.pdf,P0012,live_normal,K9455b6d7518a5c36d827b4348e81a09fdcc5e5fe003e877bc05bb7eb138eca2f,2,complete,0.0,0,0,0,0,84ba37fa-3820-46e3-bc6a-3dcd39e1ed21,2026-10-02T10:18:56.590245+00:00,True
fault_10_00_028,test,fault_10_00,0,28,0.1,基于机器学习算法的黑色系期货价格预测_郭梓晗.pdf,P0015,live_normal,K5a3b1a850e68e1179ffaab8a8182196b1d087696ef52257a0a6ffad347030b14,2,complete,0.0,0,0,0,0,1e8567ee-cd68-44f9-bd85-974e616c4b67,2026-10-02T10:18:57.297046+00:00,True
fault_10_00_029,test,fault_10_00,0,29,0.1,基于机器学习算法的黑色系期货价格预测_郭梓晗.pdf,P0015,live_corrupted,K38fb6ee734eea60c4050e432635f6c4ead95c3e0e37acb1bb3460039c89e60c3,0,incomplete,0.5,1,0,0,0,83ea8388-4659-4f1e-9625-edd69a786988,2026-10-02T10:18:57.901959+00:00,True
fault_10_00_030,test,fault_10_00,0,30,0.1,基于机器学习算法的黑色系期货价格预测_郭梓晗.pdf,P0015,live_normal,K5a3b1a850e68e1179ffaab8a8182196b1d087696ef52257a0a6ffad347030b14,2,complete,0.0,0,0,0,0,f1d93a5e-fd20-48a0-afce-3ad7f3a77fa8,2026-10-02T10:18:58.583757+00:00,True
fault_10_00_031,test,fault_10_00,0,31,0.1,气候金融背景下的气温衍生品定价研究——基于机器学习算法_杨刚.pdf,P0005,live_normal,K49cf5919474d41c8f7083ab6cb64a02560857ee3d54409accfc8538f21abb419,2,complete,0.0,0,0,0,0,5ad86f7e-cb96-4404-a0ca-3956f4e3a0ec,2026-10-02T10:18:59.350028+00:00,True
fault_10_00_032,test,fault_10_00,0,32,0.1,气候金融背景下的气温衍生品定价研究——基于机器学习算法_杨刚.pdf,P0005,live_normal,K49cf5919474d41c8f7083ab6cb64a02560857ee3d54409accfc8538f21abb419,2,complete,0.0,0,0,0,0,1e4c9616-dc4e-4d00-8dac-4f541454e5ae,2026-10-02T10:19:00.290950+00:00,True
fault_10_00_033,test,fault_10_00,0,33,0.1,信息熵在机器学习算法中的运用_张璐瑶.pdf,P0012,live_normal,K9455b6d7518a5c36d827b4348e81a09fdcc5e5fe003e877bc05bb7eb138eca2f,2,complete,0.0,0,0,0,0,465a0662-4c60-47b8-aead-5db0d1bfeed6,2026-10-02T10:19:00.760858+00:00,True
fault_10_00_034,test,fault_10_00,0,34,0.1,基于机器学习算法的黑色系期货价格预测_郭梓晗.pdf,P0015,live_normal,K5a3b1a850e68e1179ffaab8a8182196b1d087696ef52257a0a6ffad347030b14,2,complete,0.0,0,0,0,0,c602c970-6212-4785-82f8-8a3c3cf3a7db,2026-10-02T10:19:01.560573+00:00,True
fault_10_00_035,test,fault_10_00,0,35,0.1,气候金融背景下的气温衍生品定价研究——基于机器学习算法_杨刚.pdf,P0004,live_normal,K9270f70913c0acef9bfc8848ba83f8d9b692f8ab4f838c7fb64aaa248fe849fb,2,complete,0.0,0,0,0,0,dd8127ff-4357-44b4-811a-ab133e82d92b,2026-10-02T10:19:02.561931+00:00,True
fault_10_00_036,test,fault_10_00,0,36,0.1,基于机器学习算法的黑色系期货价格预测_郭梓晗.pdf,P0015,live_normal,K5a3b1a850e68e1179ffaab8a8182196b1d087696ef52257a0a6ffad347030b14,2,complete,0.0,0,0,0,0,4e970101-8999-449f-94ac-1c3f6da5ab92,2026-10-02T10:19:03.335018+00:00,True
fault_10_00_037,test,fault_10_00,0,37,0.1,信息熵在机器学习算法中的运用_张璐瑶.pdf,P0012,live_normal,K9455b6d7518a5c36d827b4348e81a09fdcc5e5fe003e877bc05bb7eb138eca2f,2,complete,0.0,0,0,0,0,080b19db-9451-4e5b-8169-00d83d82a164,2026-10-02T10:19:03.967422+00:00,True
fault_10_00_038,test,fault_10_00,0,38,0.1,气候金融背景下的气温衍生品定价研究——基于机器学习算法_杨刚.pdf,P0004,live_normal,K9270f70913c0acef9bfc8848ba83f8d9b692f8ab4f838c7fb64aaa248fe849fb,2,complete,0.0,0,0,0,0,757ce894-a335-4675-a0ea-744d020744db,2026-10-02T10:19:04.882062+00:00,True
fault_10_00_039,test,fault_10_00,0,39,0.1,基于机器学习和新闻文本的原油期货资产配置研究_钟浩.pdf,P0010,live_normal,Keff678b299227ecddcbf4d17f7660b95ad60c101672d17ba7b273738c73df3c0,2,complete,0.0,0,0,0,0,1ee28c4d-ed79-4096-8203-23807c61501d,2026-10-02T10:19:05.469641+00:00,True
fault_10_00_040,test,fault_10_00,0,40,0.1,基于机器学习算法的黑色系期货价格预测_郭梓晗.pdf,P0015,live_normal,K5a3b1a850e68e1179ffaab8a8182196b1d087696ef52257a0a6ffad347030b14,2,complete,0.0,0,0,0,0,bee7be95-ad27-4410-b881-375c03f712dd,2026-10-02T10:19:06.247074+00:00,True
fault_10_01_001,test,fault_10_01,1,1,0.1,基于机器学习算法的黑色系期货价格预测_郭梓晗.pdf,P0015,live_normal,K5a3b1a850e68e1179ffaab8a8182196b1d087696ef52257a0a6ffad347030b14,2,complete,0.0,0,0,0,0,b8b4534c-b8c7-4b28-ba32-604549050bf0,2026-10-02T10:17:05.646050+00:00,True
fault_10_01_002,test,fault_10_01,1,2,0.1,气候金融背景下的气温衍生品定价研究——基于机器学习算法_杨刚.pdf,P0004,live_normal,K9270f70913c0acef9bfc8848ba83f8d9b692f8ab4f838c7fb64aaa248fe849fb,2,complete,0.0,0,0,0,0,900e6c1f-2769-4b3b-a377-491adbedccef,2026-10-02T10:17:06.421689+00:00,True
fault_10_01_003,test,fault_10_01,1,3,0.1,信息熵在机器学习算法中的运用_张璐瑶.pdf,P0012,live_normal,K9455b6d7518a5c36d827b4348e81a09fdcc5e5fe003e877bc05bb7eb138eca2f,2,complete,0.0,0,0,0,0,5b99a6eb-0eaa-4942-ab2b-eca17a2e91a5,2026-10-02T10:17:06.948027+00:00,True
fault_10_01_004,test,fault_10_01,1,4,0.1,基于机器学习算法的黑色系期货价格预测_郭梓晗.pdf,P0015,live_normal,K5a3b1a850e68e1179ffaab8a8182196b1d087696ef52257a0a6ffad347030b14,2,complete,0.0,0,0,0,0,67b39515-e802-42c4-9e1b-d91495342a13,2026-10-02T10:17:07.752028+00:00,True
fault_10_01_005,test,fault_10_01,1,5,0.1,基于机器学习和新闻文本的原油期货资产配置研究_钟浩.pdf,P0010,live_normal,Keff678b299227ecddcbf4d17f7660b95ad60c101672d17ba7b273738c73df3c0,2,complete,0.0,0,0,0,0,d5776fe9-e5d6-4aca-aa66-419b384c42f6,2026-10-02T10:17:08.783984+00:00,True
fault_10_01_006,test,fault_10_01,1,6,0.1,基于机器学习算法的黑色系期货价格预测_郭梓晗.pdf,P0015,live_normal,K5a3b1a850e68e1179ffaab8a8182196b1d087696ef52257a0a6ffad347030b14,2,complete,0.0,0,0,0,0,e2f5ad7f-4a64-46a3-89b0-b19695aa1136,2026-10-02T10:17:09.803963+00:00,True
fault_10_01_007,test,fault_10_01,1,7,0.1,基于机器学习算法的黑色系期货价格预测_郭梓晗.pdf,P0015,live_normal,K5a3b1a850e68e1179ffaab8a8182196b1d087696ef52257a0a6ffad347030b14,2,complete,0.0,0,0,0,0,4f3e05db-8cb2-4ca8-9550-6b3fc798f153,2026-10-02T10:17:10.598929+00:00,True
fault_10_01_008,test,fault_10_01,1,8,0.1,基于机器学习算法的黑色系期货价格预测_郭梓晗.pdf,P0015,live_normal,K5a3b1a850e68e1179ffaab8a8182196b1d087696ef52257a0a6ffad347030b14,2,complete,0.0,0,0,0,0,28e7acdc-d7af-4630-a289-7a684550d47e,2026-10-02T10:17:11.573487+00:00,True
fault_10_01_009,test,fault_10_01,1,9,0.1,基于机器学习和新闻文本的原油期货资产配置研究_钟浩.pdf,P0010,live_normal,Keff678b299227ecddcbf4d17f7660b95ad60c101672d17ba7b273738c73df3c0,2,complete,0.0,0,0,0,0,f38a7a84-59e7-4432-808f-6a4be7813d8d,2026-10-02T10:17:12.624509+00:00,True
fault_10_01_010,test,fault_10_01,1,10,0.1,基于机器学习算法的黑色系期货价格预测_郭梓晗.pdf,P0015,live_normal,K5a3b1a850e68e1179ffaab8a8182196b1d087696ef52257a0a6ffad347030b14,2,complete,0.0,0,0,0,0,733abcff-9a0f-447c-910a-5bd31609c2a8,2026-10-02T10:17:13.538158+00:00,True
fault_10_01_011,test,fault_10_01,1,11,0.1,气候金融背景下的气温衍生品定价研究——基于机器学习算法_杨刚.pdf,P0005,live_normal,Kf3ea2a47d88a646e6f2b6eb9185ca4261c1ea08aacbe7bea23189551f42130a6,2,complete,0.0,0,0,0,0,ab49ea44-1833-444a-a906-c4e18577ac48,2026-10-02T10:17:14.006768+00:00,True
fault_10_01_012,test,fault_10_01,1,12,0.1,基于机器学习算法的黑色系期货价格预测_郭梓晗.pdf,P0015,live_normal,K5a3b1a850e68e1179ffaab8a8182196b1d087696ef52257a0a6ffad347030b14,2,complete,0.0,0,0,0,0,9c183227-2bed-4c41-b0bc-a12e29811018,2026-10-02T10:17:14.696405+00:00,True
fault_10_01_013,test,fault_10_01,1,13,0.1,信息熵在机器学习算法中的运用_张璐瑶.pdf,P0012,live_normal,K9455b6d7518a5c36d827b4348e81a09fdcc5e5fe003e877bc05bb7eb138eca2f,2,complete,0.0,0,0,0,0,01ddaf8a-5705-4409-9be7-e9dfb9882200,2026-10-02T10:17:15.376747+00:00,True
fault_10_01_014,test,fault_10_01,1,14,0.1,基于机器学习算法的黑色系期货价格预测_郭梓晗.pdf,P0015,live_normal,K5a3b1a850e68e1179ffaab8a8182196b1d087696ef52257a0a6ffad347030b14,2,complete,0.0,0,0,0,0,4ce6152e-d339-4348-af66-536cdd3ec1f1,2026-10-02T10:17:15.999759+00:00,True
fault_10_01_015,test,fault_10_01,1,15,0.1,基于机器学习算法的黑色系期货价格预测_郭梓晗.pdf,P0015,live_normal,K5a3b1a850e68e1179ffaab8a8182196b1d087696ef52257a0a6ffad347030b14,2,complete,0.0,0,0,0,0,ebd0f134-247d-45e0-bb6c-c2560bd8a9b5,2026-10-02T10:17:16.998557+00:00,True
fault_10_01_016,test,fault_10_01,1,16,0.1,基于机器学习和新闻文本的原油期货资产配置研究_钟浩.pdf,P0010,live_normal,Keff678b299227ecddcbf4d17f7660b95ad60c101672d17ba7b273738c73df3c0,2,complete,0.0,0,0,0,0,0b75f07b-b0d6-429e-a235-0d8a81478947,2026-10-02T10:17:17.434657+00:00,True
fault_10_01_017,test,fault_10_01,1,17,0.1,信息熵在机器学习算法中的运用_张璐瑶.pdf,P0012,live_normal,K9455b6d7518a5c36d827b4348e81a09fdcc5e5fe003e877bc05bb7eb138eca2f,2,complete,0.0,0,0,0,0,84283e1e-ea76-421a-9429-e4bf7413e9bf,2026-10-02T10:17:18.368321+00:00,True
fault_10_01_018,test,fault_10_01,1,18,0.1,基于机器学习算法的黑色系期货价格预测_郭梓晗.pdf,P0015,live_normal,K02bb1dc42b9bf68b5351b568c548ebc99723d1e35095ee7c9bf1c7a874a360ed,2,complete,0.0,0,0,0,0,76240acb-e2b3-43f5-8c23-e2ebc28089db,2026-10-02T10:17:18.861227+00:00,True
fault_10_01_019,test,fault_10_01,1,19,0.1,气候金融背景下的气温衍生品定价研究——基于机器学习算法_杨刚.pdf,P0005,live_normal,K49cf5919474d41c8f7083ab6cb64a02560857ee3d54409accfc8538f21abb419,2,complete,0.0,0,0,0,0,5c5d87d3-369b-4807-94f2-560f6580da57,2026-10-02T10:17:19.479967+00:00,True
fault_10_01_020,test,fault_10_01,1,20,0.1,信息熵在机器学习算法中的运用_张璐瑶.pdf,P0012,live_normal,K9455b6d7518a5c36d827b4348e81a09fdcc5e5fe003e877bc05bb7eb138eca2f,2,complete,0.0,0,0,0,0,750fe4e4-cd54-4754-8cfb-764aef93af8e,2026-10-02T10:17:20.313165+00:00,True
fault_10_01_021,test,fault_10_01,1,21,0.1,基于机器学习和新闻文本的原油期货资产配置研究_钟浩.pdf,P0010,live_normal,Keff678b299227ecddcbf4d17f7660b95ad60c101672d17ba7b273738c73df3c0,2,complete,0.0,0,0,0,0,30930d17-ea23-4af3-aa6f-bffdc49c9da7,2026-10-02T10:17:20.961353+00:00,True
fault_10_01_022,test,fault_10_01,1,22,0.1,信息熵在机器学习算法中的运用_张璐瑶.pdf,P0012,live_normal,K9455b6d7518a5c36d827b4348e81a09fdcc5e5fe003e877bc05bb7eb138eca2f,2,complete,0.0,0,0,0,0,2ab51444-30d9-4c97-bce9-4019832eb614,2026-10-02T10:17:21.813224+00:00,True
fault_10_01_023,test,fault_10_01,1,23,0.1,基于机器学习算法的黑色系期货价格预测_郭梓晗.pdf,P0015,live_normal,K5a3b1a850e68e1179ffaab8a8182196b1d087696ef52257a0a6ffad347030b14,2,complete,0.0,0,0,0,0,601f4d47-ca19-4774-9b62-95f42844ecd6,2026-10-02T10:17:22.691437+00:00,True
fault_10_01_024,test,fault_10_01,1,24,0.1,基于机器学习算法的黑色系期货价格预测_郭梓晗.pdf,P0015,live_corrupted,K38fb6ee734eea60c4050e432635f6c4ead95c3e0e37acb1bb3460039c89e60c3,0,incomplete,0.5,1,0,0,0,60400a1c-347e-41f3-8ea6-8ca4929c13df,2026-10-02T10:17:23.543439+00:00,True
fault_10_01_025,test,fault_10_01,1,25,0.1,基于机器学习和新闻文本的原油期货资产配置研究_钟浩.pdf,P0010,live_normal,Keff678b299227ecddcbf4d17f7660b95ad60c101672d17ba7b273738c73df3c0,2,complete,0.0,0,0,0,0,28f0669a-105b-4645-878a-d6ae9a68e5f1,2026-10-02T10:17:24.337631+00:00,True
fault_10_01_026,test,fault_10_01,1,26,0.1,基于机器学习算法的黑色系期货价格预测_郭梓晗.pdf,P0015,live_normal,K5a3b1a850e68e1179ffaab8a8182196b1d087696ef52257a0a6ffad347030b14,2,complete,0.0,0,0,0,0,68e06c16-2c15-4edf-a2da-de7c9881dca3,2026-10-02T10:17:25.585605+00:00,True
fault_10_01_027,test,fault_10_01,1,27,0.1,信息熵在机器学习算法中的运用_张璐瑶.pdf,P0012,live_normal,K9455b6d7518a5c36d827b4348e81a09fdcc5e5fe003e877bc05bb7eb138eca2f,2,complete,0.0,0,0,0,0,870ad4e2-a748-47c6-b672-f8b2e118c96b,2026-10-02T10:17:26.590687+00:00,True
fault_10_01_028,test,fault_10_01,1,28,0.1,气候金融背景下的气温衍生品定价研究——基于机器学习算法_杨刚.pdf,P0004,live_normal,K9270f70913c0acef9bfc8848ba83f8d9b692f8ab4f838c7fb64aaa248fe849fb,2,complete,0.0,0,0,0,0,ac1129d8-682c-4f1f-a814-ac100f225d2c,2026-10-02T10:17:27.237067+00:00,True
fault_10_01_029,test,fault_10_01,1,29,0.1,信息熵在机器学习算法中的运用_张璐瑶.pdf,P0012,live_normal,K9455b6d7518a5c36d827b4348e81a09fdcc5e5fe003e877bc05bb7eb138eca2f,2,complete,0.0,0,0,0,0,2b76e867-36f9-4139-a9b3-b253590d280e,2026-10-02T10:17:27.959117+00:00,True
fault_10_01_030,test,fault_10_01,1,30,0.1,基于机器学习和新闻文本的原油期货资产配置研究_钟浩.pdf,P0010,live_normal,Keff678b299227ecddcbf4d17f7660b95ad60c101672d17ba7b273738c73df3c0,2,complete,0.0,0,0,0,0,5aad97d0-dba2-4b93-8afd-61784a139fc5,2026-10-02T10:17:28.638269+00:00,True
fault_10_01_031,test,fault_10_01,1,31,0.1,气候金融背景下的气温衍生品定价研究——基于机器学习算法_杨刚.pdf,P0004,live_normal,K9270f70913c0acef9bfc8848ba83f8d9b692f8ab4f838c7fb64aaa248fe849fb,2,complete,0.0,0,0,0,0,65ecd524-c900-428b-9c03-0b858f3a37aa,2026-10-02T10:17:29.298021+00:00,True
fault_10_01_032,test,fault_10_01,1,32,0.1,信息熵在机器学习算法中的运用_张璐瑶.pdf,P0012,live_normal,K9455b6d7518a5c36d827b4348e81a09fdcc5e5fe003e877bc05bb7eb138eca2f,2,complete,0.0,0,0,0,0,dc0da41e-8ff9-4605-b072-992ab35c2d30,2026-10-02T10:17:30.171051+00:00,True
fault_10_01_033,test,fault_10_01,1,33,0.1,基于机器学习算法的黑色系期货价格预测_郭梓晗.pdf,P0015,live_normal,K5a3b1a850e68e1179ffaab8a8182196b1d087696ef52257a0a6ffad347030b14,2,complete,0.0,0,0,0,0,54a4d9f5-5fa0-4311-b11f-0968be222403,2026-10-02T10:17:30.810633+00:00,True
fault_10_01_034,test,fault_10_01,1,34,0.1,基于机器学习算法的黑色系期货价格预测_郭梓晗.pdf,P0015,live_normal,K5a3b1a850e68e1179ffaab8a8182196b1d087696ef52257a0a6ffad347030b14,2,complete,0.0,0,0,0,0,270215b4-f90e-4f88-a214-016899ad9238,2026-10-02T10:17:31.554143+00:00,True
fault_10_01_035,test,fault_10_01,1,35,0.1,基于机器学习算法的黑色系期货价格预测_郭梓晗.pdf,P0015,live_normal,K5a3b1a850e68e1179ffaab8a8182196b1d087696ef52257a0a6ffad347030b14,2,complete,0.0,0,0,0,0,c4f1b41d-a600-4ffa-8dcb-dca027799764,2026-10-02T10:17:32.182123+00:00,True
fault_10_01_036,test,fault_10_01,1,36,0.1,信息熵在机器学习算法中的运用_张璐瑶.pdf,P0012,live_normal,K9455b6d7518a5c36d827b4348e81a09fdcc5e5fe003e877bc05bb7eb138eca2f,2,complete,0.0,0,0,0,0,3422eaa4-65d2-438d-9918-dd7e19158a1d,2026-10-02T10:17:32.981925+00:00,True
fault_10_01_037,test,fault_10_01,1,37,0.1,基于机器学习和新闻文本的原油期货资产配置研究_钟浩.pdf,P0010,live_normal,Keff678b299227ecddcbf4d17f7660b95ad60c101672d17ba7b273738c73df3c0,2,complete,0.0,0,0,0,0,54a06014-ac73-46a2-b5a9-7662b4ca5c89,2026-10-02T10:17:33.690386+00:00,True
fault_10_01_038,test,fault_10_01,1,38,0.1,信息熵在机器学习算法中的运用_张璐瑶.pdf,P0012,live_normal,K9455b6d7518a5c36d827b4348e81a09fdcc5e5fe003e877bc05bb7eb138eca2f,2,complete,0.0,0,0,0,0,84774874-4ce2-4b77-b0c5-95fdd59ef1b3,2026-10-02T10:17:34.331425+00:00,True
fault_10_01_039,test,fault_10_01,1,39,0.1,信息熵在机器学习算法中的运用_张璐瑶.pdf,P0012,live_normal,K9455b6d7518a5c36d827b4348e81a09fdcc5e5fe003e877bc05bb7eb138eca2f,2,complete,0.0,0,0,0,0,2011bac3-a1d4-4a0f-bb51-c5dcdcdf714a,2026-10-02T10:17:35.159192+00:00,True
fault_10_01_040,test,fault_10_01,1,40,0.1,基于机器学习算法的黑色系期货价格预测_郭梓晗.pdf,P0015,live_normal,K5a3b1a850e68e1179ffaab8a8182196b1d087696ef52257a0a6ffad347030b14,2,complete,0.0,0,0,0,0,1a36d25c-6908-4868-ac77-b646ebffc58f,2026-10-02T10:17:36.206312+00:00,True
fault_10_02_001,test,fault_10_02,2,1,0.1,基于机器学习算法的黑色系期货价格预测_郭梓晗.pdf,P0015,live_normal,K5a3b1a850e68e1179ffaab8a8182196b1d087696ef52257a0a6ffad347030b14,2,complete,0.0,0,0,0,0,298aa127-7d6b-4819-886a-4db218c72903,2026-10-02T10:18:37.144085+00:00,True
fault_10_02_002,test,fault_10_02,2,2,0.1,信息熵在机器学习算法中的运用_张璐瑶.pdf,P0012,live_normal,K9455b6d7518a5c36d827b4348e81a09fdcc5e5fe003e877bc05bb7eb138eca2f,2,complete,0.0,0,0,0,0,3ebea54b-146a-456b-8d45-087c92827277,2026-10-02T10:18:37.975665+00:00,True
fault_10_02_003,test,fault_10_02,2,3,0.1,基于机器学习算法的黑色系期货价格预测_郭梓晗.pdf,P0015,live_normal,K5a3b1a850e68e1179ffaab8a8182196b1d087696ef52257a0a6ffad347030b14,2,complete,0.0,0,0,0,0,96d8d398-8677-4d58-93a5-df18216212fa,2026-10-02T10:18:38.869524+00:00,True
fault_10_02_004,test,fault_10_02,2,4,0.1,信息熵在机器学习算法中的运用_张璐瑶.pdf,P0012,live_normal,K9455b6d7518a5c36d827b4348e81a09fdcc5e5fe003e877bc05bb7eb138eca2f,2,complete,0.0,0,0,0,0,9a02a4fd-4f08-4cf6-b285-9a8f1e5e9a5b,2026-10-02T10:18:39.383279+00:00,True
fault_10_02_005,test,fault_10_02,2,5,0.1,基于机器学习算法的黑色系期货价格预测_郭梓晗.pdf,P0015,live_normal,K5a3b1a850e68e1179ffaab8a8182196b1d087696ef52257a0a6ffad347030b14,2,complete,0.0,0,0,0,0,ec80d650-d49b-489f-8594-22f4635e861b,2026-10-02T10:18:39.961070+00:00,True
fault_10_02_006,test,fault_10_02,2,6,0.1,基于机器学习算法的黑色系期货价格预测_郭梓晗.pdf,P0015,live_normal,K5a3b1a850e68e1179ffaab8a8182196b1d087696ef52257a0a6ffad347030b14,2,complete,0.0,0,0,0,0,ae9bec2b-c613-4ba8-a69a-ed1bd087b186,2026-10-02T10:18:40.614590+00:00,True
fault_10_02_007,test,fault_10_02,2,7,0.1,信息熵在机器学习算法中的运用_张璐瑶.pdf,P0012,live_normal,K9455b6d7518a5c36d827b4348e81a09fdcc5e5fe003e877bc05bb7eb138eca2f,2,complete,0.0,0,0,0,0,1d571d46-eabe-4e98-b64e-52dcc20c988e,2026-10-02T10:18:41.305261+00:00,True
fault_10_02_008,test,fault_10_02,2,8,0.1,基于机器学习和新闻文本的原油期货资产配置研究_钟浩.pdf,P0010,live_normal,Keff678b299227ecddcbf4d17f7660b95ad60c101672d17ba7b273738c73df3c0,2,complete,0.0,0,0,0,0,23abed09-c34e-43c2-a95e-738e68ed181b,2026-10-02T10:18:42.153406+00:00,True
fault_10_02_009,test,fault_10_02,2,9,0.1,信息熵在机器学习算法中的运用_张璐瑶.pdf,P0012,live_normal,K9455b6d7518a5c36d827b4348e81a09fdcc5e5fe003e877bc05bb7eb138eca2f,2,complete,0.0,0,0,0,0,2192ef68-9d5f-44f2-95c5-e3a96e8e4b61,2026-10-02T10:18:42.745184+00:00,True
fault_10_02_010,test,fault_10_02,2,10,0.1,基于机器学习算法的黑色系期货价格预测_郭梓晗.pdf,P0015,live_normal,K5a3b1a850e68e1179ffaab8a8182196b1d087696ef52257a0a6ffad347030b14,2,complete,0.0,0,0,0,0,82163099-7ab9-483f-bf7c-ac322e68bc34,2026-10-02T10:18:43.624297+00:00,True
fault_10_02_011,test,fault_10_02,2,11,0.1,气候金融背景下的气温衍生品定价研究——基于机器学习算法_杨刚.pdf,P0005,live_normal,K49cf5919474d41c8f7083ab6cb64a02560857ee3d54409accfc8538f21abb419,2,complete,0.0,0,0,0,0,9337e095-6bd4-4b22-90b1-f9d0e5c65ddb,2026-10-02T10:18:44.269166+00:00,True
fault_10_02_012,test,fault_10_02,2,12,0.1,信息熵在机器学习算法中的运用_张璐瑶.pdf,P0012,live_normal,K9455b6d7518a5c36d827b4348e81a09fdcc5e5fe003e877bc05bb7eb138eca2f,2,complete,0.0,0,0,0,0,a6a7762d-fc3c-401d-bd6a-85c3a126ddef,2026-10-02T10:18:45.126466+00:00,True
fault_10_02_013,test,fault_10_02,2,13,0.1,信息熵在机器学习算法中的运用_张璐瑶.pdf,P0012,live_normal,K9455b6d7518a5c36d827b4348e81a09fdcc5e5fe003e877bc05bb7eb138eca2f,2,complete,0.0,0,0,0,0,289ef766-c8b0-445a-89f9-5fc547fa3c3e,2026-10-02T10:18:45.999297+00:00,True
fault_10_02_014,test,fault_10_02,2,14,0.1,信息熵在机器学习算法中的运用_张璐瑶.pdf,P0012,live_normal,K9455b6d7518a5c36d827b4348e81a09fdcc5e5fe003e877bc05bb7eb138eca2f,2,complete,0.0,0,0,0,0,9a0f930b-a4ba-49d7-acbf-1cc52bfcac81,2026-10-02T10:18:46.600722+00:00,True
fault_10_02_015,test,fault_10_02,2,15,0.1,基于机器学习算法的黑色系期货价格预测_郭梓晗.pdf,P0015,live_normal,K02bb1dc42b9bf68b5351b568c548ebc99723d1e35095ee7c9bf1c7a874a360ed,2,complete,0.0,0,0,0,0,9d18d1c6-639f-41c7-83a8-6775ff99191c,2026-10-02T10:18:47.179050+00:00,True
fault_10_02_016,test,fault_10_02,2,16,0.1,基于机器学习算法的黑色系期货价格预测_郭梓晗.pdf,P0015,live_normal,K5a3b1a850e68e1179ffaab8a8182196b1d087696ef52257a0a6ffad347030b14,2,complete,0.0,0,0,0,0,ef138f0c-2ce6-4962-b8d4-2ed85bb9fdb2,2026-10-02T10:18:47.826021+00:00,True
fault_10_02_017,test,fault_10_02,2,17,0.1,信息熵在机器学习算法中的运用_张璐瑶.pdf,P0012,live_normal,K9455b6d7518a5c36d827b4348e81a09fdcc5e5fe003e877bc05bb7eb138eca2f,2,complete,0.0,0,0,0,0,642eafbb-dd4b-43b4-ba10-e4a0d04ace5a,2026-10-02T10:18:48.610955+00:00,True
fault_10_02_018,test,fault_10_02,2,18,0.1,气候金融背景下的气温衍生品定价研究——基于机器学习算法_杨刚.pdf,P0004,live_normal,K9270f70913c0acef9bfc8848ba83f8d9b692f8ab4f838c7fb64aaa248fe849fb,2,complete,0.0,0,0,0,0,e2dde2df-ba04-4747-b62f-83b8d276e76b,2026-10-02T10:18:49.446411+00:00,True
fault_10_02_019,test,fault_10_02,2,19,0.1,基于机器学习和新闻文本的原油期货资产配置研究_钟浩.pdf,P0010,live_normal,Keff678b299227ecddcbf4d17f7660b95ad60c101672d17ba7b273738c73df3c0,2,complete,0.0,0,0,0,0,0f6e0e43-dd1d-4bf8-83de-b520f37feed9,2026-10-02T10:18:50.175910+00:00,True
fault_10_02_020,test,fault_10_02,2,20,0.1,信息熵在机器学习算法中的运用_张璐瑶.pdf,P0012,live_normal,K9455b6d7518a5c36d827b4348e81a09fdcc5e5fe003e877bc05bb7eb138eca2f,2,complete,0.0,0,0,0,0,e8ebaa45-8224-493e-bf01-58a96971875e,2026-10-02T10:18:51.011793+00:00,True
fault_10_02_021,test,fault_10_02,2,21,0.1,基于机器学习算法的黑色系期货价格预测_郭梓晗.pdf,P0015,live_normal,K02bb1dc42b9bf68b5351b568c548ebc99723d1e35095ee7c9bf1c7a874a360ed,2,complete,0.0,0,0,0,0,3e841fee-4782-4564-99a8-f864defe15b5,2026-10-02T10:18:51.575286+00:00,True
fault_10_02_022,test,fault_10_02,2,22,0.1,信息熵在机器学习算法中的运用_张璐瑶.pdf,P0012,live_normal,K9455b6d7518a5c36d827b4348e81a09fdcc5e5fe003e877bc05bb7eb138eca2f,2,complete,0.0,0,0,0,0,16213137-e667-4c12-9794-18f5dc967e8b,2026-10-02T10:18:52.424722+00:00,True
fault_10_02_023,test,fault_10_02,2,23,0.1,基于机器学习算法的黑色系期货价格预测_郭梓晗.pdf,P0015,live_normal,K5a3b1a850e68e1179ffaab8a8182196b1d087696ef52257a0a6ffad347030b14,2,complete,0.0,0,0,0,0,2f5f627d-582e-4d4f-84c9-438c1054fd2c,2026-10-02T10:18:53.150011+00:00,True
fault_10_02_024,test,fault_10_02,2,24,0.1,基于机器学习算法的黑色系期货价格预测_郭梓晗.pdf,P0015,live_normal,K5a3b1a850e68e1179ffaab8a8182196b1d087696ef52257a0a6ffad347030b14,2,complete,0.0,0,0,0,0,1a69ec8c-7c9a-475f-a0cb-844322318cbc,2026-10-02T10:18:53.624992+00:00,True
fault_10_02_025,test,fault_10_02,2,25,0.1,基于机器学习算法的黑色系期货价格预测_郭梓晗.pdf,P0015,live_normal,K5a3b1a850e68e1179ffaab8a8182196b1d087696ef52257a0a6ffad347030b14,2,complete,0.0,0,0,0,0,7bc661d4-eb8a-4830-8266-18882d94c321,2026-10-02T10:18:54.331461+00:00,True
fault_10_02_026,test,fault_10_02,2,26,0.1,信息熵在机器学习算法中的运用_张璐瑶.pdf,P0012,live_normal,K9455b6d7518a5c36d827b4348e81a09fdcc5e5fe003e877bc05bb7eb138eca2f,2,complete,0.0,0,0,0,0,e5c91ea8-f7c5-4f56-ad84-f598c8b6dfe0,2026-10-02T10:18:55.195454+00:00,True
fault_10_02_027,test,fault_10_02,2,27,0.1,气候金融背景下的气温衍生品定价研究——基于机器学习算法_杨刚.pdf,P0005,live_corrupted,Kbb697191e483d0bea78be7ee72904aaa773c7da8956c4d27224dbf776646ee0b,0,incomplete,0.3333333333333333,1,0,0,0,71353b83-ea79-4f33-8aad-695c01c6da98,2026-10-02T10:18:55.971506+00:00,True
fault_10_02_028,test,fault_10_02,2,28,0.1,信息熵在机器学习算法中的运用_张璐瑶.pdf,P0012,live_corrupted,K9a0ef644e19dad102165caa70891b942c3d55d0685016c99c0efba8aff8570b9,0,incomplete,0.5,1,0,0,0,2565c8bd-3242-4e82-a725-aceb606a87bd,2026-10-02T10:18:56.607943+00:00,True
fault_10_02_029,test,fault_10_02,2,29,0.1,基于机器学习算法的黑色系期货价格预测_郭梓晗.pdf,P0015,live_normal,K02bb1dc42b9bf68b5351b568c548ebc99723d1e35095ee7c9bf1c7a874a360ed,2,complete,0.0,0,0,0,0,784b86ac-8aee-4e91-882e-31625b78303e,2026-10-02T10:18:57.029075+00:00,True
fault_10_02_030,test,fault_10_02,2,30,0.1,信息熵在机器学习算法中的运用_张璐瑶.pdf,P0012,live_normal,K9455b6d7518a5c36d827b4348e81a09fdcc5e5fe003e877bc05bb7eb138eca2f,2,complete,0.0,0,0,0,0,4c90bc4d-e283-44f1-a8e6-d55df10359ba,2026-10-02T10:18:57.638934+00:00,True
fault_10_02_031,test,fault_10_02,2,31,0.1,基于机器学习和新闻文本的原油期货资产配置研究_钟浩.pdf,P0010,live_normal,Keff678b299227ecddcbf4d17f7660b95ad60c101672d17ba7b273738c73df3c0,2,complete,0.0,0,0,0,0,aadfd32e-4d6a-4dcd-857c-3a883615bf58,2026-10-02T10:18:58.533719+00:00,True
fault_10_02_032,test,fault_10_02,2,32,0.1,基于机器学习和新闻文本的原油期货资产配置研究_钟浩.pdf,P0010,live_normal,Keff678b299227ecddcbf4d17f7660b95ad60c101672d17ba7b273738c73df3c0,2,complete,0.0,0,0,0,0,7f1da330-73b9-4298-bbe4-235f717ca58b,2026-10-02T10:18:58.998395+00:00,True
fault_10_02_033,test,fault_10_02,2,33,0.1,基于机器学习和新闻文本的原油期货资产配置研究_钟浩.pdf,P0010,live_normal,Keff678b299227ecddcbf4d17f7660b95ad60c101672d17ba7b273738c73df3c0,2,complete,0.0,0,0,0,0,c31c12fc-e645-4429-9c38-6b1a1cd22434,2026-10-02T10:18:59.536288+00:00,True
fault_10_02_034,test,fault_10_02,2,34,0.1,基于机器学习算法的黑色系期货价格预测_郭梓晗.pdf,P0015,live_normal,K5a3b1a850e68e1179ffaab8a8182196b1d087696ef52257a0a6ffad347030b14,2,complete,0.0,0,0,0,0,5f7da8b7-e6bf-4d33-8fdd-2ff5549b2400,2026-10-02T10:19:00.307647+00:00,True
fault_10_02_035,test,fault_10_02,2,35,0.1,信息熵在机器学习算法中的运用_张璐瑶.pdf,P0012,live_normal,K9455b6d7518a5c36d827b4348e81a09fdcc5e5fe003e877bc05bb7eb138eca2f,2,complete,0.0,0,0,0,0,e5fc7191-92cb-4215-bd13-2484598726cb,2026-10-02T10:19:01.299195+00:00,True
fault_10_02_036,test,fault_10_02,2,36,0.1,信息熵在机器学习算法中的运用_张璐瑶.pdf,P0012,live_normal,K9455b6d7518a5c36d827b4348e81a09fdcc5e5fe003e877bc05bb7eb138eca2f,2,complete,0.0,0,0,0,0,13ec8e6c-12ab-40c8-8b33-c67e50ee1db6,2026-10-02T10:19:02.050898+00:00,True
fault_10_02_037,test,fault_10_02,2,37,0.1,基于机器学习和新闻文本的原油期货资产配置研究_钟浩.pdf,P0010,live_normal,Keff678b299227ecddcbf4d17f7660b95ad60c101672d17ba7b273738c73df3c0,2,complete,0.0,0,0,0,0,6a049c29-7025-457c-8916-2d249c289034,2026-10-02T10:19:02.954425+00:00,True
fault_10_02_038,test,fault_10_02,2,38,0.1,气候金融背景下的气温衍生品定价研究——基于机器学习算法_杨刚.pdf,P0005,live_corrupted,K876ff7a0c74888ab52b31888a29dbcac5e4154c971477e192b8070fc0f221073,0,incomplete,0.3333333333333333,1,0,0,0,9f3c9e33-21fc-4259-ac20-b75e2a7159f1,2026-10-02T10:19:03.703354+00:00,True
fault_10_02_039,test,fault_10_02,2,39,0.1,气候金融背景下的气温衍生品定价研究——基于机器学习算法_杨刚.pdf,P0004,live_normal,K9270f70913c0acef9bfc8848ba83f8d9b692f8ab4f838c7fb64aaa248fe849fb,2,complete,0.0,0,0,0,0,78ec0970-97e7-409c-8807-5c197e142ce9,2026-10-02T10:19:04.573156+00:00,True
fault_10_02_040,test,fault_10_02,2,40,0.1,气候金融背景下的气温衍生品定价研究——基于机器学习算法_杨刚.pdf,P0005,live_normal,K49cf5919474d41c8f7083ab6cb64a02560857ee3d54409accfc8538f21abb419,2,complete,0.0,0,0,0,0,0ff13423-ebd3-4aac-8fa9-63770813a33a,2026-10-02T10:19:05.194477+00:00,True
fault_10_03_001,test,fault_10_03,3,1,0.1,基于机器学习算法的黑色系期货价格预测_郭梓晗.pdf,P0015,live_normal,K5a3b1a850e68e1179ffaab8a8182196b1d087696ef52257a0a6ffad347030b14,2,complete,0.0,0,0,0,0,5dc125bf-7ce2-4a7e-aab6-b057d728c56d,2026-10-02T10:17:30.957270+00:00,True
fault_10_03_002,test,fault_10_03,3,2,0.1,基于机器学习和新闻文本的原油期货资产配置研究_钟浩.pdf,P0010,live_normal,Keff678b299227ecddcbf4d17f7660b95ad60c101672d17ba7b273738c73df3c0,2,complete,0.0,0,0,0,0,2b207a23-a1f7-4d9c-8675-15b01c335de7,2026-10-02T10:17:31.723939+00:00,True
fault_10_03_003,test,fault_10_03,3,3,0.1,信息熵在机器学习算法中的运用_张璐瑶.pdf,P0012,live_normal,K9455b6d7518a5c36d827b4348e81a09fdcc5e5fe003e877bc05bb7eb138eca2f,2,complete,0.0,0,0,0,0,bd5042c2-fca6-4765-ab34-4ee6a4658d34,2026-10-02T10:17:32.190258+00:00,True
fault_10_03_004,test,fault_10_03,3,4,0.1,基于机器学习和新闻文本的原油期货资产配置研究_钟浩.pdf,P0010,live_normal,Keff678b299227ecddcbf4d17f7660b95ad60c101672d17ba7b273738c73df3c0,2,complete,0.0,0,0,0,0,91d0ec5f-c2be-4c46-b574-b5b5522f1f3d,2026-10-02T10:17:32.591867+00:00,True
fault_10_03_005,test,fault_10_03,3,5,0.1,气候金融背景下的气温衍生品定价研究——基于机器学习算法_杨刚.pdf,P0004,live_normal,K9270f70913c0acef9bfc8848ba83f8d9b692f8ab4f838c7fb64aaa248fe849fb,2,complete,0.0,0,0,0,0,8bad220a-6bef-41c7-ad67-34fc5ba128a5,2026-10-02T10:17:33.032247+00:00,True
fault_10_03_006,test,fault_10_03,3,6,0.1,信息熵在机器学习算法中的运用_张璐瑶.pdf,P0012,live_normal,K9455b6d7518a5c36d827b4348e81a09fdcc5e5fe003e877bc05bb7eb138eca2f,2,complete,0.0,0,0,0,0,449eedc5-e91e-4ab1-8978-d6e18cf979a8,2026-10-02T10:17:33.727279+00:00,True
fault_10_03_007,test,fault_10_03,3,7,0.1,气候金融背景下的气温衍生品定价研究——基于机器学习算法_杨刚.pdf,P0005,live_normal,K49cf5919474d41c8f7083ab6cb64a02560857ee3d54409accfc8538f21abb419,2,complete,0.0,0,0,0,0,92884634-3f3a-4edf-a372-8d34e149e29e,2026-10-02T10:17:34.451579+00:00,True
fault_10_03_008,test,fault_10_03,3,8,0.1,基于机器学习和新闻文本的原油期货资产配置研究_钟浩.pdf,P0010,live_normal,Keff678b299227ecddcbf4d17f7660b95ad60c101672d17ba7b273738c73df3c0,2,complete,0.0,0,0,0,0,368dfd35-e106-4fb1-b442-312fb150ea4e,2026-10-02T10:17:35.006930+00:00,True
fault_10_03_009,test,fault_10_03,3,9,0.1,信息熵在机器学习算法中的运用_张璐瑶.pdf,P0012,live_normal,K9455b6d7518a5c36d827b4348e81a09fdcc5e5fe003e877bc05bb7eb138eca2f,2,complete,0.0,0,0,0,0,57b02d04-a0b3-4178-9c49-9043bef63244,2026-10-02T10:17:35.659782+00:00,True
fault_10_03_010,test,fault_10_03,3,10,0.1,信息熵在机器学习算法中的运用_张璐瑶.pdf,P0012,live_normal,K9455b6d7518a5c36d827b4348e81a09fdcc5e5fe003e877bc05bb7eb138eca2f,2,complete,0.0,0,0,0,0,5d80468d-b01f-4e06-af8b-d90a40d4b7f9,2026-10-02T10:17:36.379877+00:00,True
fault_10_03_011,test,fault_10_03,3,11,0.1,基于机器学习算法的黑色系期货价格预测_郭梓晗.pdf,P0015,live_normal,K5a3b1a850e68e1179ffaab8a8182196b1d087696ef52257a0a6ffad347030b14,2,complete,0.0,0,0,0,0,eb9df23d-ed98-49c7-a356-c114beeb60fc,2026-10-02T10:17:37.281632+00:00,True
fault_10_03_012,test,fault_10_03,3,12,0.1,基于机器学习算法的黑色系期货价格预测_郭梓晗.pdf,P0015,live_normal,K5a3b1a850e68e1179ffaab8a8182196b1d087696ef52257a0a6ffad347030b14,2,complete,0.0,0,0,0,0,f53803ac-0fec-4cba-97be-3d3c2c80dfd8,2026-10-02T10:17:38.189501+00:00,True
fault_10_03_013,test,fault_10_03,3,13,0.1,基于机器学习和新闻文本的原油期货资产配置研究_钟浩.pdf,P0010,live_normal,Keff678b299227ecddcbf4d17f7660b95ad60c101672d17ba7b273738c73df3c0,2,complete,0.0,0,0,0,0,cf83e78c-39ee-456e-9069-3908fbbda418,2026-10-02T10:17:38.873901+00:00,True
fault_10_03_014,test,fault_10_03,3,14,0.1,基于机器学习和新闻文本的原油期货资产配置研究_钟浩.pdf,P0010,live_normal,Keff678b299227ecddcbf4d17f7660b95ad60c101672d17ba7b273738c73df3c0,2,complete,0.0,0,0,0,0,38348267-a04e-4073-9a13-33bbc1e9aa71,2026-10-02T10:17:39.777285+00:00,True
fault_10_03_015,test,fault_10_03,3,15,0.1,气候金融背景下的气温衍生品定价研究——基于机器学习算法_杨刚.pdf,P0004,live_normal,K9270f70913c0acef9bfc8848ba83f8d9b692f8ab4f838c7fb64aaa248fe849fb,2,complete,0.0,0,0,0,0,160fdd93-cda7-474a-a621-30c30c56c74d,2026-10-02T10:17:40.444262+00:00,True
fault_10_03_016,test,fault_10_03,3,16,0.1,基于机器学习和新闻文本的原油期货资产配置研究_钟浩.pdf,P0010,live_normal,Keff678b299227ecddcbf4d17f7660b95ad60c101672d17ba7b273738c73df3c0,2,complete,0.0,0,0,0,0,e328fb1d-c56b-47d9-b0b7-8138df9ab0dd,2026-10-02T10:17:41.453445+00:00,True
fault_10_03_017,test,fault_10_03,3,17,0.1,基于机器学习和新闻文本的原油期货资产配置研究_钟浩.pdf,P0010,live_normal,Keff678b299227ecddcbf4d17f7660b95ad60c101672d17ba7b273738c73df3c0,2,complete,0.0,0,0,0,0,096eb535-b8a2-44d1-9812-7416b6c294fd,2026-10-02T10:17:42.312771+00:00,True
fault_10_03_018,test,fault_10_03,3,18,0.1,气候金融背景下的气温衍生品定价研究——基于机器学习算法_杨刚.pdf,P0004,live_normal,K9270f70913c0acef9bfc8848ba83f8d9b692f8ab4f838c7fb64aaa248fe849fb,2,complete,0.0,0,0,0,0,505cf9f4-d6e1-4abb-8186-531cfe8eafd0,2026-10-02T10:17:43.204599+00:00,True
fault_10_03_019,test,fault_10_03,3,19,0.1,气候金融背景下的气温衍生品定价研究——基于机器学习算法_杨刚.pdf,P0004,live_normal,K9270f70913c0acef9bfc8848ba83f8d9b692f8ab4f838c7fb64aaa248fe849fb,2,complete,0.0,0,0,0,0,c0fe028f-69f4-437f-918d-49ccceb26e03,2026-10-02T10:17:43.844377+00:00,True
fault_10_03_020,test,fault_10_03,3,20,0.1,气候金融背景下的气温衍生品定价研究——基于机器学习算法_杨刚.pdf,P0005,live_normal,Kf3ea2a47d88a646e6f2b6eb9185ca4261c1ea08aacbe7bea23189551f42130a6,2,complete,0.0,0,0,0,0,7b38ff00-99cd-460c-bf54-2af53d3e0191,2026-10-02T10:17:44.607036+00:00,True
fault_10_03_021,test,fault_10_03,3,21,0.1,气候金融背景下的气温衍生品定价研究——基于机器学习算法_杨刚.pdf,P0005,live_corrupted,K876ff7a0c74888ab52b31888a29dbcac5e4154c971477e192b8070fc0f221073,0,incomplete,0.3333333333333333,1,0,0,0,1a789f9c-d622-40bb-95a9-41fc9d8a320e,2026-10-02T10:17:45.358403+00:00,True
fault_10_03_022,test,fault_10_03,3,22,0.1,信息熵在机器学习算法中的运用_张璐瑶.pdf,P0012,live_normal,K9455b6d7518a5c36d827b4348e81a09fdcc5e5fe003e877bc05bb7eb138eca2f,2,complete,0.0,0,0,0,0,77cc392f-b8df-49c0-884c-f2126e2ec187,2026-10-02T10:17:45.987343+00:00,True
fault_10_03_023,test,fault_10_03,3,23,0.1,基于机器学习和新闻文本的原油期货资产配置研究_钟浩.pdf,P0010,live_normal,Keff678b299227ecddcbf4d17f7660b95ad60c101672d17ba7b273738c73df3c0,2,complete,0.0,0,0,0,0,9e9d1377-7202-46b9-b9cb-9eca31b177ff,2026-10-02T10:17:46.982452+00:00,True
fault_10_03_024,test,fault_10_03,3,24,0.1,基于机器学习算法的黑色系期货价格预测_郭梓晗.pdf,P0015,live_normal,K5a3b1a850e68e1179ffaab8a8182196b1d087696ef52257a0a6ffad347030b14,2,complete,0.0,0,0,0,0,36148b0d-7977-4e61-8188-ba6e6a30b7a7,2026-10-02T10:17:47.519005+00:00,True
fault_10_03_025,test,fault_10_03,3,25,0.1,基于机器学习算法的黑色系期货价格预测_郭梓晗.pdf,P0015,live_normal,K5a3b1a850e68e1179ffaab8a8182196b1d087696ef52257a0a6ffad347030b14,2,complete,0.0,0,0,0,0,2a115abc-3695-4542-a966-5f95cef22500,2026-10-02T10:17:48.304861+00:00,True
fault_10_03_026,test,fault_10_03,3,26,0.1,基于机器学习和新闻文本的原油期货资产配置研究_钟浩.pdf,P0010,live_normal,Keff678b299227ecddcbf4d17f7660b95ad60c101672d17ba7b273738c73df3c0,2,complete,0.0,0,0,0,0,4adb343f-4e28-4731-b6a1-524fafe45106,2026-10-02T10:17:49.095414+00:00,True
fault_10_03_027,test,fault_10_03,3,27,0.1,气候金融背景下的气温衍生品定价研究——基于机器学习算法_杨刚.pdf,P0005,live_normal,K49cf5919474d41c8f7083ab6cb64a02560857ee3d54409accfc8538f21abb419,2,complete,0.0,0,0,0,0,93d9c00b-fcc2-436a-b643-7f021eb41bd1,2026-10-02T10:17:49.755434+00:00,True
fault_10_03_028,test,fault_10_03,3,28,0.1,基于机器学习和新闻文本的原油期货资产配置研究_钟浩.pdf,P0010,live_normal,Keff678b299227ecddcbf4d17f7660b95ad60c101672d17ba7b273738c73df3c0,2,complete,0.0,0,0,0,0,0553810b-b978-4fc1-8c0a-39d04f5d8ec8,2026-10-02T10:17:50.555508+00:00,True
fault_10_03_029,test,fault_10_03,3,29,0.1,信息熵在机器学习算法中的运用_张璐瑶.pdf,P0012,live_normal,K9455b6d7518a5c36d827b4348e81a09fdcc5e5fe003e877bc05bb7eb138eca2f,2,complete,0.0,0,0,0,0,56f6ca8a-0a66-4f5e-acd4-dada76e81aac,2026-10-02T10:17:51.190559+00:00,True
fault_10_03_030,test,fault_10_03,3,30,0.1,基于机器学习和新闻文本的原油期货资产配置研究_钟浩.pdf,P0010,live_normal,Keff678b299227ecddcbf4d17f7660b95ad60c101672d17ba7b273738c73df3c0,2,complete,0.0,0,0,0,0,94078c85-aa7f-4e1a-a697-04437d8f65f1,2026-10-02T10:17:51.902027+00:00,True
fault_10_03_031,test,fault_10_03,3,31,0.1,气候金融背景下的气温衍生品定价研究——基于机器学习算法_杨刚.pdf,P0005,live_normal,K49cf5919474d41c8f7083ab6cb64a02560857ee3d54409accfc8538f21abb419,2,complete,0.0,0,0,0,0,ca84913d-af58-4bb6-b2b0-b08213e888a3,2026-10-02T10:17:52.774371+00:00,True
fault_10_03_032,test,fault_10_03,3,32,0.1,基于机器学习算法的黑色系期货价格预测_郭梓晗.pdf,P0015,live_normal,K5a3b1a850e68e1179ffaab8a8182196b1d087696ef52257a0a6ffad347030b14,2,complete,0.0,0,0,0,0,d39fb423-9373-477a-82b9-162a39ab9110,2026-10-02T10:17:53.347824+00:00,True
fault_10_03_033,test,fault_10_03,3,33,0.1,基于机器学习和新闻文本的原油期货资产配置研究_钟浩.pdf,P0010,live_corrupted,K4af079210612be1e666690b2099486696e2e98f06b8ed554b48fda6f611d973d,0,incomplete,0.5,1,0,0,0,aa3e885b-1f6f-4850-939d-22478d8b81ad,2026-10-02T10:17:54.135942+00:00,True
fault_10_03_034,test,fault_10_03,3,34,0.1,气候金融背景下的气温衍生品定价研究——基于机器学习算法_杨刚.pdf,P0004,live_normal,K9270f70913c0acef9bfc8848ba83f8d9b692f8ab4f838c7fb64aaa248fe849fb,2,complete,0.0,0,0,0,0,339757e2-894f-46be-ba56-45bbc4964cfd,2026-10-02T10:17:55.021739+00:00,True
fault_10_03_035,test,fault_10_03,3,35,0.1,基于机器学习和新闻文本的原油期货资产配置研究_钟浩.pdf,P0010,live_normal,Keff678b299227ecddcbf4d17f7660b95ad60c101672d17ba7b273738c73df3c0,2,complete,0.0,0,0,0,0,286a536a-9423-4b9c-9f8b-f5b3fccba053,2026-10-02T10:17:56.026903+00:00,True
fault_10_03_036,test,fault_10_03,3,36,0.1,信息熵在机器学习算法中的运用_张璐瑶.pdf,P0012,live_normal,K9455b6d7518a5c36d827b4348e81a09fdcc5e5fe003e877bc05bb7eb138eca2f,2,complete,0.0,0,0,0,0,3810a207-8817-40f5-a998-d8cf5a299eb0,2026-10-02T10:17:56.934380+00:00,True
fault_10_03_037,test,fault_10_03,3,37,0.1,基于机器学习和新闻文本的原油期货资产配置研究_钟浩.pdf,P0010,live_normal,Keff678b299227ecddcbf4d17f7660b95ad60c101672d17ba7b273738c73df3c0,2,complete,0.0,0,0,0,0,647aad64-d94d-4b94-a46a-629769c6711d,2026-10-02T10:17:57.426734+00:00,True
fault_10_03_038,test,fault_10_03,3,38,0.1,基于机器学习算法的黑色系期货价格预测_郭梓晗.pdf,P0015,live_normal,K5a3b1a850e68e1179ffaab8a8182196b1d087696ef52257a0a6ffad347030b14,2,complete,0.0,0,0,0,0,19bbfab4-3ae2-468f-8843-185bb5eacd29,2026-10-02T10:17:58.158674+00:00,True
fault_10_03_039,test,fault_10_03,3,39,0.1,基于机器学习和新闻文本的原油期货资产配置研究_钟浩.pdf,P0010,live_normal,Keff678b299227ecddcbf4d17f7660b95ad60c101672d17ba7b273738c73df3c0,2,complete,0.0,0,0,0,0,9c4e32fa-fc49-4d57-8763-ac0ca17e11b5,2026-10-02T10:17:58.934976+00:00,True
fault_10_03_040,test,fault_10_03,3,40,0.1,基于机器学习和新闻文本的原油期货资产配置研究_钟浩.pdf,P0010,live_normal,Keff678b299227ecddcbf4d17f7660b95ad60c101672d17ba7b273738c73df3c0,2,complete,0.0,0,0,0,0,912e35ff-8983-41c3-b34f-d8f2f858cf24,2026-10-02T10:17:59.339301+00:00,True
fault_10_04_001,test,fault_10_04,4,1,0.1,信息熵在机器学习算法中的运用_张璐瑶.pdf,P0012,live_normal,K9455b6d7518a5c36d827b4348e81a09fdcc5e5fe003e877bc05bb7eb138eca2f,2,complete,0.0,0,0,0,0,f01f8059-d48e-41cc-ace3-fd816574b07a,2026-10-02T10:16:08.389467+00:00,True
fault_10_04_002,test,fault_10_04,4,2,0.1,基于机器学习和新闻文本的原油期货资产配置研究_钟浩.pdf,P0010,live_normal,Keff678b299227ecddcbf4d17f7660b95ad60c101672d17ba7b273738c73df3c0,2,complete,0.0,0,0,0,0,5e019e54-b2c3-49b3-a6b9-d9b60ce05dde,2026-10-02T10:16:09.213090+00:00,True
fault_10_04_003,test,fault_10_04,4,3,0.1,气候金融背景下的气温衍生品定价研究——基于机器学习算法_杨刚.pdf,P0004,live_normal,K9270f70913c0acef9bfc8848ba83f8d9b692f8ab4f838c7fb64aaa248fe849fb,2,complete,0.0,0,0,0,0,1de8e7a1-86e5-4c5c-a60b-ebedddf77d2f,2026-10-02T10:16:09.734081+00:00,True
fault_10_04_004,test,fault_10_04,4,4,0.1,气候金融背景下的气温衍生品定价研究——基于机器学习算法_杨刚.pdf,P0005,live_normal,K49cf5919474d41c8f7083ab6cb64a02560857ee3d54409accfc8538f21abb419,2,complete,0.0,0,0,0,0,fe1f5fc3-0d48-49b1-877c-883950be3392,2026-10-02T10:16:10.586811+00:00,True
fault_10_04_005,test,fault_10_04,4,5,0.1,基于机器学习算法的黑色系期货价格预测_郭梓晗.pdf,P0015,live_normal,K5a3b1a850e68e1179ffaab8a8182196b1d087696ef52257a0a6ffad347030b14,2,complete,0.0,0,0,0,0,db7ee611-8441-4817-b1eb-cc0bbf356d59,2026-10-02T10:16:11.073533+00:00,True
fault_10_04_006,test,fault_10_04,4,6,0.1,气候金融背景下的气温衍生品定价研究——基于机器学习算法_杨刚.pdf,P0004,live_normal,K9270f70913c0acef9bfc8848ba83f8d9b692f8ab4f838c7fb64aaa248fe849fb,2,complete,0.0,0,0,0,0,91d03cbd-20a2-4305-b552-875a91f256f1,2026-10-02T10:16:11.772655+00:00,True
fault_10_04_007,test,fault_10_04,4,7,0.1,信息熵在机器学习算法中的运用_张璐瑶.pdf,P0012,live_normal,K9455b6d7518a5c36d827b4348e81a09fdcc5e5fe003e877bc05bb7eb138eca2f,2,complete,0.0,0,0,0,0,60c960eb-125e-482e-8e7a-e607fc35a244,2026-10-02T10:16:12.775356+00:00,True
fault_10_04_008,test,fault_10_04,4,8,0.1,基于机器学习和新闻文本的原油期货资产配置研究_钟浩.pdf,P0010,live_normal,Keff678b299227ecddcbf4d17f7660b95ad60c101672d17ba7b273738c73df3c0,2,complete,0.0,0,0,0,0,173fba34-10d5-433a-9ae4-d2ea9dd19129,2026-10-02T10:16:13.266106+00:00,True
fault_10_04_009,test,fault_10_04,4,9,0.1,基于机器学习算法的黑色系期货价格预测_郭梓晗.pdf,P0015,live_normal,K5a3b1a850e68e1179ffaab8a8182196b1d087696ef52257a0a6ffad347030b14,2,complete,0.0,0,0,0,0,e29411ea-1b5b-4986-87a4-34b4cfca21d7,2026-10-02T10:16:14.209285+00:00,True
fault_10_04_010,test,fault_10_04,4,10,0.1,信息熵在机器学习算法中的运用_张璐瑶.pdf,P0012,live_normal,K9455b6d7518a5c36d827b4348e81a09fdcc5e5fe003e877bc05bb7eb138eca2f,2,complete,0.0,0,0,0,0,d3e4be2a-7d3c-46d5-8a47-7b0620d68bb2,2026-10-02T10:16:14.738181+00:00,True
fault_10_04_011,test,fault_10_04,4,11,0.1,基于机器学习和新闻文本的原油期货资产配置研究_钟浩.pdf,P0010,live_normal,Keff678b299227ecddcbf4d17f7660b95ad60c101672d17ba7b273738c73df3c0,2,complete,0.0,0,0,0,0,8b1471d0-6536-4b78-b653-ff63e04b0e9c,2026-10-02T10:16:15.560718+00:00,True
fault_10_04_012,test,fault_10_04,4,12,0.1,基于机器学习算法的黑色系期货价格预测_郭梓晗.pdf,P0015,live_normal,K5a3b1a850e68e1179ffaab8a8182196b1d087696ef52257a0a6ffad347030b14,2,complete,0.0,0,0,0,0,8157d2ea-3010-4943-bd01-b219e0efe0a9,2026-10-02T10:16:16.305788+00:00,True
fault_10_04_013,test,fault_10_04,4,13,0.1,基于机器学习算法的黑色系期货价格预测_郭梓晗.pdf,P0015,live_normal,K5a3b1a850e68e1179ffaab8a8182196b1d087696ef52257a0a6ffad347030b14,2,complete,0.0,0,0,0,0,38387ff3-231b-4644-a9e4-437d5ad1ef67,2026-10-02T10:16:16.928442+00:00,True
fault_10_04_014,test,fault_10_04,4,14,0.1,信息熵在机器学习算法中的运用_张璐瑶.pdf,P0012,live_normal,K9455b6d7518a5c36d827b4348e81a09fdcc5e5fe003e877bc05bb7eb138eca2f,2,complete,0.0,0,0,0,0,5f8cea39-e4fa-4fd4-b7a8-dddf6e3ca8c9,2026-10-02T10:16:17.903503+00:00,True
fault_10_04_015,test,fault_10_04,4,15,0.1,信息熵在机器学习算法中的运用_张璐瑶.pdf,P0012,live_normal,K9455b6d7518a5c36d827b4348e81a09fdcc5e5fe003e877bc05bb7eb138eca2f,2,complete,0.0,0,0,0,0,e0902d6c-ead1-44d9-86e6-c7c2438d14b7,2026-10-02T10:16:18.753975+00:00,True
fault_10_04_016,test,fault_10_04,4,16,0.1,基于机器学习算法的黑色系期货价格预测_郭梓晗.pdf,P0015,live_normal,K5a3b1a850e68e1179ffaab8a8182196b1d087696ef52257a0a6ffad347030b14,2,complete,0.0,0,0,0,0,ecdeafe4-5616-4abf-9ecf-9d7941e96f7c,2026-10-02T10:16:19.408012+00:00,True
fault_10_04_017,test,fault_10_04,4,17,0.1,基于机器学习算法的黑色系期货价格预测_郭梓晗.pdf,P0015,live_normal,K5a3b1a850e68e1179ffaab8a8182196b1d087696ef52257a0a6ffad347030b14,2,complete,0.0,0,0,0,0,a69c078e-d469-4e9e-b3cf-bff4eb768593,2026-10-02T10:16:19.889455+00:00,True
fault_10_04_018,test,fault_10_04,4,18,0.1,信息熵在机器学习算法中的运用_张璐瑶.pdf,P0012,live_normal,K9455b6d7518a5c36d827b4348e81a09fdcc5e5fe003e877bc05bb7eb138eca2f,2,complete,0.0,0,0,0,0,4472065a-0059-4acb-b1e6-c2f2fcd155c4,2026-10-02T10:16:20.582589+00:00,True
fault_10_04_019,test,fault_10_04,4,19,0.1,基于机器学习算法的黑色系期货价格预测_郭梓晗.pdf,P0015,live_corrupted,K38fb6ee734eea60c4050e432635f6c4ead95c3e0e37acb1bb3460039c89e60c3,0,incomplete,0.5,1,0,0,0,5f52e57d-b5b5-4ce7-9288-00b3b30d74eb,2026-10-02T10:16:21.360418+00:00,True
fault_10_04_020,test,fault_10_04,4,20,0.1,信息熵在机器学习算法中的运用_张璐瑶.pdf,P0012,live_corrupted,K9a0ef644e19dad102165caa70891b942c3d55d0685016c99c0efba8aff8570b9,0,incomplete,0.5,1,0,0,0,86aae1bb-60a7-41cf-80a0-8bda371a3144,2026-10-02T10:16:22.321009+00:00,True
fault_10_04_021,test,fault_10_04,4,21,0.1,基于机器学习和新闻文本的原油期货资产配置研究_钟浩.pdf,P0010,live_normal,Keff678b299227ecddcbf4d17f7660b95ad60c101672d17ba7b273738c73df3c0,2,complete,0.0,0,0,0,0,2e9bebf3-332e-4e07-8787-b0b16c4fb2fe,2026-10-02T10:16:23.216129+00:00,True
fault_10_04_022,test,fault_10_04,4,22,0.1,基于机器学习和新闻文本的原油期货资产配置研究_钟浩.pdf,P0010,live_normal,Keff678b299227ecddcbf4d17f7660b95ad60c101672d17ba7b273738c73df3c0,2,complete,0.0,0,0,0,0,aefb4706-f5e8-4a74-a7b3-5840dba21634,2026-10-02T10:16:24.063849+00:00,True
fault_10_04_023,test,fault_10_04,4,23,0.1,基于机器学习和新闻文本的原油期货资产配置研究_钟浩.pdf,P0010,live_normal,K4a0fc1c7c1a21e26b7395a3eba3ded8f8c54d02fce65bb132a5d9d78b2f80326,2,complete,0.0,0,0,0,0,168ebc66-90f5-4b7d-ae73-94ccf4cf4c22,2026-10-02T10:16:24.638462+00:00,True
fault_10_04_024,test,fault_10_04,4,24,0.1,气候金融背景下的气温衍生品定价研究——基于机器学习算法_杨刚.pdf,P0004,live_normal,K9270f70913c0acef9bfc8848ba83f8d9b692f8ab4f838c7fb64aaa248fe849fb,2,complete,0.0,0,0,0,0,41f7cbf1-5f86-4bc8-870a-ab7fa74a34fb,2026-10-02T10:16:25.258085+00:00,True
fault_10_04_025,test,fault_10_04,4,25,0.1,基于机器学习和新闻文本的原油期货资产配置研究_钟浩.pdf,P0010,live_normal,Keff678b299227ecddcbf4d17f7660b95ad60c101672d17ba7b273738c73df3c0,2,complete,0.0,0,0,0,0,8f5f9a63-e377-4922-9c24-ad6365c76d51,2026-10-02T10:16:26.147276+00:00,True
fault_10_04_026,test,fault_10_04,4,26,0.1,信息熵在机器学习算法中的运用_张璐瑶.pdf,P0012,live_normal,K9455b6d7518a5c36d827b4348e81a09fdcc5e5fe003e877bc05bb7eb138eca2f,2,complete,0.0,0,0,0,0,6493c3b7-8d8a-4756-bd2c-d6b4c45bd6d3,2026-10-02T10:16:26.969801+00:00,True
fault_10_04_027,test,fault_10_04,4,27,0.1,基于机器学习和新闻文本的原油期货资产配置研究_钟浩.pdf,P0010,live_normal,Keff678b299227ecddcbf4d17f7660b95ad60c101672d17ba7b273738c73df3c0,2,complete,0.0,0,0,0,0,52befcc7-5263-4e1f-9694-0f9c723a59a5,2026-10-02T10:16:27.992140+00:00,True
fault_10_04_028,test,fault_10_04,4,28,0.1,信息熵在机器学习算法中的运用_张璐瑶.pdf,P0012,live_normal,K455be6ec0576ef7c24e84b6c16982e8b13570f618bc4d79871f64f8b5fc51c6b,2,complete,0.0,0,0,0,0,84bac92d-6284-424a-a631-d6f6e0bcbf09,2026-10-02T10:16:28.857831+00:00,True
fault_10_04_029,test,fault_10_04,4,29,0.1,信息熵在机器学习算法中的运用_张璐瑶.pdf,P0012,live_normal,K9455b6d7518a5c36d827b4348e81a09fdcc5e5fe003e877bc05bb7eb138eca2f,2,complete,0.0,0,0,0,0,6a82331a-7b78-423f-942f-b153ba944e9e,2026-10-02T10:16:29.684374+00:00,True
fault_10_04_030,test,fault_10_04,4,30,0.1,基于机器学习算法的黑色系期货价格预测_郭梓晗.pdf,P0015,live_normal,K5a3b1a850e68e1179ffaab8a8182196b1d087696ef52257a0a6ffad347030b14,2,complete,0.0,0,0,0,0,82d3d833-6499-491a-941d-eaea0a437a4d,2026-10-02T10:16:30.250393+00:00,True
fault_10_04_031,test,fault_10_04,4,31,0.1,信息熵在机器学习算法中的运用_张璐瑶.pdf,P0012,live_normal,K9455b6d7518a5c36d827b4348e81a09fdcc5e5fe003e877bc05bb7eb138eca2f,2,complete,0.0,0,0,0,0,1a0c53c3-8658-4ea1-abcf-c447eeba4f07,2026-10-02T10:16:30.885202+00:00,True
fault_10_04_032,test,fault_10_04,4,32,0.1,基于机器学习算法的黑色系期货价格预测_郭梓晗.pdf,P0015,live_normal,K5a3b1a850e68e1179ffaab8a8182196b1d087696ef52257a0a6ffad347030b14,2,complete,0.0,0,0,0,0,91991279-ff63-4158-8edf-a10d2f384b66,2026-10-02T10:16:31.837591+00:00,True
fault_10_04_033,test,fault_10_04,4,33,0.1,基于机器学习算法的黑色系期货价格预测_郭梓晗.pdf,P0015,live_normal,K5a3b1a850e68e1179ffaab8a8182196b1d087696ef52257a0a6ffad347030b14,2,complete,0.0,0,0,0,0,df799b4b-e8e8-4fc6-8ebf-934945789898,2026-10-02T10:16:32.514409+00:00,True
fault_10_04_034,test,fault_10_04,4,34,0.1,信息熵在机器学习算法中的运用_张璐瑶.pdf,P0012,live_normal,K9455b6d7518a5c36d827b4348e81a09fdcc5e5fe003e877bc05bb7eb138eca2f,2,complete,0.0,0,0,0,0,5836a8d3-d09f-4147-8568-34b4e3bf068b,2026-10-02T10:16:33.338407+00:00,True
fault_10_04_035,test,fault_10_04,4,35,0.1,信息熵在机器学习算法中的运用_张璐瑶.pdf,P0012,live_normal,K9455b6d7518a5c36d827b4348e81a09fdcc5e5fe003e877bc05bb7eb138eca2f,2,complete,0.0,0,0,0,0,431439e9-d48e-4960-b8f5-c24b51673f8a,2026-10-02T10:16:34.023074+00:00,True
fault_10_04_036,test,fault_10_04,4,36,0.1,信息熵在机器学习算法中的运用_张璐瑶.pdf,P0012,live_normal,K9455b6d7518a5c36d827b4348e81a09fdcc5e5fe003e877bc05bb7eb138eca2f,2,complete,0.0,0,0,0,0,2f476efa-c14d-4152-95f9-224cf6fd02cb,2026-10-02T10:16:34.667110+00:00,True
fault_10_04_037,test,fault_10_04,4,37,0.1,基于机器学习和新闻文本的原油期货资产配置研究_钟浩.pdf,P0010,live_corrupted,K1014db88ff2f746e680e4a644febc1cd7c42811b0164ed5587902cfcc05b02f5,0,incomplete,0.5,1,0,0,0,d0401bd3-6aa2-469a-8713-79a7c8ccce81,2026-10-02T10:16:35.369390+00:00,True
fault_10_04_038,test,fault_10_04,4,38,0.1,信息熵在机器学习算法中的运用_张璐瑶.pdf,P0012,live_normal,K9455b6d7518a5c36d827b4348e81a09fdcc5e5fe003e877bc05bb7eb138eca2f,2,complete,0.0,0,0,0,0,8b23b24a-f8a0-4d4e-92d6-b82d1720101a,2026-10-02T10:16:36.135513+00:00,True
fault_10_04_039,test,fault_10_04,4,39,0.1,信息熵在机器学习算法中的运用_张璐瑶.pdf,P0012,live_normal,K9455b6d7518a5c36d827b4348e81a09fdcc5e5fe003e877bc05bb7eb138eca2f,2,complete,0.0,0,0,0,0,22e62afc-87a5-4c83-9db8-7f22f8ecb226,2026-10-02T10:16:36.859474+00:00,True
fault_10_04_040,test,fault_10_04,4,40,0.1,基于机器学习和新闻文本的原油期货资产配置研究_钟浩.pdf,P0010,live_normal,Keff678b299227ecddcbf4d17f7660b95ad60c101672d17ba7b273738c73df3c0,2,complete,0.0,0,0,0,0,e1e0bb88-09a0-4aca-a019-f86ca12f2e79,2026-10-02T10:16:37.586441+00:00,True
fault_10_05_001,test,fault_10_05,5,1,0.1,气候金融背景下的气温衍生品定价研究——基于机器学习算法_杨刚.pdf,P0005,live_normal,K49cf5919474d41c8f7083ab6cb64a02560857ee3d54409accfc8538f21abb419,2,complete,0.0,0,0,0,0,b4607ade-f595-4ee0-8ca9-0a617e1078c9,2026-10-02T10:20:13.557233+00:00,True
fault_10_05_002,test,fault_10_05,5,2,0.1,基于机器学习算法的黑色系期货价格预测_郭梓晗.pdf,P0015,live_normal,K5a3b1a850e68e1179ffaab8a8182196b1d087696ef52257a0a6ffad347030b14,2,complete,0.0,0,0,0,0,420d8ce0-7b8e-421c-b7eb-b1fe8b1c1e86,2026-10-02T10:20:14.540237+00:00,True
fault_10_05_003,test,fault_10_05,5,3,0.1,基于机器学习和新闻文本的原油期货资产配置研究_钟浩.pdf,P0010,live_normal,Keff678b299227ecddcbf4d17f7660b95ad60c101672d17ba7b273738c73df3c0,2,complete,0.0,0,0,0,0,976fa9b2-36bf-4d1f-bd38-8333e212465d,2026-10-02T10:20:15.113811+00:00,True
fault_10_05_004,test,fault_10_05,5,4,0.1,气候金融背景下的气温衍生品定价研究——基于机器学习算法_杨刚.pdf,P0004,live_normal,K9270f70913c0acef9bfc8848ba83f8d9b692f8ab4f838c7fb64aaa248fe849fb,2,complete,0.0,0,0,0,0,69b778e5-ddaf-4cb9-9129-de6ee951d32b,2026-10-02T10:20:15.971336+00:00,True
fault_10_05_005,test,fault_10_05,5,5,0.1,基于机器学习和新闻文本的原油期货资产配置研究_钟浩.pdf,P0010,live_normal,Keff678b299227ecddcbf4d17f7660b95ad60c101672d17ba7b273738c73df3c0,2,complete,0.0,0,0,0,0,5a67377d-d2f7-4e83-bcdb-994945dd252e,2026-10-02T10:20:16.861885+00:00,True
fault_10_05_006,test,fault_10_05,5,6,0.1,信息熵在机器学习算法中的运用_张璐瑶.pdf,P0012,live_normal,K34dc8820e765d3534375f2460a6d278ec57178d27431e3618017ef7629050ef1,2,complete,0.0,0,0,0,0,2c3f204f-ec8d-498d-8588-b61c081af7d8,2026-10-02T10:20:17.725495+00:00,True
fault_10_05_007,test,fault_10_05,5,7,0.1,信息熵在机器学习算法中的运用_张璐瑶.pdf,P0012,live_normal,K9455b6d7518a5c36d827b4348e81a09fdcc5e5fe003e877bc05bb7eb138eca2f,2,complete,0.0,0,0,0,0,592d5219-4961-45e1-a7db-a60e7fd9c336,2026-10-02T10:20:18.554103+00:00,True
fault_10_05_008,test,fault_10_05,5,8,0.1,气候金融背景下的气温衍生品定价研究——基于机器学习算法_杨刚.pdf,P0004,live_normal,K9270f70913c0acef9bfc8848ba83f8d9b692f8ab4f838c7fb64aaa248fe849fb,2,complete,0.0,0,0,0,0,a84a4501-e3ed-42d0-b1a4-56e87f56726c,2026-10-02T10:20:19.393030+00:00,True
fault_10_05_009,test,fault_10_05,5,9,0.1,基于机器学习算法的黑色系期货价格预测_郭梓晗.pdf,P0015,live_normal,K5a3b1a850e68e1179ffaab8a8182196b1d087696ef52257a0a6ffad347030b14,2,complete,0.0,0,0,0,0,dfafe94d-9973-49a7-83e1-493941e1a53e,2026-10-02T10:20:20.049442+00:00,True
fault_10_05_010,test,fault_10_05,5,10,0.1,基于机器学习算法的黑色系期货价格预测_郭梓晗.pdf,P0015,live_normal,K5a3b1a850e68e1179ffaab8a8182196b1d087696ef52257a0a6ffad347030b14,2,complete,0.0,0,0,0,0,92d8e745-dd6d-4ec8-a2bd-3b94049ec94a,2026-10-02T10:20:20.958571+00:00,True
fault_10_05_011,test,fault_10_05,5,11,0.1,气候金融背景下的气温衍生品定价研究——基于机器学习算法_杨刚.pdf,P0005,live_normal,K49cf5919474d41c8f7083ab6cb64a02560857ee3d54409accfc8538f21abb419,2,complete,0.0,0,0,0,0,f85987b7-5981-4684-8b1a-cc44c8acff43,2026-10-02T10:20:21.817613+00:00,True
fault_10_05_012,test,fault_10_05,5,12,0.1,基于机器学习算法的黑色系期货价格预测_郭梓晗.pdf,P0015,live_normal,K5a3b1a850e68e1179ffaab8a8182196b1d087696ef52257a0a6ffad347030b14,2,complete,0.0,0,0,0,0,16599412-a253-4065-b23f-c082be3adc24,2026-10-02T10:20:22.560578+00:00,True
fault_10_05_013,test,fault_10_05,5,13,0.1,气候金融背景下的气温衍生品定价研究——基于机器学习算法_杨刚.pdf,P0004,live_normal,K9270f70913c0acef9bfc8848ba83f8d9b692f8ab4f838c7fb64aaa248fe849fb,2,complete,0.0,0,0,0,0,2bad17b2-8606-4da0-9f1a-3bb7040870c7,2026-10-02T10:20:23.021078+00:00,True
fault_10_05_014,test,fault_10_05,5,14,0.1,信息熵在机器学习算法中的运用_张璐瑶.pdf,P0012,live_normal,K9455b6d7518a5c36d827b4348e81a09fdcc5e5fe003e877bc05bb7eb138eca2f,2,complete,0.0,0,0,0,0,38bf6f9c-7847-4188-871a-61ca18735112,2026-10-02T10:20:23.531344+00:00,True
fault_10_05_015,test,fault_10_05,5,15,0.1,基于机器学习算法的黑色系期货价格预测_郭梓晗.pdf,P0015,live_normal,K5a3b1a850e68e1179ffaab8a8182196b1d087696ef52257a0a6ffad347030b14,2,complete,0.0,0,0,0,0,ef2f15b3-8a0d-4010-a6df-2927a6afce35,2026-10-02T10:20:24.362747+00:00,True
fault_10_05_016,test,fault_10_05,5,16,0.1,基于机器学习和新闻文本的原油期货资产配置研究_钟浩.pdf,P0010,live_normal,Keff678b299227ecddcbf4d17f7660b95ad60c101672d17ba7b273738c73df3c0,2,complete,0.0,0,0,0,0,770daae1-aa71-4a97-9604-733ab3425aa7,2026-10-02T10:20:25.327149+00:00,True
fault_10_05_017,test,fault_10_05,5,17,0.1,气候金融背景下的气温衍生品定价研究——基于机器学习算法_杨刚.pdf,P0005,live_normal,K49cf5919474d41c8f7083ab6cb64a02560857ee3d54409accfc8538f21abb419,2,complete,0.0,0,0,0,0,12b49009-a7d5-4281-82a7-39efa10f4a27,2026-10-02T10:20:26.640919+00:00,True
fault_10_05_018,test,fault_10_05,5,18,0.1,基于机器学习算法的黑色系期货价格预测_郭梓晗.pdf,P0015,live_normal,K5a3b1a850e68e1179ffaab8a8182196b1d087696ef52257a0a6ffad347030b14,2,complete,0.0,0,0,0,0,db978f5b-ae82-4080-ba1d-2b505df6539d,2026-10-02T10:20:27.164336+00:00,True
fault_10_05_019,test,fault_10_05,5,19,0.1,气候金融背景下的气温衍生品定价研究——基于机器学习算法_杨刚.pdf,P0004,live_normal,K9270f70913c0acef9bfc8848ba83f8d9b692f8ab4f838c7fb64aaa248fe849fb,2,complete,0.0,0,0,0,0,cb03aedc-5910-4a33-82b3-e7995c187d08,2026-10-02T10:20:27.960000+00:00,True
fault_10_05_020,test,fault_10_05,5,20,0.1,基于机器学习算法的黑色系期货价格预测_郭梓晗.pdf,P0015,live_normal,K5a3b1a850e68e1179ffaab8a8182196b1d087696ef52257a0a6ffad347030b14,2,complete,0.0,0,0,0,0,7c30fc76-3fcc-4dde-a64d-3f71d8728047,2026-10-02T10:20:28.627585+00:00,True
fault_10_05_021,test,fault_10_05,5,21,0.1,信息熵在机器学习算法中的运用_张璐瑶.pdf,P0012,live_normal,K9455b6d7518a5c36d827b4348e81a09fdcc5e5fe003e877bc05bb7eb138eca2f,2,complete,0.0,0,0,0,0,b297dbfc-2dea-4fa7-a261-0e9cbebdd952,2026-10-02T10:20:29.480526+00:00,True
fault_10_05_022,test,fault_10_05,5,22,0.1,信息熵在机器学习算法中的运用_张璐瑶.pdf,P0012,live_normal,K9455b6d7518a5c36d827b4348e81a09fdcc5e5fe003e877bc05bb7eb138eca2f,2,complete,0.0,0,0,0,0,3f9229ab-cc3d-4614-9c27-03fb97f22d31,2026-10-02T10:20:30.119087+00:00,True
fault_10_05_023,test,fault_10_05,5,23,0.1,基于机器学习算法的黑色系期货价格预测_郭梓晗.pdf,P0015,live_normal,K5a3b1a850e68e1179ffaab8a8182196b1d087696ef52257a0a6ffad347030b14,2,complete,0.0,0,0,0,0,04f714aa-c654-473b-b1e6-1fc390a474f6,2026-10-02T10:20:31.169009+00:00,True
fault_10_05_024,test,fault_10_05,5,24,0.1,基于机器学习算法的黑色系期货价格预测_郭梓晗.pdf,P0015,live_normal,K5a3b1a850e68e1179ffaab8a8182196b1d087696ef52257a0a6ffad347030b14,2,complete,0.0,0,0,0,0,50da06d5-3608-4cea-87fd-ed43da3dd8c9,2026-10-02T10:20:31.971995+00:00,True
fault_10_05_025,test,fault_10_05,5,25,0.1,基于机器学习和新闻文本的原油期货资产配置研究_钟浩.pdf,P0010,live_normal,Keff678b299227ecddcbf4d17f7660b95ad60c101672d17ba7b273738c73df3c0,2,complete,0.0,0,0,0,0,5d695154-d982-4eb0-b6c1-75c9f4cb9485,2026-10-02T10:20:32.909799+00:00,True
fault_10_05_026,test,fault_10_05,5,26,0.1,气候金融背景下的气温衍生品定价研究——基于机器学习算法_杨刚.pdf,P0005,live_normal,K49cf5919474d41c8f7083ab6cb64a02560857ee3d54409accfc8538f21abb419,2,complete,0.0,0,0,0,0,3433fb27-7469-449d-a65c-cd837e57a2ed,2026-10-02T10:20:33.461438+00:00,True
fault_10_05_027,test,fault_10_05,5,27,0.1,信息熵在机器学习算法中的运用_张璐瑶.pdf,P0012,live_normal,K9455b6d7518a5c36d827b4348e81a09fdcc5e5fe003e877bc05bb7eb138eca2f,2,complete,0.0,0,0,0,0,79e92e47-74ea-4e3f-8583-1962a88f587a,2026-10-02T10:20:34.337706+00:00,True
fault_10_05_028,test,fault_10_05,5,28,0.1,基于机器学习算法的黑色系期货价格预测_郭梓晗.pdf,P0015,live_normal,K5a3b1a850e68e1179ffaab8a8182196b1d087696ef52257a0a6ffad347030b14,2,complete,0.0,0,0,0,0,ef82c097-52e3-407c-b590-78ea7875e256,2026-10-02T10:20:35.101283+00:00,True
fault_10_05_029,test,fault_10_05,5,29,0.1,信息熵在机器学习算法中的运用_张璐瑶.pdf,P0012,live_normal,K9455b6d7518a5c36d827b4348e81a09fdcc5e5fe003e877bc05bb7eb138eca2f,2,complete,0.0,0,0,0,0,39281d23-6f79-4f99-81b1-519e2c9a57d1,2026-10-02T10:20:35.619078+00:00,True
fault_10_05_030,test,fault_10_05,5,30,0.1,基于机器学习和新闻文本的原油期货资产配置研究_钟浩.pdf,P0010,live_normal,Keff678b299227ecddcbf4d17f7660b95ad60c101672d17ba7b273738c73df3c0,2,complete,0.0,0,0,0,0,d17dd359-a508-4471-a9fe-29ce9279c4be,2026-10-02T10:20:36.541845+00:00,True
fault_10_05_031,test,fault_10_05,5,31,0.1,气候金融背景下的气温衍生品定价研究——基于机器学习算法_杨刚.pdf,P0005,live_normal,K49cf5919474d41c8f7083ab6cb64a02560857ee3d54409accfc8538f21abb419,2,complete,0.0,0,0,0,0,58f6c1d8-3fae-49bd-946b-2d0dac5238fc,2026-10-02T10:20:37.171607+00:00,True
fault_10_05_032,test,fault_10_05,5,32,0.1,基于机器学习和新闻文本的原油期货资产配置研究_钟浩.pdf,P0010,live_normal,Keff678b299227ecddcbf4d17f7660b95ad60c101672d17ba7b273738c73df3c0,2,complete,0.0,0,0,0,0,09343cfc-6ec2-4187-9dc1-d72cbf4d5a8f,2026-10-02T10:20:37.629054+00:00,True
fault_10_05_033,test,fault_10_05,5,33,0.1,基于机器学习算法的黑色系期货价格预测_郭梓晗.pdf,P0015,live_normal,K5a3b1a850e68e1179ffaab8a8182196b1d087696ef52257a0a6ffad347030b14,2,complete,0.0,0,0,0,0,56418993-8a93-4939-9f13-1ef1684ee628,2026-10-02T10:20:38.100493+00:00,True
fault_10_05_034,test,fault_10_05,5,34,0.1,气候金融背景下的气温衍生品定价研究——基于机器学习算法_杨刚.pdf,P0005,live_normal,K49cf5919474d41c8f7083ab6cb64a02560857ee3d54409accfc8538f21abb419,2,complete,0.0,0,0,0,0,e518b8ae-49b5-4455-8af0-766ee4085d07,2026-10-02T10:20:39.021208+00:00,True
fault_10_05_035,test,fault_10_05,5,35,0.1,气候金融背景下的气温衍生品定价研究——基于机器学习算法_杨刚.pdf,P0004,live_normal,K9270f70913c0acef9bfc8848ba83f8d9b692f8ab4f838c7fb64aaa248fe849fb,2,complete,0.0,0,0,0,0,426b7399-2f9a-4c48-a9fe-8ec07838a9ce,2026-10-02T10:20:39.343021+00:00,True
fault_10_05_036,test,fault_10_05,5,36,0.1,气候金融背景下的气温衍生品定价研究——基于机器学习算法_杨刚.pdf,P0004,live_normal,K9270f70913c0acef9bfc8848ba83f8d9b692f8ab4f838c7fb64aaa248fe849fb,2,complete,0.0,0,0,0,0,86921a38-886e-497a-a18b-41d46dc3d750,2026-10-02T10:20:40.019762+00:00,True
fault_10_05_037,test,fault_10_05,5,37,0.1,基于机器学习算法的黑色系期货价格预测_郭梓晗.pdf,P0015,live_normal,K5a3b1a850e68e1179ffaab8a8182196b1d087696ef52257a0a6ffad347030b14,2,complete,0.0,0,0,0,0,f43c70d6-230a-47cc-9198-483c2eec93bd,2026-10-02T10:20:40.600917+00:00,True
fault_10_05_038,test,fault_10_05,5,38,0.1,气候金融背景下的气温衍生品定价研究——基于机器学习算法_杨刚.pdf,P0004,live_corrupted,K4326fbb2d82bfb9f29a6e44c9ae0457139800ba8b2cd48da44c1e615f81dc7c2,0,incomplete,0.5,1,0,0,0,18609434-ab9d-4f99-8007-8d89fa466e09,2026-10-02T10:20:41.137461+00:00,True
fault_10_05_039,test,fault_10_05,5,39,0.1,基于机器学习和新闻文本的原油期货资产配置研究_钟浩.pdf,P0010,live_normal,Keff678b299227ecddcbf4d17f7660b95ad60c101672d17ba7b273738c73df3c0,2,complete,0.0,0,0,0,0,6bb3ddc1-2933-4635-ad36-277d6d0bb950,2026-10-02T10:20:41.822990+00:00,True
fault_10_05_040,test,fault_10_05,5,40,0.1,气候金融背景下的气温衍生品定价研究——基于机器学习算法_杨刚.pdf,P0004,live_normal,K9270f70913c0acef9bfc8848ba83f8d9b692f8ab4f838c7fb64aaa248fe849fb,2,complete,0.0,0,0,0,0,d34103f0-0dbb-402a-a1ef-18436e5c2607,2026-10-02T10:20:42.621363+00:00,True
fault_30_00_001,test,fault_30_00,0,1,0.3,信息熵在机器学习算法中的运用_张璐瑶.pdf,P0012,live_normal,K9455b6d7518a5c36d827b4348e81a09fdcc5e5fe003e877bc05bb7eb138eca2f,2,complete,0.0,0,0,0,0,5e3759f8-3a7c-45db-a6c4-72a94a963452,2026-10-02T10:19:53.883765+00:00,True
fault_30_00_002,test,fault_30_00,0,2,0.3,气候金融背景下的气温衍生品定价研究——基于机器学习算法_杨刚.pdf,P0005,live_normal,K49cf5919474d41c8f7083ab6cb64a02560857ee3d54409accfc8538f21abb419,2,complete,0.0,0,0,0,0,b60850e4-8206-4c17-8714-96b5c154b4b1,2026-10-02T10:19:54.814380+00:00,True
fault_30_00_003,test,fault_30_00,0,3,0.3,基于机器学习算法的黑色系期货价格预测_郭梓晗.pdf,P0015,live_normal,K5a3b1a850e68e1179ffaab8a8182196b1d087696ef52257a0a6ffad347030b14,2,complete,0.0,0,0,0,0,5a2404a2-1992-4b4a-be58-dbc829f72412,2026-10-02T10:19:55.364307+00:00,True
fault_30_00_004,test,fault_30_00,0,4,0.3,信息熵在机器学习算法中的运用_张璐瑶.pdf,P0012,live_normal,K9455b6d7518a5c36d827b4348e81a09fdcc5e5fe003e877bc05bb7eb138eca2f,2,complete,0.0,0,0,0,0,79a2199b-b72a-467a-9442-b3791010e8b0,2026-10-02T10:19:56.392904+00:00,True
fault_30_00_005,test,fault_30_00,0,5,0.3,信息熵在机器学习算法中的运用_张璐瑶.pdf,P0012,live_normal,K9455b6d7518a5c36d827b4348e81a09fdcc5e5fe003e877bc05bb7eb138eca2f,2,complete,0.0,0,0,0,0,5dbae9ed-fb66-4a9d-8253-3e41151dbfa2,2026-10-02T10:19:57.118245+00:00,True
fault_30_00_006,test,fault_30_00,0,6,0.3,气候金融背景下的气温衍生品定价研究——基于机器学习算法_杨刚.pdf,P0004,live_normal,K9270f70913c0acef9bfc8848ba83f8d9b692f8ab4f838c7fb64aaa248fe849fb,2,complete,0.0,0,0,0,0,2f7a398f-c7e0-469b-83f7-52a2a42d0c5c,2026-10-02T10:19:57.546402+00:00,True
fault_30_00_007,test,fault_30_00,0,7,0.3,基于机器学习算法的黑色系期货价格预测_郭梓晗.pdf,P0015,live_normal,K5a3b1a850e68e1179ffaab8a8182196b1d087696ef52257a0a6ffad347030b14,2,complete,0.0,0,0,0,0,bc20f2ca-0ea7-4848-b0e1-370218db6cd5,2026-10-02T10:19:58.177545+00:00,True
fault_30_00_008,test,fault_30_00,0,8,0.3,基于机器学习算法的黑色系期货价格预测_郭梓晗.pdf,P0015,live_normal,K5a3b1a850e68e1179ffaab8a8182196b1d087696ef52257a0a6ffad347030b14,2,complete,0.0,0,0,0,0,9aac0804-73c1-413a-925d-8840e9c11c41,2026-10-02T10:19:58.922306+00:00,True
fault_30_00_009,test,fault_30_00,0,9,0.3,信息熵在机器学习算法中的运用_张璐瑶.pdf,P0012,live_normal,K9455b6d7518a5c36d827b4348e81a09fdcc5e5fe003e877bc05bb7eb138eca2f,2,complete,0.0,0,0,0,0,0ce0bcef-1699-449c-933c-27ba36ba7898,2026-10-02T10:19:59.505110+00:00,True
fault_30_00_010,test,fault_30_00,0,10,0.3,基于机器学习和新闻文本的原油期货资产配置研究_钟浩.pdf,P0010,live_normal,Keff678b299227ecddcbf4d17f7660b95ad60c101672d17ba7b273738c73df3c0,2,complete,0.0,0,0,0,0,55a4f945-c9ac-45e3-8538-34ec94cca0f7,2026-10-02T10:20:00.463208+00:00,True
fault_30_00_011,test,fault_30_00,0,11,0.3,信息熵在机器学习算法中的运用_张璐瑶.pdf,P0012,live_normal,K9455b6d7518a5c36d827b4348e81a09fdcc5e5fe003e877bc05bb7eb138eca2f,2,complete,0.0,0,0,0,0,b6ac19a6-e06f-4b74-a007-d8330a839a9e,2026-10-02T10:20:01.230050+00:00,True
fault_30_00_012,test,fault_30_00,0,12,0.3,基于机器学习算法的黑色系期货价格预测_郭梓晗.pdf,P0015,live_normal,K5a3b1a850e68e1179ffaab8a8182196b1d087696ef52257a0a6ffad347030b14,2,complete,0.0,0,0,0,0,a6d43933-0966-44b4-b92f-38823784c816,2026-10-02T10:20:01.954224+00:00,True
fault_30_00_013,test,fault_30_00,0,13,0.3,基于机器学习和新闻文本的原油期货资产配置研究_钟浩.pdf,P0010,live_normal,Keff678b299227ecddcbf4d17f7660b95ad60c101672d17ba7b273738c73df3c0,2,complete,0.0,0,0,0,0,c37bbda2-71ea-4bf6-b9f0-154c41f56cea,2026-10-02T10:20:02.653111+00:00,True
fault_30_00_014,test,fault_30_00,0,14,0.3,基于机器学习和新闻文本的原油期货资产配置研究_钟浩.pdf,P0010,live_normal,Keff678b299227ecddcbf4d17f7660b95ad60c101672d17ba7b273738c73df3c0,2,complete,0.0,0,0,0,0,f0195251-7282-4dba-8619-aaa60527e729,2026-10-02T10:20:03.436390+00:00,True
fault_30_00_015,test,fault_30_00,0,15,0.3,信息熵在机器学习算法中的运用_张璐瑶.pdf,P0012,live_normal,K9455b6d7518a5c36d827b4348e81a09fdcc5e5fe003e877bc05bb7eb138eca2f,2,complete,0.0,0,0,0,0,4450b528-f5ca-44ac-a08b-983b10c8b97e,2026-10-02T10:20:04.262474+00:00,True
fault_30_00_016,test,fault_30_00,0,16,0.3,基于机器学习算法的黑色系期货价格预测_郭梓晗.pdf,P0015,live_normal,K5a3b1a850e68e1179ffaab8a8182196b1d087696ef52257a0a6ffad347030b14,2,complete,0.0,0,0,0,0,6313f1cb-7e2b-4930-8954-96b3a76c6678,2026-10-02T10:20:05.040769+00:00,True
fault_30_00_017,test,fault_30_00,0,17,0.3,基于机器学习和新闻文本的原油期货资产配置研究_钟浩.pdf,P0010,live_normal,Keff678b299227ecddcbf4d17f7660b95ad60c101672d17ba7b273738c73df3c0,2,complete,0.0,0,0,0,0,d5de821b-afc0-4537-9c83-e3214b77b565,2026-10-02T10:20:05.950427+00:00,True
fault_30_00_018,test,fault_30_00,0,18,0.3,气候金融背景下的气温衍生品定价研究——基于机器学习算法_杨刚.pdf,P0004,live_normal,K9270f70913c0acef9bfc8848ba83f8d9b692f8ab4f838c7fb64aaa248fe849fb,2,complete,0.0,0,0,0,0,406ab125-1642-41c7-80ac-b104838181dd,2026-10-02T10:20:06.616177+00:00,True
fault_30_00_019,test,fault_30_00,0,19,0.3,气候金融背景下的气温衍生品定价研究——基于机器学习算法_杨刚.pdf,P0004,live_normal,K9270f70913c0acef9bfc8848ba83f8d9b692f8ab4f838c7fb64aaa248fe849fb,2,complete,0.0,0,0,0,0,b4d33cb4-d148-47eb-9d29-a8221f051521,2026-10-02T10:20:07.185128+00:00,True
fault_30_00_020,test,fault_30_00,0,20,0.3,基于机器学习和新闻文本的原油期货资产配置研究_钟浩.pdf,P0010,live_normal,Keff678b299227ecddcbf4d17f7660b95ad60c101672d17ba7b273738c73df3c0,2,complete,0.0,0,0,0,0,24237bb8-0526-4937-8d8b-82723c627d76,2026-10-02T10:20:07.873224+00:00,True
fault_30_00_021,test,fault_30_00,0,21,0.3,基于机器学习和新闻文本的原油期货资产配置研究_钟浩.pdf,P0010,live_corrupted,K4af079210612be1e666690b2099486696e2e98f06b8ed554b48fda6f611d973d,0,incomplete,0.5,1,0,0,0,a1dbf258-7851-4ccd-9451-e7b61d4bac59,2026-10-02T10:20:08.742279+00:00,True
fault_30_00_022,test,fault_30_00,0,22,0.3,气候金融背景下的气温衍生品定价研究——基于机器学习算法_杨刚.pdf,P0005,live_corrupted,Kbb697191e483d0bea78be7ee72904aaa773c7da8956c4d27224dbf776646ee0b,0,incomplete,0.3333333333333333,1,0,0,0,648ac8d8-7024-4eca-8a03-becdae45cb29,2026-10-02T10:20:09.319576+00:00,True
fault_30_00_023,test,fault_30_00,0,23,0.3,基于机器学习和新闻文本的原油期货资产配置研究_钟浩.pdf,P0010,live_corrupted,K4af079210612be1e666690b2099486696e2e98f06b8ed554b48fda6f611d973d,0,incomplete,0.5,1,0,0,0,c8ad0fc3-20f8-4394-a55b-3e3fa0d0d4cb,2026-10-02T10:20:10.368335+00:00,True
fault_30_00_024,test,fault_30_00,0,24,0.3,信息熵在机器学习算法中的运用_张璐瑶.pdf,P0012,live_normal,K34dc8820e765d3534375f2460a6d278ec57178d27431e3618017ef7629050ef1,2,complete,0.0,0,0,0,0,59512b07-2a38-4808-8aa3-a083c939d980,2026-10-02T10:20:10.933696+00:00,True
fault_30_00_025,test,fault_30_00,0,25,0.3,基于机器学习算法的黑色系期货价格预测_郭梓晗.pdf,P0015,live_normal,K5a3b1a850e68e1179ffaab8a8182196b1d087696ef52257a0a6ffad347030b14,2,complete,0.0,0,0,0,0,5d6b6927-b089-49ef-8435-bfac0826d823,2026-10-02T10:20:11.599308+00:00,True
fault_30_00_026,test,fault_30_00,0,26,0.3,基于机器学习算法的黑色系期货价格预测_郭梓晗.pdf,P0015,live_corrupted,K38fb6ee734eea60c4050e432635f6c4ead95c3e0e37acb1bb3460039c89e60c3,0,incomplete,0.5,1,0,0,0,daabd07e-6ff0-475e-a6bf-4a0f01708c80,2026-10-02T10:20:12.162012+00:00,True
fault_30_00_027,test,fault_30_00,0,27,0.3,气候金融背景下的气温衍生品定价研究——基于机器学习算法_杨刚.pdf,P0004,live_normal,K9270f70913c0acef9bfc8848ba83f8d9b692f8ab4f838c7fb64aaa248fe849fb,2,complete,0.0,0,0,0,0,695d25ca-1595-4e9a-9922-ace5b7a87af3,2026-10-02T10:20:12.653642+00:00,True
fault_30_00_028,test,fault_30_00,0,28,0.3,基于机器学习和新闻文本的原油期货资产配置研究_钟浩.pdf,P0010,live_normal,Keff678b299227ecddcbf4d17f7660b95ad60c101672d17ba7b273738c73df3c0,2,complete,0.0,0,0,0,0,e0eb02e7-febb-4bd8-af0c-2eca91075785,2026-10-02T10:20:13.345614+00:00,True
fault_30_00_029,test,fault_30_00,0,29,0.3,信息熵在机器学习算法中的运用_张璐瑶.pdf,P0012,live_normal,K9455b6d7518a5c36d827b4348e81a09fdcc5e5fe003e877bc05bb7eb138eca2f,2,complete,0.0,0,0,0,0,4f15ba51-3c6c-44d7-995b-16128ab1827f,2026-10-02T10:20:14.117229+00:00,True
fault_30_00_030,test,fault_30_00,0,30,0.3,基于机器学习算法的黑色系期货价格预测_郭梓晗.pdf,P0015,live_corrupted,K38fb6ee734eea60c4050e432635f6c4ead95c3e0e37acb1bb3460039c89e60c3,0,incomplete,0.5,1,0,0,0,bbc13e93-eb4f-41ac-b764-c613ddc7250f,2026-10-02T10:20:14.972565+00:00,True
fault_30_00_031,test,fault_30_00,0,31,0.3,信息熵在机器学习算法中的运用_张璐瑶.pdf,P0012,live_normal,K9455b6d7518a5c36d827b4348e81a09fdcc5e5fe003e877bc05bb7eb138eca2f,2,complete,0.0,0,0,0,0,2efaa7f7-d091-453a-b45d-73f869a1c13a,2026-10-02T10:20:15.870879+00:00,True
fault_30_00_032,test,fault_30_00,0,32,0.3,基于机器学习算法的黑色系期货价格预测_郭梓晗.pdf,P0015,live_normal,K5a3b1a850e68e1179ffaab8a8182196b1d087696ef52257a0a6ffad347030b14,2,complete,0.0,0,0,0,0,4617cdc4-9a84-48c3-acc1-9b75d80a3c68,2026-10-02T10:20:16.575349+00:00,True
fault_30_00_033,test,fault_30_00,0,33,0.3,气候金融背景下的气温衍生品定价研究——基于机器学习算法_杨刚.pdf,P0005,live_normal,K49cf5919474d41c8f7083ab6cb64a02560857ee3d54409accfc8538f21abb419,2,complete,0.0,0,0,0,0,3f80eb31-4ce5-49d3-9123-e5bb925f72c8,2026-10-02T10:20:17.526960+00:00,True
fault_30_00_034,test,fault_30_00,0,34,0.3,基于机器学习算法的黑色系期货价格预测_郭梓晗.pdf,P0015,live_corrupted,K38fb6ee734eea60c4050e432635f6c4ead95c3e0e37acb1bb3460039c89e60c3,0,incomplete,0.5,1,0,0,0,3015b6c0-8cb3-4e92-895a-1b752f87da1c,2026-10-02T10:20:18.158387+00:00,True
fault_30_00_035,test,fault_30_00,0,35,0.3,基于机器学习和新闻文本的原油期货资产配置研究_钟浩.pdf,P0010,live_normal,Keff678b299227ecddcbf4d17f7660b95ad60c101672d17ba7b273738c73df3c0,2,complete,0.0,0,0,0,0,015bd725-bc9e-4faf-a2e2-94d2dd25ed68,2026-10-02T10:20:19.046035+00:00,True
fault_30_00_036,test,fault_30_00,0,36,0.3,基于机器学习和新闻文本的原油期货资产配置研究_钟浩.pdf,P0010,live_corrupted,K4af079210612be1e666690b2099486696e2e98f06b8ed554b48fda6f611d973d,0,incomplete,0.5,1,0,0,0,fb2a7052-f70c-448e-ab1b-46dda7235073,2026-10-02T10:20:19.682849+00:00,True
fault_30_00_037,test,fault_30_00,0,37,0.3,信息熵在机器学习算法中的运用_张璐瑶.pdf,P0012,live_normal,K9455b6d7518a5c36d827b4348e81a09fdcc5e5fe003e877bc05bb7eb138eca2f,2,complete,0.0,0,0,0,0,2ec59795-694f-4552-8609-0ed8d4f59ecb,2026-10-02T10:20:20.442283+00:00,True
fault_30_00_038,test,fault_30_00,0,38,0.3,信息熵在机器学习算法中的运用_张璐瑶.pdf,P0012,live_normal,K9455b6d7518a5c36d827b4348e81a09fdcc5e5fe003e877bc05bb7eb138eca2f,2,complete,0.0,0,0,0,0,1e4a3c26-7696-4c4f-9f4b-b3e221089be7,2026-10-02T10:20:21.193791+00:00,True
fault_30_00_039,test,fault_30_00,0,39,0.3,气候金融背景下的气温衍生品定价研究——基于机器学习算法_杨刚.pdf,P0005,live_normal,K49cf5919474d41c8f7083ab6cb64a02560857ee3d54409accfc8538f21abb419,2,complete,0.0,0,0,0,0,a03baf8b-bf01-4b6b-bd5a-a9d687b01f64,2026-10-02T10:20:21.973952+00:00,True
fault_30_00_040,test,fault_30_00,0,40,0.3,基于机器学习和新闻文本的原油期货资产配置研究_钟浩.pdf,P0010,live_corrupted,K4af079210612be1e666690b2099486696e2e98f06b8ed554b48fda6f611d973d,0,incomplete,0.5,1,0,0,0,c4b2daf3-e908-4e9a-a8a2-5c5a73c3d3f4,2026-10-02T10:20:22.510753+00:00,True
fault_30_01_001,test,fault_30_01,1,1,0.3,基于机器学习算法的黑色系期货价格预测_郭梓晗.pdf,P0015,live_normal,K02bb1dc42b9bf68b5351b568c548ebc99723d1e35095ee7c9bf1c7a874a360ed,2,complete,0.0,0,0,0,0,c43a68f7-12fd-4073-ba71-7873c3be4776,2026-10-02T10:15:57.726821+00:00,True
fault_30_01_002,test,fault_30_01,1,2,0.3,基于机器学习和新闻文本的原油期货资产配置研究_钟浩.pdf,P0010,live_normal,Keff678b299227ecddcbf4d17f7660b95ad60c101672d17ba7b273738c73df3c0,2,complete,0.0,0,0,0,0,50a28d93-4004-46c2-87b5-b61679061ee0,2026-10-02T10:15:58.977363+00:00,True
fault_30_01_003,test,fault_30_01,1,3,0.3,气候金融背景下的气温衍生品定价研究——基于机器学习算法_杨刚.pdf,P0004,live_normal,K9270f70913c0acef9bfc8848ba83f8d9b692f8ab4f838c7fb64aaa248fe849fb,2,complete,0.0,0,0,0,0,3246885c-78da-427c-b9cb-7fac5c35bd19,2026-10-02T10:15:59.355530+00:00,True
fault_30_01_004,test,fault_30_01,1,4,0.3,基于机器学习算法的黑色系期货价格预测_郭梓晗.pdf,P0015,live_normal,K5a3b1a850e68e1179ffaab8a8182196b1d087696ef52257a0a6ffad347030b14,2,complete,0.0,0,0,0,0,e777faab-b027-4128-8680-2d757f2f7e2a,2026-10-02T10:15:59.921518+00:00,True
fault_30_01_005,test,fault_30_01,1,5,0.3,基于机器学习和新闻文本的原油期货资产配置研究_钟浩.pdf,P0010,live_normal,Keff678b299227ecddcbf4d17f7660b95ad60c101672d17ba7b273738c73df3c0,2,complete,0.0,0,0,0,0,0ac841a9-4ec9-4c9c-ad57-a2fdc89a3a83,2026-10-02T10:16:00.812596+00:00,True
fault_30_01_006,test,fault_30_01,1,6,0.3,信息熵在机器学习算法中的运用_张璐瑶.pdf,P0012,live_normal,K9455b6d7518a5c36d827b4348e81a09fdcc5e5fe003e877bc05bb7eb138eca2f,2,complete,0.0,0,0,0,0,e4155c90-1b1f-4f7c-802c-b950abd475f7,2026-10-02T10:16:01.697245+00:00,True
fault_30_01_007,test,fault_30_01,1,7,0.3,信息熵在机器学习算法中的运用_张璐瑶.pdf,P0012,live_normal,K9455b6d7518a5c36d827b4348e81a09fdcc5e5fe003e877bc05bb7eb138eca2f,2,complete,0.0,0,0,0,0,f6acf6b7-53f6-4aa8-a647-88c5efdfe684,2026-10-02T10:16:03.065552+00:00,True
fault_30_01_008,test,fault_30_01,1,8,0.3,信息熵在机器学习算法中的运用_张璐瑶.pdf,P0012,live_normal,K9455b6d7518a5c36d827b4348e81a09fdcc5e5fe003e877bc05bb7eb138eca2f,2,complete,0.0,0,0,0,0,9c02406e-e59f-420d-9a8a-3031e39e1370,2026-10-02T10:16:03.861713+00:00,True
fault_30_01_009,test,fault_30_01,1,9,0.3,气候金融背景下的气温衍生品定价研究——基于机器学习算法_杨刚.pdf,P0004,live_normal,K9270f70913c0acef9bfc8848ba83f8d9b692f8ab4f838c7fb64aaa248fe849fb,2,complete,0.0,0,0,0,0,6b06e19e-aed9-41f9-84a3-b44648ffe143,2026-10-02T10:16:04.705989+00:00,True
fault_30_01_010,test,fault_30_01,1,10,0.3,信息熵在机器学习算法中的运用_张璐瑶.pdf,P0012,live_normal,K9455b6d7518a5c36d827b4348e81a09fdcc5e5fe003e877bc05bb7eb138eca2f,2,complete,0.0,0,0,0,0,351158e3-2348-4f31-b4b1-05ae5210001d,2026-10-02T10:16:05.404845+00:00,True
fault_30_01_011,test,fault_30_01,1,11,0.3,气候金融背景下的气温衍生品定价研究——基于机器学习算法_杨刚.pdf,P0004,live_normal,K9270f70913c0acef9bfc8848ba83f8d9b692f8ab4f838c7fb64aaa248fe849fb,2,complete,0.0,0,0,0,0,7e8c0fd9-935c-4a6b-be9c-e2f30c22607a,2026-10-02T10:16:05.977686+00:00,True
fault_30_01_012,test,fault_30_01,1,12,0.3,气候金融背景下的气温衍生品定价研究——基于机器学习算法_杨刚.pdf,P0005,live_normal,K49cf5919474d41c8f7083ab6cb64a02560857ee3d54409accfc8538f21abb419,2,complete,0.0,0,0,0,0,42040897-6715-4108-84f4-bf3c65a55b67,2026-10-02T10:16:06.452510+00:00,True
fault_30_01_013,test,fault_30_01,1,13,0.3,基于机器学习和新闻文本的原油期货资产配置研究_钟浩.pdf,P0010,live_normal,Keff678b299227ecddcbf4d17f7660b95ad60c101672d17ba7b273738c73df3c0,2,complete,0.0,0,0,0,0,1016aae9-5b07-4c50-b331-bb54d20aa165,2026-10-02T10:16:07.187026+00:00,True
fault_30_01_014,test,fault_30_01,1,14,0.3,基于机器学习算法的黑色系期货价格预测_郭梓晗.pdf,P0015,live_normal,K5a3b1a850e68e1179ffaab8a8182196b1d087696ef52257a0a6ffad347030b14,2,complete,0.0,0,0,0,0,741f3650-d044-4661-b031-8427ee149774,2026-10-02T10:16:07.679731+00:00,True
fault_30_01_015,test,fault_30_01,1,15,0.3,基于机器学习和新闻文本的原油期货资产配置研究_钟浩.pdf,P0010,live_normal,Keff678b299227ecddcbf4d17f7660b95ad60c101672d17ba7b273738c73df3c0,2,complete,0.0,0,0,0,0,a28f9711-d9a3-4cf3-9e36-8d5873755b2b,2026-10-02T10:16:08.423457+00:00,True
fault_30_01_016,test,fault_30_01,1,16,0.3,信息熵在机器学习算法中的运用_张璐瑶.pdf,P0012,live_normal,K9455b6d7518a5c36d827b4348e81a09fdcc5e5fe003e877bc05bb7eb138eca2f,2,complete,0.0,0,0,0,0,0a4fe797-40f6-4420-b5f1-dc693dd9803c,2026-10-02T10:16:09.048198+00:00,True
fault_30_01_017,test,fault_30_01,1,17,0.3,基于机器学习算法的黑色系期货价格预测_郭梓晗.pdf,P0015,live_corrupted,K38fb6ee734eea60c4050e432635f6c4ead95c3e0e37acb1bb3460039c89e60c3,0,incomplete,0.5,1,0,0,0,5da15c25-95a0-4d1a-99da-e500279db3dc,2026-10-02T10:16:09.855824+00:00,True
fault_30_01_018,test,fault_30_01,1,18,0.3,气候金融背景下的气温衍生品定价研究——基于机器学习算法_杨刚.pdf,P0005,live_normal,K49cf5919474d41c8f7083ab6cb64a02560857ee3d54409accfc8538f21abb419,2,complete,0.0,0,0,0,0,3abf8dcd-fd35-4ca6-9bde-edadf8830e82,2026-10-02T10:16:10.399472+00:00,True
fault_30_01_019,test,fault_30_01,1,19,0.3,基于机器学习和新闻文本的原油期货资产配置研究_钟浩.pdf,P0010,live_normal,Keff678b299227ecddcbf4d17f7660b95ad60c101672d17ba7b273738c73df3c0,2,complete,0.0,0,0,0,0,dca13423-fdf4-4eff-9114-ac1b9e7c6268,2026-10-02T10:16:11.059227+00:00,True
fault_30_01_020,test,fault_30_01,1,20,0.3,信息熵在机器学习算法中的运用_张璐瑶.pdf,P0012,live_corrupted,K9a0ef644e19dad102165caa70891b942c3d55d0685016c99c0efba8aff8570b9,0,incomplete,0.5,1,0,0,0,62a3a4d7-9deb-4aac-9b84-29a977d1be6d,2026-10-02T10:16:11.997786+00:00,True
fault_30_01_021,test,fault_30_01,1,21,0.3,基于机器学习算法的黑色系期货价格预测_郭梓晗.pdf,P0015,live_normal,K5a3b1a850e68e1179ffaab8a8182196b1d087696ef52257a0a6ffad347030b14,2,complete,0.0,0,0,0,0,97a4f289-7ab8-4711-aed4-5aaa0d845fc3,2026-10-02T10:16:12.964429+00:00,True
fault_30_01_022,test,fault_30_01,1,22,0.3,气候金融背景下的气温衍生品定价研究——基于机器学习算法_杨刚.pdf,P0005,live_corrupted,Kbb697191e483d0bea78be7ee72904aaa773c7da8956c4d27224dbf776646ee0b,0,incomplete,0.3333333333333333,1,0,0,0,2d8452ec-bc41-4319-b30c-ba676c663481,2026-10-02T10:16:13.919807+00:00,True
fault_30_01_023,test,fault_30_01,1,23,0.3,气候金融背景下的气温衍生品定价研究——基于机器学习算法_杨刚.pdf,P0005,live_normal,Kf3ea2a47d88a646e6f2b6eb9185ca4261c1ea08aacbe7bea23189551f42130a6,2,complete,0.0,0,0,0,0,553c3e56-a3bb-45b2-a811-ec13ad1618b7,2026-10-02T10:16:14.408521+00:00,True
fault_30_01_024,test,fault_30_01,1,24,0.3,气候金融背景下的气温衍生品定价研究——基于机器学习算法_杨刚.pdf,P0005,live_normal,K49cf5919474d41c8f7083ab6cb64a02560857ee3d54409accfc8538f21abb419,2,complete,0.0,0,0,0,0,c42b9a80-5999-4d66-a2b0-168bfd724207,2026-10-02T10:16:14.871992+00:00,True
fault_30_01_025,test,fault_30_01,1,25,0.3,基于机器学习算法的黑色系期货价格预测_郭梓晗.pdf,P0015,live_corrupted,K38fb6ee734eea60c4050e432635f6c4ead95c3e0e37acb1bb3460039c89e60c3,0,incomplete,0.5,1,0,0,0,14d91f94-9acd-418e-a099-09afdf9b5e4b,2026-10-02T10:16:15.661732+00:00,True
fault_30_01_026,test,fault_30_01,1,26,0.3,气候金融背景下的气温衍生品定价研究——基于机器学习算法_杨刚.pdf,P0004,live_normal,K9270f70913c0acef9bfc8848ba83f8d9b692f8ab4f838c7fb64aaa248fe849fb,2,complete,0.0,0,0,0,0,e8458afd-176d-4781-8c1a-688a95c8c9fb,2026-10-02T10:16:16.425268+00:00,True
fault_30_01_027,test,fault_30_01,1,27,0.3,基于机器学习和新闻文本的原油期货资产配置研究_钟浩.pdf,P0010,live_corrupted,K4af079210612be1e666690b2099486696e2e98f06b8ed554b48fda6f611d973d,0,incomplete,0.5,1,0,0,0,ced4cbee-1c87-41f5-9d76-c9b914fe3216,2026-10-02T10:16:17.348573+00:00,True
fault_30_01_028,test,fault_30_01,1,28,0.3,基于机器学习和新闻文本的原油期货资产配置研究_钟浩.pdf,P0010,live_normal,Keff678b299227ecddcbf4d17f7660b95ad60c101672d17ba7b273738c73df3c0,2,complete,0.0,0,0,0,0,fd888386-88a7-47d6-ba7f-6f76b254bbad,2026-10-02T10:16:18.771799+00:00,True
fault_30_01_029,test,fault_30_01,1,29,0.3,气候金融背景下的气温衍生品定价研究——基于机器学习算法_杨刚.pdf,P0004,live_normal,K9270f70913c0acef9bfc8848ba83f8d9b692f8ab4f838c7fb64aaa248fe849fb,2,complete,0.0,0,0,0,0,c3411414-1c3b-4b1d-9f3d-20c2562ea024,2026-10-02T10:16:19.214456+00:00,True
fault_30_01_030,test,fault_30_01,1,30,0.3,基于机器学习和新闻文本的原油期货资产配置研究_钟浩.pdf,P0010,live_normal,Keff678b299227ecddcbf4d17f7660b95ad60c101672d17ba7b273738c73df3c0,2,complete,0.0,0,0,0,0,464b746e-aac0-4319-b381-ceebe6ab3a9c,2026-10-02T10:16:20.136583+00:00,True
fault_30_01_031,test,fault_30_01,1,31,0.3,信息熵在机器学习算法中的运用_张璐瑶.pdf,P0012,live_corrupted,K9a0ef644e19dad102165caa70891b942c3d55d0685016c99c0efba8aff8570b9,0,incomplete,0.5,1,0,0,0,08c0f4ca-bff6-4b2a-81bc-4774f4b9a7a2,2026-10-02T10:16:20.856161+00:00,True
fault_30_01_032,test,fault_30_01,1,32,0.3,基于机器学习算法的黑色系期货价格预测_郭梓晗.pdf,P0015,live_normal,K5a3b1a850e68e1179ffaab8a8182196b1d087696ef52257a0a6ffad347030b14,2,complete,0.0,0,0,0,0,d1b691d1-8aee-4687-996a-d0676708266f,2026-10-02T10:16:21.609352+00:00,True
fault_30_01_033,test,fault_30_01,1,33,0.3,气候金融背景下的气温衍生品定价研究——基于机器学习算法_杨刚.pdf,P0004,live_corrupted,K4326fbb2d82bfb9f29a6e44c9ae0457139800ba8b2cd48da44c1e615f81dc7c2,0,incomplete,0.5,1,0,0,0,ea9acaf6-affe-4fbc-820a-938673ecdf1f,2026-10-02T10:16:22.534824+00:00,True
fault_30_01_034,test,fault_30_01,1,34,0.3,基于机器学习和新闻文本的原油期货资产配置研究_钟浩.pdf,P0010,live_corrupted,K1014db88ff2f746e680e4a644febc1cd7c42811b0164ed5587902cfcc05b02f5,0,incomplete,0.5,1,0,0,0,a87d0270-6aff-4401-b249-5ecfffda20a6,2026-10-02T10:16:23.303539+00:00,True
fault_30_01_035,test,fault_30_01,1,35,0.3,基于机器学习算法的黑色系期货价格预测_郭梓晗.pdf,P0015,live_corrupted,K38fb6ee734eea60c4050e432635f6c4ead95c3e0e37acb1bb3460039c89e60c3,0,incomplete,0.5,1,0,0,0,d13c59e4-d2f5-412c-98c5-992493924be5,2026-10-02T10:16:24.239315+00:00,True
fault_30_01_036,test,fault_30_01,1,36,0.3,基于机器学习算法的黑色系期货价格预测_郭梓晗.pdf,P0015,live_corrupted,K38fb6ee734eea60c4050e432635f6c4ead95c3e0e37acb1bb3460039c89e60c3,0,incomplete,0.5,1,0,0,0,dc44f56b-dfef-46ba-9132-5534ff225f6f,2026-10-02T10:16:24.722495+00:00,True
fault_30_01_037,test,fault_30_01,1,37,0.3,气候金融背景下的气温衍生品定价研究——基于机器学习算法_杨刚.pdf,P0005,live_corrupted,Kbb697191e483d0bea78be7ee72904aaa773c7da8956c4d27224dbf776646ee0b,0,incomplete,0.3333333333333333,1,0,0,0,670c833f-d8c3-4406-960b-37d1e70544b6,2026-10-02T10:16:25.275064+00:00,True
fault_30_01_038,test,fault_30_01,1,38,0.3,气候金融背景下的气温衍生品定价研究——基于机器学习算法_杨刚.pdf,P0004,live_corrupted,K4326fbb2d82bfb9f29a6e44c9ae0457139800ba8b2cd48da44c1e615f81dc7c2,0,incomplete,0.5,1,0,0,0,9db592c7-ef2c-4c48-b90b-629e37c86106,2026-10-02T10:16:26.266626+00:00,True
fault_30_01_039,test,fault_30_01,1,39,0.3,基于机器学习和新闻文本的原油期货资产配置研究_钟浩.pdf,P0010,live_corrupted,K1014db88ff2f746e680e4a644febc1cd7c42811b0164ed5587902cfcc05b02f5,0,incomplete,0.5,1,0,0,0,d37edaae-470f-4341-8849-e1cda425518b,2026-10-02T10:16:27.039538+00:00,True
fault_30_01_040,test,fault_30_01,1,40,0.3,气候金融背景下的气温衍生品定价研究——基于机器学习算法_杨刚.pdf,P0005,live_normal,K49cf5919474d41c8f7083ab6cb64a02560857ee3d54409accfc8538f21abb419,2,complete,0.0,0,0,0,0,eafb7e9d-f8df-4d29-afc0-037691bd6aa2,2026-10-02T10:16:27.858045+00:00,True
fault_30_02_001,test,fault_30_02,2,1,0.3,信息熵在机器学习算法中的运用_张璐瑶.pdf,P0012,live_normal,K9455b6d7518a5c36d827b4348e81a09fdcc5e5fe003e877bc05bb7eb138eca2f,2,complete,0.0,0,0,0,0,b5455e92-fdf6-4cad-b875-08e1dfb05e4c,2026-10-02T10:16:35.604541+00:00,True
fault_30_02_002,test,fault_30_02,2,2,0.3,基于机器学习和新闻文本的原油期货资产配置研究_钟浩.pdf,P0010,live_normal,Keff678b299227ecddcbf4d17f7660b95ad60c101672d17ba7b273738c73df3c0,2,complete,0.0,0,0,0,0,15327aae-5ab5-494c-b7ab-8efcfbc1badd,2026-10-02T10:16:36.362891+00:00,True
fault_30_02_003,test,fault_30_02,2,3,0.3,基于机器学习算法的黑色系期货价格预测_郭梓晗.pdf,P0015,live_normal,K5a3b1a850e68e1179ffaab8a8182196b1d087696ef52257a0a6ffad347030b14,2,complete,0.0,0,0,0,0,3426d4ba-e4b7-41c5-b9bd-57083420a2a4,2026-10-02T10:16:37.163453+00:00,True
fault_30_02_004,test,fault_30_02,2,4,0.3,基于机器学习和新闻文本的原油期货资产配置研究_钟浩.pdf,P0010,live_normal,Keff678b299227ecddcbf4d17f7660b95ad60c101672d17ba7b273738c73df3c0,2,complete,0.0,0,0,0,0,4b3ef095-6084-4c43-8479-e09c4e9608b4,2026-10-02T10:16:37.584454+00:00,True
fault_30_02_005,test,fault_30_02,2,5,0.3,基于机器学习和新闻文本的原油期货资产配置研究_钟浩.pdf,P0010,live_normal,Keff678b299227ecddcbf4d17f7660b95ad60c101672d17ba7b273738c73df3c0,2,complete,0.0,0,0,0,0,bfce02bd-e19a-4872-8af4-616978728d2b,2026-10-02T10:16:38.156534+00:00,True
fault_30_02_006,test,fault_30_02,2,6,0.3,基于机器学习算法的黑色系期货价格预测_郭梓晗.pdf,P0015,live_normal,K5a3b1a850e68e1179ffaab8a8182196b1d087696ef52257a0a6ffad347030b14,2,complete,0.0,0,0,0,0,170dc97d-ca93-4812-aedc-4946a796c8f6,2026-10-02T10:16:39.093890+00:00,True
fault_30_02_007,test,fault_30_02,2,7,0.3,基于机器学习算法的黑色系期货价格预测_郭梓晗.pdf,P0015,live_normal,K5a3b1a850e68e1179ffaab8a8182196b1d087696ef52257a0a6ffad347030b14,2,complete,0.0,0,0,0,0,c5e3cb28-890c-4f28-9d34-07a0efb89e83,2026-10-02T10:16:39.748063+00:00,True
fault_30_02_008,test,fault_30_02,2,8,0.3,基于机器学习和新闻文本的原油期货资产配置研究_钟浩.pdf,P0010,live_normal,Keff678b299227ecddcbf4d17f7660b95ad60c101672d17ba7b273738c73df3c0,2,complete,0.0,0,0,0,0,761b933f-c605-4287-b3cc-ad15b50e164d,2026-10-02T10:16:40.353266+00:00,True
fault_30_02_009,test,fault_30_02,2,9,0.3,气候金融背景下的气温衍生品定价研究——基于机器学习算法_杨刚.pdf,P0005,live_normal,K49cf5919474d41c8f7083ab6cb64a02560857ee3d54409accfc8538f21abb419,2,complete,0.0,0,0,0,0,863cad34-74fa-4013-8720-78097143a818,2026-10-02T10:16:40.885097+00:00,True
fault_30_02_010,test,fault_30_02,2,10,0.3,气候金融背景下的气温衍生品定价研究——基于机器学习算法_杨刚.pdf,P0004,live_normal,K9270f70913c0acef9bfc8848ba83f8d9b692f8ab4f838c7fb64aaa248fe849fb,2,complete,0.0,0,0,0,0,73e7360d-9aae-4d78-9e79-a44c19a61d0c,2026-10-02T10:16:41.775925+00:00,True
fault_30_02_011,test,fault_30_02,2,11,0.3,气候金融背景下的气温衍生品定价研究——基于机器学习算法_杨刚.pdf,P0005,live_normal,Kf3ea2a47d88a646e6f2b6eb9185ca4261c1ea08aacbe7bea23189551f42130a6,2,complete,0.0,0,0,0,0,4473030b-2668-4ada-a30e-e74923a7e5e8,2026-10-02T10:16:42.411940+00:00,True
fault_30_02_012,test,fault_30_02,2,12,0.3,基于机器学习算法的黑色系期货价格预测_郭梓晗.pdf,P0015,live_normal,K5a3b1a850e68e1179ffaab8a8182196b1d087696ef52257a0a6ffad347030b14,2,complete,0.0,0,0,0,0,0dc9b4ef-e182-4e54-b9e5-6c52c82a6fbd,2026-10-02T10:16:43.087902+00:00,True
fault_30_02_013,test,fault_30_02,2,13,0.3,信息熵在机器学习算法中的运用_张璐瑶.pdf,P0012,live_normal,K9455b6d7518a5c36d827b4348e81a09fdcc5e5fe003e877bc05bb7eb138eca2f,2,complete,0.0,0,0,0,0,fd28d424-b8da-4b28-ba33-a905f9d6bf47,2026-10-02T10:16:44.072295+00:00,True
fault_30_02_014,test,fault_30_02,2,14,0.3,基于机器学习算法的黑色系期货价格预测_郭梓晗.pdf,P0015,live_normal,K5a3b1a850e68e1179ffaab8a8182196b1d087696ef52257a0a6ffad347030b14,2,complete,0.0,0,0,0,0,36f58ecf-95bb-4bcf-9a08-6e74d034ceb0,2026-10-02T10:16:44.436352+00:00,True
fault_30_02_015,test,fault_30_02,2,15,0.3,信息熵在机器学习算法中的运用_张璐瑶.pdf,P0012,live_normal,K455be6ec0576ef7c24e84b6c16982e8b13570f618bc4d79871f64f8b5fc51c6b,2,complete,0.0,0,0,0,0,7f75feaf-eb4f-41eb-9693-23e056ff6597,2026-10-02T10:16:44.942455+00:00,True
fault_30_02_016,test,fault_30_02,2,16,0.3,基于机器学习算法的黑色系期货价格预测_郭梓晗.pdf,P0015,live_normal,K5a3b1a850e68e1179ffaab8a8182196b1d087696ef52257a0a6ffad347030b14,2,complete,0.0,0,0,0,0,0526ec22-f116-4cbc-9db6-9c69021b492b,2026-10-02T10:16:45.841919+00:00,True
fault_30_02_017,test,fault_30_02,2,17,0.3,基于机器学习算法的黑色系期货价格预测_郭梓晗.pdf,P0015,live_normal,K5a3b1a850e68e1179ffaab8a8182196b1d087696ef52257a0a6ffad347030b14,2,complete,0.0,0,0,0,0,7cbb5a8f-c0f4-4fbe-ae6b-4051a5003903,2026-10-02T10:16:46.433448+00:00,True
fault_30_02_018,test,fault_30_02,2,18,0.3,信息熵在机器学习算法中的运用_张璐瑶.pdf,P0012,live_normal,K9455b6d7518a5c36d827b4348e81a09fdcc5e5fe003e877bc05bb7eb138eca2f,2,complete,0.0,0,0,0,0,7ba2c4a4-ff8c-4631-93de-231eb8fe6dc8,2026-10-02T10:16:47.327945+00:00,True
fault_30_02_019,test,fault_30_02,2,19,0.3,信息熵在机器学习算法中的运用_张璐瑶.pdf,P0012,live_corrupted,Kc675ad8413113ee64a95c4f02c0fc0236e6bfa865f78ee43b8c524875dce8767,0,incomplete,0.5,1,0,0,0,7e033d63-5f60-4700-8c2f-7ea20e577d43,2026-10-02T10:16:47.843981+00:00,True
fault_30_02_020,test,fault_30_02,2,20,0.3,基于机器学习和新闻文本的原油期货资产配置研究_钟浩.pdf,P0010,live_normal,Keff678b299227ecddcbf4d17f7660b95ad60c101672d17ba7b273738c73df3c0,2,complete,0.0,0,0,0,0,d46f2c7f-f13a-4f46-9ee3-6d7da6a68ec1,2026-10-02T10:16:49.143064+00:00,True
fault_30_02_021,test,fault_30_02,2,21,0.3,基于机器学习和新闻文本的原油期货资产配置研究_钟浩.pdf,P0010,live_normal,Keff678b299227ecddcbf4d17f7660b95ad60c101672d17ba7b273738c73df3c0,2,complete,0.0,0,0,0,0,e27de65d-feae-46cb-bab7-4a2b4ce5b27e,2026-10-02T10:16:50.060813+00:00,True
fault_30_02_022,test,fault_30_02,2,22,0.3,基于机器学习算法的黑色系期货价格预测_郭梓晗.pdf,P0015,live_normal,K5a3b1a850e68e1179ffaab8a8182196b1d087696ef52257a0a6ffad347030b14,2,complete,0.0,0,0,0,0,985d64d2-ce57-44c0-9bfe-c8f82c272b81,2026-10-02T10:16:50.928461+00:00,True
fault_30_02_023,test,fault_30_02,2,23,0.3,气候金融背景下的气温衍生品定价研究——基于机器学习算法_杨刚.pdf,P0004,live_normal,K9270f70913c0acef9bfc8848ba83f8d9b692f8ab4f838c7fb64aaa248fe849fb,2,complete,0.0,0,0,0,0,91917882-e25c-4aac-bfe1-117dac038373,2026-10-02T10:16:51.627373+00:00,True
fault_30_02_024,test,fault_30_02,2,24,0.3,气候金融背景下的气温衍生品定价研究——基于机器学习算法_杨刚.pdf,P0004,live_normal,K9270f70913c0acef9bfc8848ba83f8d9b692f8ab4f838c7fb64aaa248fe849fb,2,complete,0.0,0,0,0,0,8a74443d-a1da-4fec-b628-8bfdaf6bcc60,2026-10-02T10:16:52.227029+00:00,True
fault_30_02_025,test,fault_30_02,2,25,0.3,基于机器学习和新闻文本的原油期货资产配置研究_钟浩.pdf,P0010,live_normal,Keff678b299227ecddcbf4d17f7660b95ad60c101672d17ba7b273738c73df3c0,2,complete,0.0,0,0,0,0,9f8cc480-a2f3-4157-98b3-e73d0aca9da4,2026-10-02T10:16:52.876536+00:00,True
fault_30_02_026,test,fault_30_02,2,26,0.3,基于机器学习算法的黑色系期货价格预测_郭梓晗.pdf,P0015,live_normal,K5a3b1a850e68e1179ffaab8a8182196b1d087696ef52257a0a6ffad347030b14,2,complete,0.0,0,0,0,0,c91bf15f-81fb-4c14-b317-07ebb613c2ac,2026-10-02T10:16:53.537321+00:00,True
fault_30_02_027,test,fault_30_02,2,27,0.3,基于机器学习算法的黑色系期货价格预测_郭梓晗.pdf,P0015,live_normal,K5a3b1a850e68e1179ffaab8a8182196b1d087696ef52257a0a6ffad347030b14,2,complete,0.0,0,0,0,0,493e0bfd-5c33-4ab2-9042-1fb925b21710,2026-10-02T10:16:54.066399+00:00,True
fault_30_02_028,test,fault_30_02,2,28,0.3,基于机器学习算法的黑色系期货价格预测_郭梓晗.pdf,P0015,live_normal,K5a3b1a850e68e1179ffaab8a8182196b1d087696ef52257a0a6ffad347030b14,2,complete,0.0,0,0,0,0,a6616722-30b9-400d-aea3-6c82e26a7733,2026-10-02T10:16:54.677598+00:00,True
fault_30_02_029,test,fault_30_02,2,29,0.3,气候金融背景下的气温衍生品定价研究——基于机器学习算法_杨刚.pdf,P0004,live_corrupted,K4326fbb2d82bfb9f29a6e44c9ae0457139800ba8b2cd48da44c1e615f81dc7c2,0,incomplete,0.5,1,0,0,0,6fb2280f-9481-4f5d-8044-b49ec895e829,2026-10-02T10:16:55.321034+00:00,True
fault_30_02_030,test,fault_30_02,2,30,0.3,信息熵在机器学习算法中的运用_张璐瑶.pdf,P0012,live_normal,K9455b6d7518a5c36d827b4348e81a09fdcc5e5fe003e877bc05bb7eb138eca2f,2,complete,0.0,0,0,0,0,6dc93ab1-44ef-448d-9d24-66f1343c42a7,2026-10-02T10:16:56.110164+00:00,True
fault_30_02_031,test,fault_30_02,2,31,0.3,气候金融背景下的气温衍生品定价研究——基于机器学习算法_杨刚.pdf,P0004,live_corrupted,K4326fbb2d82bfb9f29a6e44c9ae0457139800ba8b2cd48da44c1e615f81dc7c2,0,incomplete,0.5,1,0,0,0,30f2bb83-787a-4e22-995a-9d9fb017082b,2026-10-02T10:16:56.734134+00:00,True
fault_30_02_032,test,fault_30_02,2,32,0.3,气候金融背景下的气温衍生品定价研究——基于机器学习算法_杨刚.pdf,P0004,live_corrupted,K4326fbb2d82bfb9f29a6e44c9ae0457139800ba8b2cd48da44c1e615f81dc7c2,0,incomplete,0.5,1,0,0,0,f62b85d2-a668-4e95-bba6-f224b3f2f410,2026-10-02T10:16:57.692739+00:00,True
fault_30_02_033,test,fault_30_02,2,33,0.3,信息熵在机器学习算法中的运用_张璐瑶.pdf,P0012,live_normal,K9455b6d7518a5c36d827b4348e81a09fdcc5e5fe003e877bc05bb7eb138eca2f,2,complete,0.0,0,0,0,0,d0b33ff9-c739-4930-902b-77501f478c72,2026-10-02T10:16:58.297201+00:00,True
fault_30_02_034,test,fault_30_02,2,34,0.3,气候金融背景下的气温衍生品定价研究——基于机器学习算法_杨刚.pdf,P0004,live_normal,K9270f70913c0acef9bfc8848ba83f8d9b692f8ab4f838c7fb64aaa248fe849fb,2,complete,0.0,0,0,0,0,0cf7e952-8207-4dbb-a2c6-a91da0d373ca,2026-10-02T10:16:59.102577+00:00,True
fault_30_02_035,test,fault_30_02,2,35,0.3,基于机器学习算法的黑色系期货价格预测_郭梓晗.pdf,P0015,live_corrupted,K38fb6ee734eea60c4050e432635f6c4ead95c3e0e37acb1bb3460039c89e60c3,0,incomplete,0.5,1,0,0,0,0933f3ec-6c9f-4af6-b7ac-483a6ab7f822,2026-10-02T10:16:59.806603+00:00,True
fault_30_02_036,test,fault_30_02,2,36,0.3,气候金融背景下的气温衍生品定价研究——基于机器学习算法_杨刚.pdf,P0004,live_normal,K9270f70913c0acef9bfc8848ba83f8d9b692f8ab4f838c7fb64aaa248fe849fb,2,complete,0.0,0,0,0,0,dafc3a95-6582-47fd-8f8c-7313608b5b8e,2026-10-02T10:17:00.362875+00:00,True
fault_30_02_037,test,fault_30_02,2,37,0.3,基于机器学习算法的黑色系期货价格预测_郭梓晗.pdf,P0015,live_corrupted,K38fb6ee734eea60c4050e432635f6c4ead95c3e0e37acb1bb3460039c89e60c3,0,incomplete,0.5,1,0,0,0,3b5b1433-adbd-422c-b6ab-8e1a2253a26e,2026-10-02T10:17:01.336564+00:00,True
fault_30_02_038,test,fault_30_02,2,38,0.3,基于机器学习和新闻文本的原油期货资产配置研究_钟浩.pdf,P0010,live_normal,Keff678b299227ecddcbf4d17f7660b95ad60c101672d17ba7b273738c73df3c0,2,complete,0.0,0,0,0,0,cf289282-3126-4203-86f3-6e656a747953,2026-10-02T10:17:02.338411+00:00,True
fault_30_02_039,test,fault_30_02,2,39,0.3,基于机器学习算法的黑色系期货价格预测_郭梓晗.pdf,P0015,live_normal,K5a3b1a850e68e1179ffaab8a8182196b1d087696ef52257a0a6ffad347030b14,2,complete,0.0,0,0,0,0,888733e0-8bbf-42d7-ae74-0b1c4fb51f07,2026-10-02T10:17:03.436971+00:00,True
fault_30_02_040,test,fault_30_02,2,40,0.3,气候金融背景下的气温衍生品定价研究——基于机器学习算法_杨刚.pdf,P0005,live_corrupted,Kbb697191e483d0bea78be7ee72904aaa773c7da8956c4d27224dbf776646ee0b,0,incomplete,0.3333333333333333,1,0,0,0,ffc0ac2f-1227-4a2f-a42e-dfd59a668875,2026-10-02T10:17:04.115711+00:00,True
fault_30_03_001,test,fault_30_03,3,1,0.3,气候金融背景下的气温衍生品定价研究——基于机器学习算法_杨刚.pdf,P0005,live_normal,K49cf5919474d41c8f7083ab6cb64a02560857ee3d54409accfc8538f21abb419,2,complete,0.0,0,0,0,0,05112a69-0f70-46b0-a56b-b850f94aad8a,2026-10-02T10:15:54.915054+00:00,True
fault_30_03_002,test,fault_30_03,3,2,0.3,基于机器学习和新闻文本的原油期货资产配置研究_钟浩.pdf,P0010,live_normal,Keff678b299227ecddcbf4d17f7660b95ad60c101672d17ba7b273738c73df3c0,2,complete,0.0,0,0,0,0,8136274e-0408-4ed3-95b7-9083bf5d6264,2026-10-02T10:15:55.457484+00:00,True
fault_30_03_003,test,fault_30_03,3,3,0.3,信息熵在机器学习算法中的运用_张璐瑶.pdf,P0012,live_normal,K9455b6d7518a5c36d827b4348e81a09fdcc5e5fe003e877bc05bb7eb138eca2f,2,complete,0.0,0,0,0,0,03b27d6f-9e79-49e1-a965-7d65c19d3420,2026-10-02T10:15:56.725290+00:00,True
fault_30_03_004,test,fault_30_03,3,4,0.3,基于机器学习和新闻文本的原油期货资产配置研究_钟浩.pdf,P0010,live_normal,Keff678b299227ecddcbf4d17f7660b95ad60c101672d17ba7b273738c73df3c0,2,complete,0.0,0,0,0,0,92d380fb-b7a5-471d-8173-0f093208731c,2026-10-02T10:15:57.330501+00:00,True
fault_30_03_005,test,fault_30_03,3,5,0.3,气候金融背景下的气温衍生品定价研究——基于机器学习算法_杨刚.pdf,P0005,live_normal,K49cf5919474d41c8f7083ab6cb64a02560857ee3d54409accfc8538f21abb419,2,complete,0.0,0,0,0,0,d594e3ee-27a8-45d6-8af6-e830cc047a85,2026-10-02T10:15:58.733240+00:00,True
fault_30_03_006,test,fault_30_03,3,6,0.3,信息熵在机器学习算法中的运用_张璐瑶.pdf,P0012,live_normal,K9455b6d7518a5c36d827b4348e81a09fdcc5e5fe003e877bc05bb7eb138eca2f,2,complete,0.0,0,0,0,0,5eb79b64-7e41-41ce-a0a4-a91047876d97,2026-10-02T10:15:59.726123+00:00,True
fault_30_03_007,test,fault_30_03,3,7,0.3,基于机器学习和新闻文本的原油期货资产配置研究_钟浩.pdf,P0010,live_normal,Keff678b299227ecddcbf4d17f7660b95ad60c101672d17ba7b273738c73df3c0,2,complete,0.0,0,0,0,0,d8e846c4-d6a1-4edd-bae2-950326663dae,2026-10-02T10:16:00.754984+00:00,True
fault_30_03_008,test,fault_30_03,3,8,0.3,气候金融背景下的气温衍生品定价研究——基于机器学习算法_杨刚.pdf,P0005,live_normal,K49cf5919474d41c8f7083ab6cb64a02560857ee3d54409accfc8538f21abb419,2,complete,0.0,0,0,0,0,ddde7b93-c149-418e-9b89-a3c908ff762e,2026-10-02T10:16:01.393077+00:00,True
fault_30_03_009,test,fault_30_03,3,9,0.3,基于机器学习算法的黑色系期货价格预测_郭梓晗.pdf,P0015,live_normal,K5a3b1a850e68e1179ffaab8a8182196b1d087696ef52257a0a6ffad347030b14,2,complete,0.0,0,0,0,0,33a9ef44-02a4-45b9-908e-9c9c1de88831,2026-10-02T10:16:02.353118+00:00,True
fault_30_03_010,test,fault_30_03,3,10,0.3,信息熵在机器学习算法中的运用_张璐瑶.pdf,P0012,live_normal,K9455b6d7518a5c36d827b4348e81a09fdcc5e5fe003e877bc05bb7eb138eca2f,2,complete,0.0,0,0,0,0,d39f473c-3f16-48f7-b713-8cdd386cf628,2026-10-02T10:16:03.505162+00:00,True
fault_30_03_011,test,fault_30_03,3,11,0.3,基于机器学习算法的黑色系期货价格预测_郭梓晗.pdf,P0015,live_normal,K5a3b1a850e68e1179ffaab8a8182196b1d087696ef52257a0a6ffad347030b14,2,complete,0.0,0,0,0,0,5eef6024-de28-43b5-b6c6-8d93f689e158,2026-10-02T10:16:04.321034+00:00,True
fault_30_03_012,test,fault_30_03,3,12,0.3,基于机器学习算法的黑色系期货价格预测_郭梓晗.pdf,P0015,live_normal,K02bb1dc42b9bf68b5351b568c548ebc99723d1e35095ee7c9bf1c7a874a360ed,2,complete,0.0,0,0,0,0,4d00e106-d91e-4db9-b564-9cf097a4bc3d,2026-10-02T10:16:04.732158+00:00,True
fault_30_03_013,test,fault_30_03,3,13,0.3,气候金融背景下的气温衍生品定价研究——基于机器学习算法_杨刚.pdf,P0005,live_normal,K49cf5919474d41c8f7083ab6cb64a02560857ee3d54409accfc8538f21abb419,2,complete,0.0,0,0,0,0,266cd770-04ce-4d73-84e2-c4a3451c9c05,2026-10-02T10:16:05.653275+00:00,True
fault_30_03_014,test,fault_30_03,3,14,0.3,气候金融背景下的气温衍生品定价研究——基于机器学习算法_杨刚.pdf,P0005,live_normal,K49cf5919474d41c8f7083ab6cb64a02560857ee3d54409accfc8538f21abb419,2,complete,0.0,0,0,0,0,1e81174d-d306-4db9-972d-e1db3102f0ab,2026-10-02T10:16:06.630427+00:00,True
fault_30_03_015,test,fault_30_03,3,15,0.3,气候金融背景下的气温衍生品定价研究——基于机器学习算法_杨刚.pdf,P0004,live_normal,K9270f70913c0acef9bfc8848ba83f8d9b692f8ab4f838c7fb64aaa248fe849fb,2,complete,0.0,0,0,0,0,d7010398-68b6-46d9-809d-a2d7f8f2312a,2026-10-02T10:16:07.266179+00:00,True
fault_30_03_016,test,fault_30_03,3,16,0.3,基于机器学习和新闻文本的原油期货资产配置研究_钟浩.pdf,P0010,live_normal,Keff678b299227ecddcbf4d17f7660b95ad60c101672d17ba7b273738c73df3c0,2,complete,0.0,0,0,0,0,90e930aa-c00b-471c-b1d9-dbfdc5896065,2026-10-02T10:16:08.001982+00:00,True
fault_30_03_017,test,fault_30_03,3,17,0.3,基于机器学习算法的黑色系期货价格预测_郭梓晗.pdf,P0015,live_corrupted,K38fb6ee734eea60c4050e432635f6c4ead95c3e0e37acb1bb3460039c89e60c3,0,incomplete,0.5,1,0,0,0,ae8c2444-c2a0-48b3-a4e9-fe23d2f921da,2026-10-02T10:16:08.826165+00:00,True
fault_30_03_018,test,fault_30_03,3,18,0.3,气候金融背景下的气温衍生品定价研究——基于机器学习算法_杨刚.pdf,P0005,live_normal,K49cf5919474d41c8f7083ab6cb64a02560857ee3d54409accfc8538f21abb419,2,complete,0.0,0,0,0,0,ed8eac9a-c7d4-4e14-8abf-9d9936d304c0,2026-10-02T10:16:09.955664+00:00,True
fault_30_03_019,test,fault_30_03,3,19,0.3,基于机器学习和新闻文本的原油期货资产配置研究_钟浩.pdf,P0010,live_corrupted,K4af079210612be1e666690b2099486696e2e98f06b8ed554b48fda6f611d973d,0,incomplete,0.5,1,0,0,0,cd2d4b3d-697d-408f-b7e0-9e00c893c8f5,2026-10-02T10:16:10.941824+00:00,True
fault_30_03_020,test,fault_30_03,3,20,0.3,基于机器学习和新闻文本的原油期货资产配置研究_钟浩.pdf,P0010,live_normal,Keff678b299227ecddcbf4d17f7660b95ad60c101672d17ba7b273738c73df3c0,2,complete,0.0,0,0,0,0,e79e0be4-d1b4-4c7d-ae16-94d6fbb8fd91,2026-10-02T10:16:11.700666+00:00,True
fault_30_03_021,test,fault_30_03,3,21,0.3,基于机器学习和新闻文本的原油期货资产配置研究_钟浩.pdf,P0010,live_normal,Keff678b299227ecddcbf4d17f7660b95ad60c101672d17ba7b273738c73df3c0,2,complete,0.0,0,0,0,0,da785a56-5c19-42ec-9e8a-261339536aaf,2026-10-02T10:16:12.525899+00:00,True
fault_30_03_022,test,fault_30_03,3,22,0.3,基于机器学习算法的黑色系期货价格预测_郭梓晗.pdf,P0015,live_normal,K5a3b1a850e68e1179ffaab8a8182196b1d087696ef52257a0a6ffad347030b14,2,complete,0.0,0,0,0,0,a086655c-a8e5-4450-b088-e4aeafb4de63,2026-10-02T10:16:13.106680+00:00,True
fault_30_03_023,test,fault_30_03,3,23,0.3,信息熵在机器学习算法中的运用_张璐瑶.pdf,P0012,live_normal,K9455b6d7518a5c36d827b4348e81a09fdcc5e5fe003e877bc05bb7eb138eca2f,2,complete,0.0,0,0,0,0,f9595e42-cafc-4c3b-9850-aa1a71d9831d,2026-10-02T10:16:13.762481+00:00,True
fault_30_03_024,test,fault_30_03,3,24,0.3,气候金融背景下的气温衍生品定价研究——基于机器学习算法_杨刚.pdf,P0005,live_normal,K49cf5919474d41c8f7083ab6cb64a02560857ee3d54409accfc8538f21abb419,2,complete,0.0,0,0,0,0,8ab25e6d-ee56-4a40-8293-12ceeabd6fdb,2026-10-02T10:16:14.685749+00:00,True
fault_30_03_025,test,fault_30_03,3,25,0.3,基于机器学习算法的黑色系期货价格预测_郭梓晗.pdf,P0015,live_normal,K5a3b1a850e68e1179ffaab8a8182196b1d087696ef52257a0a6ffad347030b14,2,complete,0.0,0,0,0,0,92a46c2c-db44-4971-aa50-eb2ba28508af,2026-10-02T10:16:15.424650+00:00,True
fault_30_03_026,test,fault_30_03,3,26,0.3,信息熵在机器学习算法中的运用_张璐瑶.pdf,P0012,live_normal,K9455b6d7518a5c36d827b4348e81a09fdcc5e5fe003e877bc05bb7eb138eca2f,2,complete,0.0,0,0,0,0,a419f5b8-0d42-44f0-9260-307d70094bac,2026-10-02T10:16:16.187540+00:00,True
fault_30_03_027,test,fault_30_03,3,27,0.3,气候金融背景下的气温衍生品定价研究——基于机器学习算法_杨刚.pdf,P0004,live_corrupted,K998475476ec369cb97d6dee43579a99c011b15faaca2eab9ce20412f19a5f58f,0,incomplete,0.5,1,0,0,0,0c5fc443-ddb7-47ca-a21a-490669e30096,2026-10-02T10:16:23.303042+00:00,False
fault_30_03_028,test,fault_30_03,3,28,0.3,信息熵在机器学习算法中的运用_张璐瑶.pdf,P0012,live_corrupted,Kc675ad8413113ee64a95c4f02c0fc0236e6bfa865f78ee43b8c524875dce8767,0,incomplete,0.5,1,0,0,0,6777a626-0d5a-4249-b885-6ee28ab3563f,2026-10-02T10:16:23.926685+00:00,True
fault_30_03_029,test,fault_30_03,3,29,0.3,气候金融背景下的气温衍生品定价研究——基于机器学习算法_杨刚.pdf,P0005,live_normal,K49cf5919474d41c8f7083ab6cb64a02560857ee3d54409accfc8538f21abb419,2,complete,0.0,0,0,0,0,e0dd2090-30ee-4454-950b-0956a2c69a25,2026-10-02T10:16:25.023218+00:00,True
fault_30_03_030,test,fault_30_03,3,30,0.3,信息熵在机器学习算法中的运用_张璐瑶.pdf,P0012,live_normal,K9455b6d7518a5c36d827b4348e81a09fdcc5e5fe003e877bc05bb7eb138eca2f,2,complete,0.0,0,0,0,0,fa9725a0-da43-4972-998f-949910c99071,2026-10-02T10:16:25.857606+00:00,True
fault_30_03_031,test,fault_30_03,3,31,0.3,气候金融背景下的气温衍生品定价研究——基于机器学习算法_杨刚.pdf,P0004,live_normal,K9270f70913c0acef9bfc8848ba83f8d9b692f8ab4f838c7fb64aaa248fe849fb,2,complete,0.0,0,0,0,0,1a0f7add-0be3-49f1-934d-d4888fa5e122,2026-10-02T10:16:26.655464+00:00,True
fault_30_03_032,test,fault_30_03,3,32,0.3,气候金融背景下的气温衍生品定价研究——基于机器学习算法_杨刚.pdf,P0004,live_normal,K9270f70913c0acef9bfc8848ba83f8d9b692f8ab4f838c7fb64aaa248fe849fb,2,complete,0.0,0,0,0,0,4359022f-cd11-440e-bcef-43f18225636f,2026-10-02T10:16:27.480171+00:00,True
fault_30_03_033,test,fault_30_03,3,33,0.3,基于机器学习和新闻文本的原油期货资产配置研究_钟浩.pdf,P0010,live_normal,Keff678b299227ecddcbf4d17f7660b95ad60c101672d17ba7b273738c73df3c0,2,complete,0.0,0,0,0,0,4caa7b32-60d3-4808-8e46-b5def7a24c28,2026-10-02T10:16:28.349244+00:00,True
fault_30_03_034,test,fault_30_03,3,34,0.3,信息熵在机器学习算法中的运用_张璐瑶.pdf,P0012,live_normal,K9455b6d7518a5c36d827b4348e81a09fdcc5e5fe003e877bc05bb7eb138eca2f,2,complete,0.0,0,0,0,0,9a56eba1-2c89-4b8c-90b9-0f6e6dba86b2,2026-10-02T10:16:29.095817+00:00,True
fault_30_03_035,test,fault_30_03,3,35,0.3,基于机器学习和新闻文本的原油期货资产配置研究_钟浩.pdf,P0010,live_normal,Keff678b299227ecddcbf4d17f7660b95ad60c101672d17ba7b273738c73df3c0,2,complete,0.0,0,0,0,0,2c8b8be6-0910-4969-bf5d-f55dd193982b,2026-10-02T10:16:29.982185+00:00,True
fault_30_03_036,test,fault_30_03,3,36,0.3,基于机器学习和新闻文本的原油期货资产配置研究_钟浩.pdf,P0010,live_corrupted,K4af079210612be1e666690b2099486696e2e98f06b8ed554b48fda6f611d973d,0,incomplete,0.5,1,0,0,0,3cdfa101-3026-41ed-af15-08e9e4de5fda,2026-10-02T10:16:30.995474+00:00,True
fault_30_03_037,test,fault_30_03,3,37,0.3,基于机器学习和新闻文本的原油期货资产配置研究_钟浩.pdf,P0010,live_normal,Keff678b299227ecddcbf4d17f7660b95ad60c101672d17ba7b273738c73df3c0,2,complete,0.0,0,0,0,0,3a775cee-b2a7-4abb-9eb0-c39ed0b30d53,2026-10-02T10:16:31.539073+00:00,True
fault_30_03_038,test,fault_30_03,3,38,0.3,气候金融背景下的气温衍生品定价研究——基于机器学习算法_杨刚.pdf,P0005,live_normal,K49cf5919474d41c8f7083ab6cb64a02560857ee3d54409accfc8538f21abb419,2,complete,0.0,0,0,0,0,f2df9e89-17d2-43db-92a0-76a0ed6ad2e9,2026-10-02T10:16:32.388622+00:00,True
fault_30_03_039,test,fault_30_03,3,39,0.3,气候金融背景下的气温衍生品定价研究——基于机器学习算法_杨刚.pdf,P0004,live_normal,K9270f70913c0acef9bfc8848ba83f8d9b692f8ab4f838c7fb64aaa248fe849fb,2,complete,0.0,0,0,0,0,0e7a5251-ef7a-4452-a71b-f680c046e8b1,2026-10-02T10:16:33.085571+00:00,True
fault_30_03_040,test,fault_30_03,3,40,0.3,基于机器学习和新闻文本的原油期货资产配置研究_钟浩.pdf,P0010,live_normal,Keff678b299227ecddcbf4d17f7660b95ad60c101672d17ba7b273738c73df3c0,2,complete,0.0,0,0,0,0,58cc6384-3f65-4e6f-9c50-ab37620659ea,2026-10-02T10:16:33.984333+00:00,True
fault_30_04_001,test,fault_30_04,4,1,0.3,基于机器学习和新闻文本的原油期货资产配置研究_钟浩.pdf,P0010,live_normal,Keff678b299227ecddcbf4d17f7660b95ad60c101672d17ba7b273738c73df3c0,2,complete,0.0,0,0,0,0,40485ebf-b3de-437a-ba68-d55b6e21c6aa,2026-10-02T10:15:13.292390+00:00,True
fault_30_04_002,test,fault_30_04,4,2,0.3,气候金融背景下的气温衍生品定价研究——基于机器学习算法_杨刚.pdf,P0005,live_normal,K49cf5919474d41c8f7083ab6cb64a02560857ee3d54409accfc8538f21abb419,2,complete,0.0,0,0,0,0,b8917ad0-ce08-416e-9c8a-078803b47c55,2026-10-02T10:15:14.321903+00:00,True
fault_30_04_003,test,fault_30_04,4,3,0.3,信息熵在机器学习算法中的运用_张璐瑶.pdf,P0012,live_normal,K455be6ec0576ef7c24e84b6c16982e8b13570f618bc4d79871f64f8b5fc51c6b,2,complete,0.0,0,0,0,0,403b062a-b8bb-409a-8256-15d420050bd6,2026-10-02T10:15:22.685346+00:00,False
fault_30_04_004,test,fault_30_04,4,4,0.3,信息熵在机器学习算法中的运用_张璐瑶.pdf,P0012,live_normal,K9455b6d7518a5c36d827b4348e81a09fdcc5e5fe003e877bc05bb7eb138eca2f,2,complete,0.0,0,0,0,0,c379a8ef-53c3-4d68-8a36-a2762c6ade99,2026-10-02T10:15:23.626004+00:00,True
fault_30_04_005,test,fault_30_04,4,5,0.3,基于机器学习和新闻文本的原油期货资产配置研究_钟浩.pdf,P0010,live_normal,Keff678b299227ecddcbf4d17f7660b95ad60c101672d17ba7b273738c73df3c0,2,complete,0.0,0,0,0,0,16716db4-6d34-4943-b8fa-5ea49aa7e699,2026-10-02T10:15:24.237951+00:00,True
fault_30_04_006,test,fault_30_04,4,6,0.3,基于机器学习算法的黑色系期货价格预测_郭梓晗.pdf,P0015,live_normal,K5a3b1a850e68e1179ffaab8a8182196b1d087696ef52257a0a6ffad347030b14,2,complete,0.0,0,0,0,0,f5cd78d0-8815-4fe1-88e1-d2fc0afa3d4a,2026-10-02T10:15:25.100865+00:00,True
fault_30_04_007,test,fault_30_04,4,7,0.3,基于机器学习算法的黑色系期货价格预测_郭梓晗.pdf,P0015,live_normal,K5a3b1a850e68e1179ffaab8a8182196b1d087696ef52257a0a6ffad347030b14,2,complete,0.0,0,0,0,0,ba8ed0d4-66ba-4fca-8d74-d75a3215cf2f,2026-10-02T10:15:25.890418+00:00,True
fault_30_04_008,test,fault_30_04,4,8,0.3,信息熵在机器学习算法中的运用_张璐瑶.pdf,P0012,live_normal,K9455b6d7518a5c36d827b4348e81a09fdcc5e5fe003e877bc05bb7eb138eca2f,2,complete,0.0,0,0,0,0,d81825ac-7918-4314-9634-94d9dfdce957,2026-10-02T10:15:26.354316+00:00,True
fault_30_04_009,test,fault_30_04,4,9,0.3,信息熵在机器学习算法中的运用_张璐瑶.pdf,P0012,live_normal,K9455b6d7518a5c36d827b4348e81a09fdcc5e5fe003e877bc05bb7eb138eca2f,2,complete,0.0,0,0,0,0,d653d490-a4b9-4299-a7b3-f084e769c5fc,2026-10-02T10:15:27.102485+00:00,True
fault_30_04_010,test,fault_30_04,4,10,0.3,基于机器学习和新闻文本的原油期货资产配置研究_钟浩.pdf,P0010,live_normal,Keff678b299227ecddcbf4d17f7660b95ad60c101672d17ba7b273738c73df3c0,2,complete,0.0,0,0,0,0,33afe88d-8dc7-4c82-ab59-e220b466d8a2,2026-10-02T10:15:27.963241+00:00,True
fault_30_04_011,test,fault_30_04,4,11,0.3,基于机器学习和新闻文本的原油期货资产配置研究_钟浩.pdf,P0010,live_normal,Keff678b299227ecddcbf4d17f7660b95ad60c101672d17ba7b273738c73df3c0,2,complete,0.0,0,0,0,0,5206f6df-cae1-42aa-91e5-54f7e36e66e2,2026-10-02T10:15:28.910189+00:00,True
fault_30_04_012,test,fault_30_04,4,12,0.3,基于机器学习和新闻文本的原油期货资产配置研究_钟浩.pdf,P0010,live_normal,Keff678b299227ecddcbf4d17f7660b95ad60c101672d17ba7b273738c73df3c0,2,complete,0.0,0,0,0,0,ab3e5f94-c1b1-4ddd-b224-eb2408435d3a,2026-10-02T10:15:29.562342+00:00,True
fault_30_04_013,test,fault_30_04,4,13,0.3,信息熵在机器学习算法中的运用_张璐瑶.pdf,P0012,live_normal,K9455b6d7518a5c36d827b4348e81a09fdcc5e5fe003e877bc05bb7eb138eca2f,2,complete,0.0,0,0,0,0,fa2db9d0-044f-49e0-b307-893e3721bcdb,2026-10-02T10:15:30.426137+00:00,True
fault_30_04_014,test,fault_30_04,4,14,0.3,气候金融背景下的气温衍生品定价研究——基于机器学习算法_杨刚.pdf,P0005,live_normal,K49cf5919474d41c8f7083ab6cb64a02560857ee3d54409accfc8538f21abb419,2,complete,0.0,0,0,0,0,83d37d76-d01b-4457-8ddb-4fcbda43fdeb,2026-10-02T10:15:31.349454+00:00,True
fault_30_04_015,test,fault_30_04,4,15,0.3,基于机器学习和新闻文本的原油期货资产配置研究_钟浩.pdf,P0010,live_normal,Keff678b299227ecddcbf4d17f7660b95ad60c101672d17ba7b273738c73df3c0,2,complete,0.0,0,0,0,0,5a8972dc-84eb-48c6-ac53-8b784694ac5e,2026-10-02T10:15:32.644024+00:00,True
fault_30_04_016,test,fault_30_04,4,16,0.3,基于机器学习算法的黑色系期货价格预测_郭梓晗.pdf,P0015,live_normal,K5a3b1a850e68e1179ffaab8a8182196b1d087696ef52257a0a6ffad347030b14,2,complete,0.0,0,0,0,0,877af1a4-e4eb-4b9b-b9d7-5b664f9ef4ba,2026-10-02T10:15:33.521825+00:00,True
fault_30_04_017,test,fault_30_04,4,17,0.3,气候金融背景下的气温衍生品定价研究——基于机器学习算法_杨刚.pdf,P0004,live_normal,K9270f70913c0acef9bfc8848ba83f8d9b692f8ab4f838c7fb64aaa248fe849fb,2,complete,0.0,0,0,0,0,6457ab38-2299-494b-b5ad-2b7ecf49f866,2026-10-02T10:15:34.085317+00:00,True
fault_30_04_018,test,fault_30_04,4,18,0.3,基于机器学习算法的黑色系期货价格预测_郭梓晗.pdf,P0015,live_normal,K5a3b1a850e68e1179ffaab8a8182196b1d087696ef52257a0a6ffad347030b14,2,complete,0.0,0,0,0,0,6e19768f-df54-460b-8d68-56d4ff5271c6,2026-10-02T10:15:34.871092+00:00,True
fault_30_04_019,test,fault_30_04,4,19,0.3,基于机器学习和新闻文本的原油期货资产配置研究_钟浩.pdf,P0010,live_normal,Keff678b299227ecddcbf4d17f7660b95ad60c101672d17ba7b273738c73df3c0,2,complete,0.0,0,0,0,0,0c174987-6c1c-4c99-af7b-5c055d175964,2026-10-02T10:15:36.013170+00:00,True
fault_30_04_020,test,fault_30_04,4,20,0.3,基于机器学习和新闻文本的原油期货资产配置研究_钟浩.pdf,P0010,live_normal,Keff678b299227ecddcbf4d17f7660b95ad60c101672d17ba7b273738c73df3c0,2,complete,0.0,0,0,0,0,fa4c371b-d91d-4598-9e2e-81f3a926ebc7,2026-10-02T10:15:36.681968+00:00,True
fault_30_04_021,test,fault_30_04,4,21,0.3,信息熵在机器学习算法中的运用_张璐瑶.pdf,P0012,live_normal,K9455b6d7518a5c36d827b4348e81a09fdcc5e5fe003e877bc05bb7eb138eca2f,2,complete,0.0,0,0,0,0,4105c5ae-4a3e-4b02-967f-217bafbb595c,2026-10-02T10:15:37.523813+00:00,True
fault_30_04_022,test,fault_30_04,4,22,0.3,基于机器学习算法的黑色系期货价格预测_郭梓晗.pdf,P0015,live_corrupted,K38fb6ee734eea60c4050e432635f6c4ead95c3e0e37acb1bb3460039c89e60c3,0,incomplete,0.5,1,0,0,0,a30905c2-f408-4c29-a5bf-b6ac73d826b7,2026-10-02T10:15:38.170475+00:00,True
fault_30_04_023,test,fault_30_04,4,23,0.3,基于机器学习算法的黑色系期货价格预测_郭梓晗.pdf,P0015,live_normal,K5a3b1a850e68e1179ffaab8a8182196b1d087696ef52257a0a6ffad347030b14,2,complete,0.0,0,0,0,0,cf980e2c-b3f6-4a37-8039-9d89a33bf1b6,2026-10-02T10:15:38.987217+00:00,True
fault_30_04_024,test,fault_30_04,4,24,0.3,基于机器学习算法的黑色系期货价格预测_郭梓晗.pdf,P0015,live_normal,K5a3b1a850e68e1179ffaab8a8182196b1d087696ef52257a0a6ffad347030b14,2,complete,0.0,0,0,0,0,62fd8d0f-6c24-4519-b3a6-9c3ffa150d0a,2026-10-02T10:15:39.909955+00:00,True
fault_30_04_025,test,fault_30_04,4,25,0.3,信息熵在机器学习算法中的运用_张璐瑶.pdf,P0012,live_normal,K9455b6d7518a5c36d827b4348e81a09fdcc5e5fe003e877bc05bb7eb138eca2f,2,complete,0.0,0,0,0,0,21fbb539-0c91-4bbf-820b-d9726ae51960,2026-10-02T10:15:40.760386+00:00,True
fault_30_04_026,test,fault_30_04,4,26,0.3,基于机器学习和新闻文本的原油期货资产配置研究_钟浩.pdf,P0010,live_normal,Keff678b299227ecddcbf4d17f7660b95ad60c101672d17ba7b273738c73df3c0,2,complete,0.0,0,0,0,0,56ec4ade-3f6f-41bf-818b-11c8109be39d,2026-10-02T10:15:41.360902+00:00,True
fault_30_04_027,test,fault_30_04,4,27,0.3,气候金融背景下的气温衍生品定价研究——基于机器学习算法_杨刚.pdf,P0005,live_normal,K49cf5919474d41c8f7083ab6cb64a02560857ee3d54409accfc8538f21abb419,2,complete,0.0,0,0,0,0,90df79b0-b178-4904-a485-b02e28d81b50,2026-10-02T10:15:42.242137+00:00,True
fault_30_04_028,test,fault_30_04,4,28,0.3,基于机器学习算法的黑色系期货价格预测_郭梓晗.pdf,P0015,live_normal,K5a3b1a850e68e1179ffaab8a8182196b1d087696ef52257a0a6ffad347030b14,2,complete,0.0,0,0,0,0,4c6ef577-5633-40b4-8a4d-720138d173e8,2026-10-02T10:15:43.092935+00:00,True
fault_30_04_029,test,fault_30_04,4,29,0.3,信息熵在机器学习算法中的运用_张璐瑶.pdf,P0012,live_normal,K9455b6d7518a5c36d827b4348e81a09fdcc5e5fe003e877bc05bb7eb138eca2f,2,complete,0.0,0,0,0,0,e7f880c0-9c92-4ec4-b4da-ab6946674273,2026-10-02T10:15:43.740626+00:00,True
fault_30_04_030,test,fault_30_04,4,30,0.3,信息熵在机器学习算法中的运用_张璐瑶.pdf,P0012,live_normal,K9455b6d7518a5c36d827b4348e81a09fdcc5e5fe003e877bc05bb7eb138eca2f,2,complete,0.0,0,0,0,0,da7da113-b902-4692-adc8-2d1be9480f79,2026-10-02T10:15:44.937141+00:00,True
fault_30_04_031,test,fault_30_04,4,31,0.3,信息熵在机器学习算法中的运用_张璐瑶.pdf,P0012,live_corrupted,K9a0ef644e19dad102165caa70891b942c3d55d0685016c99c0efba8aff8570b9,0,incomplete,0.5,1,0,0,0,877fbb4a-3b7c-4ac7-9596-3050a4513343,2026-10-02T10:15:45.612691+00:00,True
fault_30_04_032,test,fault_30_04,4,32,0.3,基于机器学习和新闻文本的原油期货资产配置研究_钟浩.pdf,P0010,live_normal,Keff678b299227ecddcbf4d17f7660b95ad60c101672d17ba7b273738c73df3c0,2,complete,0.0,0,0,0,0,8a9ded54-b5ac-452d-8a01-958e22033e52,2026-10-02T10:15:46.435201+00:00,True
fault_30_04_033,test,fault_30_04,4,33,0.3,基于机器学习和新闻文本的原油期货资产配置研究_钟浩.pdf,P0010,live_corrupted,K4af079210612be1e666690b2099486696e2e98f06b8ed554b48fda6f611d973d,0,incomplete,0.5,1,0,0,0,f5f2b5af-87b6-4e85-b455-cccec4f070e7,2026-10-02T10:15:47.142795+00:00,True
fault_30_04_034,test,fault_30_04,4,34,0.3,基于机器学习和新闻文本的原油期货资产配置研究_钟浩.pdf,P0010,live_corrupted,K1014db88ff2f746e680e4a644febc1cd7c42811b0164ed5587902cfcc05b02f5,0,incomplete,0.5,1,0,0,0,8daf1d5e-b540-4191-89ce-2fed14aca9cf,2026-10-02T10:15:48.095184+00:00,True
fault_30_04_035,test,fault_30_04,4,35,0.3,基于机器学习和新闻文本的原油期货资产配置研究_钟浩.pdf,P0010,live_corrupted,K1014db88ff2f746e680e4a644febc1cd7c42811b0164ed5587902cfcc05b02f5,0,incomplete,0.5,1,0,0,0,f93e8bf5-ba42-4652-80fc-fc3e6a6d6908,2026-10-02T10:15:48.977883+00:00,True
fault_30_04_036,test,fault_30_04,4,36,0.3,基于机器学习算法的黑色系期货价格预测_郭梓晗.pdf,P0015,live_normal,K5a3b1a850e68e1179ffaab8a8182196b1d087696ef52257a0a6ffad347030b14,2,complete,0.0,0,0,0,0,9dfd5eb3-e60c-4958-953a-608df0f74580,2026-10-02T10:15:50.175870+00:00,True
fault_30_04_037,test,fault_30_04,4,37,0.3,基于机器学习算法的黑色系期货价格预测_郭梓晗.pdf,P0015,live_normal,K5a3b1a850e68e1179ffaab8a8182196b1d087696ef52257a0a6ffad347030b14,2,complete,0.0,0,0,0,0,d2d9cb74-bfbb-46b7-9320-b3154f4f3b46,2026-10-02T10:15:50.935229+00:00,True
fault_30_04_038,test,fault_30_04,4,38,0.3,基于机器学习算法的黑色系期货价格预测_郭梓晗.pdf,P0015,live_normal,K5a3b1a850e68e1179ffaab8a8182196b1d087696ef52257a0a6ffad347030b14,2,complete,0.0,0,0,0,0,13be8657-77b3-4d9c-b71c-460f90aab8d4,2026-10-02T10:15:51.659691+00:00,True
fault_30_04_039,test,fault_30_04,4,39,0.3,基于机器学习和新闻文本的原油期货资产配置研究_钟浩.pdf,P0010,live_normal,Keff678b299227ecddcbf4d17f7660b95ad60c101672d17ba7b273738c73df3c0,2,complete,0.0,0,0,0,0,474c70c8-3151-43a8-9332-62f985d90b14,2026-10-02T10:15:52.314024+00:00,True
fault_30_04_040,test,fault_30_04,4,40,0.3,基于机器学习算法的黑色系期货价格预测_郭梓晗.pdf,P0015,live_normal,K5a3b1a850e68e1179ffaab8a8182196b1d087696ef52257a0a6ffad347030b14,2,complete,0.0,0,0,0,0,3065dfb1-595b-4287-b261-b35448f19b87,2026-10-02T10:15:53.446593+00:00,True
fault_30_05_001,test,fault_30_05,5,1,0.3,基于机器学习算法的黑色系期货价格预测_郭梓晗.pdf,P0015,live_normal,K5a3b1a850e68e1179ffaab8a8182196b1d087696ef52257a0a6ffad347030b14,2,complete,0.0,0,0,0,0,f95fec91-75bd-4df7-8d86-139a06c8ea1e,2026-10-02T10:18:42.491109+00:00,True
fault_30_05_002,test,fault_30_05,5,2,0.3,信息熵在机器学习算法中的运用_张璐瑶.pdf,P0012,live_normal,K9455b6d7518a5c36d827b4348e81a09fdcc5e5fe003e877bc05bb7eb138eca2f,2,complete,0.0,0,0,0,0,58d6c6f6-8642-4502-9fe5-050d6cc65352,2026-10-02T10:18:43.296238+00:00,True
fault_30_05_003,test,fault_30_05,5,3,0.3,气候金融背景下的气温衍生品定价研究——基于机器学习算法_杨刚.pdf,P0004,live_normal,K9270f70913c0acef9bfc8848ba83f8d9b692f8ab4f838c7fb64aaa248fe849fb,2,complete,0.0,0,0,0,0,9a21dc1e-eae7-4f38-9893-01583bf46739,2026-10-02T10:18:44.075276+00:00,True
fault_30_05_004,test,fault_30_05,5,4,0.3,信息熵在机器学习算法中的运用_张璐瑶.pdf,P0012,live_normal,K9455b6d7518a5c36d827b4348e81a09fdcc5e5fe003e877bc05bb7eb138eca2f,2,complete,0.0,0,0,0,0,ce4d06a4-1497-46dc-9e63-8e5571a9e8aa,2026-10-02T10:18:44.687809+00:00,True
fault_30_05_005,test,fault_30_05,5,5,0.3,信息熵在机器学习算法中的运用_张璐瑶.pdf,P0012,live_normal,K9455b6d7518a5c36d827b4348e81a09fdcc5e5fe003e877bc05bb7eb138eca2f,2,complete,0.0,0,0,0,0,3e7b9fb1-becc-4757-aff3-647000ac4f45,2026-10-02T10:18:45.308822+00:00,True
fault_30_05_006,test,fault_30_05,5,6,0.3,基于机器学习和新闻文本的原油期货资产配置研究_钟浩.pdf,P0010,live_normal,Keff678b299227ecddcbf4d17f7660b95ad60c101672d17ba7b273738c73df3c0,2,complete,0.0,0,0,0,0,ff023bee-b85a-41de-a2a7-e171ef110def,2026-10-02T10:18:46.165407+00:00,True
fault_30_05_007,test,fault_30_05,5,7,0.3,气候金融背景下的气温衍生品定价研究——基于机器学习算法_杨刚.pdf,P0004,live_normal,K9270f70913c0acef9bfc8848ba83f8d9b692f8ab4f838c7fb64aaa248fe849fb,2,complete,0.0,0,0,0,0,aa57d4c1-b565-4b09-a277-2281253b929b,2026-10-02T10:18:46.989505+00:00,True
fault_30_05_008,test,fault_30_05,5,8,0.3,基于机器学习算法的黑色系期货价格预测_郭梓晗.pdf,P0015,live_normal,K5a3b1a850e68e1179ffaab8a8182196b1d087696ef52257a0a6ffad347030b14,2,complete,0.0,0,0,0,0,0abd26f2-1c37-4ff0-be09-11c96139fcb5,2026-10-02T10:18:47.780777+00:00,True
fault_30_05_009,test,fault_30_05,5,9,0.3,信息熵在机器学习算法中的运用_张璐瑶.pdf,P0012,live_normal,K9455b6d7518a5c36d827b4348e81a09fdcc5e5fe003e877bc05bb7eb138eca2f,2,complete,0.0,0,0,0,0,94c672c1-ed61-49e8-b7f6-922d64b7771b,2026-10-02T10:18:48.667295+00:00,True
fault_30_05_010,test,fault_30_05,5,10,0.3,基于机器学习和新闻文本的原油期货资产配置研究_钟浩.pdf,P0010,live_normal,Keff678b299227ecddcbf4d17f7660b95ad60c101672d17ba7b273738c73df3c0,2,complete,0.0,0,0,0,0,0b1a09f2-f561-4316-a330-3dd4fc127e5a,2026-10-02T10:18:49.317665+00:00,True
fault_30_05_011,test,fault_30_05,5,11,0.3,信息熵在机器学习算法中的运用_张璐瑶.pdf,P0012,live_normal,K9455b6d7518a5c36d827b4348e81a09fdcc5e5fe003e877bc05bb7eb138eca2f,2,complete,0.0,0,0,0,0,221cd3a4-71ea-48cd-a897-11ca7ee5c17c,2026-10-02T10:18:49.874331+00:00,True
fault_30_05_012,test,fault_30_05,5,12,0.3,气候金融背景下的气温衍生品定价研究——基于机器学习算法_杨刚.pdf,P0005,live_normal,K49cf5919474d41c8f7083ab6cb64a02560857ee3d54409accfc8538f21abb419,2,complete,0.0,0,0,0,0,29a20f02-a57b-4e5e-a06f-f9fd77813c01,2026-10-02T10:18:50.718680+00:00,True
fault_30_05_013,test,fault_30_05,5,13,0.3,信息熵在机器学习算法中的运用_张璐瑶.pdf,P0012,live_normal,K9455b6d7518a5c36d827b4348e81a09fdcc5e5fe003e877bc05bb7eb138eca2f,2,complete,0.0,0,0,0,0,03a4a2b0-2bc1-4dd7-9ca4-b81fe0afd6d4,2026-10-02T10:18:51.353238+00:00,True
fault_30_05_014,test,fault_30_05,5,14,0.3,基于机器学习算法的黑色系期货价格预测_郭梓晗.pdf,P0015,live_normal,K5a3b1a850e68e1179ffaab8a8182196b1d087696ef52257a0a6ffad347030b14,2,complete,0.0,0,0,0,0,feadf0cb-25c8-4d3f-89e2-eada194894d4,2026-10-02T10:18:52.104248+00:00,True
fault_30_05_015,test,fault_30_05,5,15,0.3,信息熵在机器学习算法中的运用_张璐瑶.pdf,P0012,live_normal,K9455b6d7518a5c36d827b4348e81a09fdcc5e5fe003e877bc05bb7eb138eca2f,2,complete,0.0,0,0,0,0,c9b464c4-95b3-4f71-9bbb-9bff01c71ad8,2026-10-02T10:18:53.055796+00:00,True
fault_30_05_016,test,fault_30_05,5,16,0.3,基于机器学习和新闻文本的原油期货资产配置研究_钟浩.pdf,P0010,live_normal,Keff678b299227ecddcbf4d17f7660b95ad60c101672d17ba7b273738c73df3c0,2,complete,0.0,0,0,0,0,67d36e8a-925e-4f13-a120-9dc6d5edd60e,2026-10-02T10:18:53.974700+00:00,True
fault_30_05_017,test,fault_30_05,5,17,0.3,基于机器学习算法的黑色系期货价格预测_郭梓晗.pdf,P0015,live_corrupted,K38fb6ee734eea60c4050e432635f6c4ead95c3e0e37acb1bb3460039c89e60c3,0,incomplete,0.5,1,0,0,0,8981fcdf-6b18-43be-8680-a55bdd9e0426,2026-10-02T10:18:54.761515+00:00,True
fault_30_05_018,test,fault_30_05,5,18,0.3,基于机器学习和新闻文本的原油期货资产配置研究_钟浩.pdf,P0010,live_normal,Keff678b299227ecddcbf4d17f7660b95ad60c101672d17ba7b273738c73df3c0,2,complete,0.0,0,0,0,0,26a10ab2-8a22-422f-96af-0f1a8c36da2d,2026-10-02T10:18:55.389606+00:00,True
fault_30_05_019,test,fault_30_05,5,19,0.3,基于机器学习和新闻文本的原油期货资产配置研究_钟浩.pdf,P0010,live_normal,Keff678b299227ecddcbf4d17f7660b95ad60c101672d17ba7b273738c73df3c0,2,complete,0.0,0,0,0,0,3ac1b50f-932d-48d5-9698-8a07105d21ba,2026-10-02T10:18:56.317199+00:00,True
fault_30_05_020,test,fault_30_05,5,20,0.3,气候金融背景下的气温衍生品定价研究——基于机器学习算法_杨刚.pdf,P0004,live_normal,K9270f70913c0acef9bfc8848ba83f8d9b692f8ab4f838c7fb64aaa248fe849fb,2,complete,0.0,0,0,0,0,926b6402-2db2-4df7-b642-20e9febe45c1,2026-10-02T10:18:56.860092+00:00,True
fault_30_05_021,test,fault_30_05,5,21,0.3,气候金融背景下的气温衍生品定价研究——基于机器学习算法_杨刚.pdf,P0004,live_normal,K9270f70913c0acef9bfc8848ba83f8d9b692f8ab4f838c7fb64aaa248fe849fb,2,complete,0.0,0,0,0,0,469c8b2a-e3c0-4fa6-abc7-6ec5dd9620cf,2026-10-02T10:18:57.300752+00:00,True
fault_30_05_022,test,fault_30_05,5,22,0.3,信息熵在机器学习算法中的运用_张璐瑶.pdf,P0012,live_corrupted,K9a0ef644e19dad102165caa70891b942c3d55d0685016c99c0efba8aff8570b9,0,incomplete,0.5,1,0,0,0,74b0313a-1776-4b76-a220-74ba03bf0dc9,2026-10-02T10:18:58.109895+00:00,True
fault_30_05_023,test,fault_30_05,5,23,0.3,基于机器学习算法的黑色系期货价格预测_郭梓晗.pdf,P0015,live_normal,K5a3b1a850e68e1179ffaab8a8182196b1d087696ef52257a0a6ffad347030b14,2,complete,0.0,0,0,0,0,2dcbe53b-ec35-4218-bb34-8e7f9be040d9,2026-10-02T10:18:59.060655+00:00,True
fault_30_05_024,test,fault_30_05,5,24,0.3,气候金融背景下的气温衍生品定价研究——基于机器学习算法_杨刚.pdf,P0005,live_normal,K49cf5919474d41c8f7083ab6cb64a02560857ee3d54409accfc8538f21abb419,2,complete,0.0,0,0,0,0,a374bdbf-6a85-44be-9460-9ddf2bcc3512,2026-10-02T10:18:59.917728+00:00,True
fault_30_05_025,test,fault_30_05,5,25,0.3,信息熵在机器学习算法中的运用_张璐瑶.pdf,P0012,live_normal,K9455b6d7518a5c36d827b4348e81a09fdcc5e5fe003e877bc05bb7eb138eca2f,2,complete,0.0,0,0,0,0,e7286026-48f8-41f4-9930-2f66b67fc5b0,2026-10-02T10:19:00.612157+00:00,True
fault_30_05_026,test,fault_30_05,5,26,0.3,信息熵在机器学习算法中的运用_张璐瑶.pdf,P0012,live_normal,K9455b6d7518a5c36d827b4348e81a09fdcc5e5fe003e877bc05bb7eb138eca2f,2,complete,0.0,0,0,0,0,2297d43b-3c3e-442c-b207-99ca78169ff5,2026-10-02T10:19:01.286481+00:00,True
fault_30_05_027,test,fault_30_05,5,27,0.3,气候金融背景下的气温衍生品定价研究——基于机器学习算法_杨刚.pdf,P0004,live_corrupted,K4326fbb2d82bfb9f29a6e44c9ae0457139800ba8b2cd48da44c1e615f81dc7c2,0,incomplete,0.5,1,0,0,0,92b06506-7f97-4669-b992-b9a24b034de1,2026-10-02T10:19:01.798319+00:00,True
fault_30_05_028,test,fault_30_05,5,28,0.3,基于机器学习算法的黑色系期货价格预测_郭梓晗.pdf,P0015,live_normal,K5a3b1a850e68e1179ffaab8a8182196b1d087696ef52257a0a6ffad347030b14,2,complete,0.0,0,0,0,0,5e639b31-ef7c-4a3a-8558-0cee228e07ec,2026-10-02T10:19:02.697262+00:00,True
fault_30_05_029,test,fault_30_05,5,29,0.3,基于机器学习算法的黑色系期货价格预测_郭梓晗.pdf,P0015,live_normal,K5a3b1a850e68e1179ffaab8a8182196b1d087696ef52257a0a6ffad347030b14,2,complete,0.0,0,0,0,0,52c64740-79d6-45ec-b5a6-0552dac9e886,2026-10-02T10:19:03.741030+00:00,True
fault_30_05_030,test,fault_30_05,5,30,0.3,基于机器学习和新闻文本的原油期货资产配置研究_钟浩.pdf,P0010,live_normal,Keff678b299227ecddcbf4d17f7660b95ad60c101672d17ba7b273738c73df3c0,2,complete,0.0,0,0,0,0,82b5d7d7-4bd7-4b93-97bf-ff21bab53f2d,2026-10-02T10:19:04.336309+00:00,True
fault_30_05_031,test,fault_30_05,5,31,0.3,信息熵在机器学习算法中的运用_张璐瑶.pdf,P0012,live_normal,K9455b6d7518a5c36d827b4348e81a09fdcc5e5fe003e877bc05bb7eb138eca2f,2,complete,0.0,0,0,0,0,c24b83e1-3ccc-44c8-8a6a-551d58339018,2026-10-02T10:19:05.258384+00:00,True
fault_30_05_032,test,fault_30_05,5,32,0.3,基于机器学习算法的黑色系期货价格预测_郭梓晗.pdf,P0015,live_corrupted,K38fb6ee734eea60c4050e432635f6c4ead95c3e0e37acb1bb3460039c89e60c3,0,incomplete,0.5,1,0,0,0,84815e80-0a5c-45d4-a206-4ce0744c79e5,2026-10-02T10:19:05.941138+00:00,True
fault_30_05_033,test,fault_30_05,5,33,0.3,信息熵在机器学习算法中的运用_张璐瑶.pdf,P0012,live_corrupted,K9a0ef644e19dad102165caa70891b942c3d55d0685016c99c0efba8aff8570b9,0,incomplete,0.5,1,0,0,0,89e73d1a-7fcc-4a3a-927a-91839b9c389b,2026-10-02T10:19:06.783801+00:00,True
fault_30_05_034,test,fault_30_05,5,34,0.3,基于机器学习和新闻文本的原油期货资产配置研究_钟浩.pdf,P0010,live_normal,Keff678b299227ecddcbf4d17f7660b95ad60c101672d17ba7b273738c73df3c0,2,complete,0.0,0,0,0,0,c48fefe0-4c6d-47be-87dd-5749938ec023,2026-10-02T10:19:07.188214+00:00,True
fault_30_05_035,test,fault_30_05,5,35,0.3,基于机器学习和新闻文本的原油期货资产配置研究_钟浩.pdf,P0010,live_corrupted,K4af079210612be1e666690b2099486696e2e98f06b8ed554b48fda6f611d973d,0,incomplete,0.5,1,0,0,0,0c0b1b7a-c028-4646-8a3a-4066dd0d3d7e,2026-10-02T10:19:07.908788+00:00,True
fault_30_05_036,test,fault_30_05,5,36,0.3,基于机器学习算法的黑色系期货价格预测_郭梓晗.pdf,P0015,live_corrupted,K38fb6ee734eea60c4050e432635f6c4ead95c3e0e37acb1bb3460039c89e60c3,0,incomplete,0.5,1,0,0,0,0a25b6a9-6031-4d92-b795-290af28cb944,2026-10-02T10:19:08.559849+00:00,True
fault_30_05_037,test,fault_30_05,5,37,0.3,基于机器学习算法的黑色系期货价格预测_郭梓晗.pdf,P0015,live_normal,K5a3b1a850e68e1179ffaab8a8182196b1d087696ef52257a0a6ffad347030b14,2,complete,0.0,0,0,0,0,5dd921ca-ba31-40b0-ac90-053f0199fe01,2026-10-02T10:19:09.788493+00:00,True
fault_30_05_038,test,fault_30_05,5,38,0.3,基于机器学习和新闻文本的原油期货资产配置研究_钟浩.pdf,P0010,live_normal,Keff678b299227ecddcbf4d17f7660b95ad60c101672d17ba7b273738c73df3c0,2,complete,0.0,0,0,0,0,920efa0c-2cbf-48ce-b252-118ff2fb3970,2026-10-02T10:19:10.250844+00:00,True
fault_30_05_039,test,fault_30_05,5,39,0.3,气候金融背景下的气温衍生品定价研究——基于机器学习算法_杨刚.pdf,P0005,live_normal,K49cf5919474d41c8f7083ab6cb64a02560857ee3d54409accfc8538f21abb419,2,complete,0.0,0,0,0,0,60d041d5-e350-4357-a31d-517b3e6dddad,2026-10-02T10:19:11.132288+00:00,True
fault_30_05_040,test,fault_30_05,5,40,0.3,基于机器学习和新闻文本的原油期货资产配置研究_钟浩.pdf,P0010,live_normal,Keff678b299227ecddcbf4d17f7660b95ad60c101672d17ba7b273738c73df3c0,2,complete,0.0,0,0,0,0,9b571c37-c68a-4569-b94f-0edece007869,2026-10-02T10:19:11.969399+00:00,True
fault_60_00_001,test,fault_60_00,0,1,0.6,基于机器学习和新闻文本的原油期货资产配置研究_钟浩.pdf,P0010,live_normal,Keff678b299227ecddcbf4d17f7660b95ad60c101672d17ba7b273738c73df3c0,2,complete,0.0,0,0,0,0,47aebd86-0bc4-423b-b256-3719bdfcdf7f,2026-10-02T10:15:18.770187+00:00,True
fault_60_00_002,test,fault_60_00,0,2,0.6,气候金融背景下的气温衍生品定价研究——基于机器学习算法_杨刚.pdf,P0004,live_normal,K9270f70913c0acef9bfc8848ba83f8d9b692f8ab4f838c7fb64aaa248fe849fb,2,complete,0.0,0,0,0,0,2bede1b9-054f-4c76-b516-bdcd899b084f,2026-10-02T10:15:19.562040+00:00,True
fault_60_00_003,test,fault_60_00,0,3,0.6,信息熵在机器学习算法中的运用_张璐瑶.pdf,P0012,live_normal,K9455b6d7518a5c36d827b4348e81a09fdcc5e5fe003e877bc05bb7eb138eca2f,2,complete,0.0,0,0,0,0,f182d1b0-68c5-422b-ac4c-e3a1fb90beda,2026-10-02T10:15:20.260326+00:00,True
fault_60_00_004,test,fault_60_00,0,4,0.6,基于机器学习算法的黑色系期货价格预测_郭梓晗.pdf,P0015,live_normal,K5a3b1a850e68e1179ffaab8a8182196b1d087696ef52257a0a6ffad347030b14,2,complete,0.0,0,0,0,0,ac2fc43b-6f3d-408d-b9ca-f66330c2929f,2026-10-02T10:15:21.271813+00:00,True
fault_60_00_005,test,fault_60_00,0,5,0.6,基于机器学习算法的黑色系期货价格预测_郭梓晗.pdf,P0015,live_normal,K5a3b1a850e68e1179ffaab8a8182196b1d087696ef52257a0a6ffad347030b14,2,complete,0.0,0,0,0,0,d9703c77-a9ad-4d0e-96c7-22628875b854,2026-10-02T10:15:21.935721+00:00,True
fault_60_00_006,test,fault_60_00,0,6,0.6,基于机器学习算法的黑色系期货价格预测_郭梓晗.pdf,P0015,live_normal,K5a3b1a850e68e1179ffaab8a8182196b1d087696ef52257a0a6ffad347030b14,2,complete,0.0,0,0,0,0,33596ac2-00c7-4745-8418-c223c8570576,2026-10-02T10:15:22.419445+00:00,True
fault_60_00_007,test,fault_60_00,0,7,0.6,气候金融背景下的气温衍生品定价研究——基于机器学习算法_杨刚.pdf,P0004,live_normal,K9270f70913c0acef9bfc8848ba83f8d9b692f8ab4f838c7fb64aaa248fe849fb,2,complete,0.0,0,0,0,0,2810e53b-d019-4bda-964b-0fb0b48ed363,2026-10-02T10:15:22.903383+00:00,True
fault_60_00_008,test,fault_60_00,0,8,0.6,信息熵在机器学习算法中的运用_张璐瑶.pdf,P0012,live_normal,K9455b6d7518a5c36d827b4348e81a09fdcc5e5fe003e877bc05bb7eb138eca2f,2,complete,0.0,0,0,0,0,8c1e89a2-9a85-408c-91ca-5ec7f983e556,2026-10-02T10:15:24.005508+00:00,True
fault_60_00_009,test,fault_60_00,0,9,0.6,信息熵在机器学习算法中的运用_张璐瑶.pdf,P0012,live_normal,K9455b6d7518a5c36d827b4348e81a09fdcc5e5fe003e877bc05bb7eb138eca2f,2,complete,0.0,0,0,0,0,db8456c8-809f-435f-8c7e-946917d5506e,2026-10-02T10:15:24.827836+00:00,True
fault_60_00_010,test,fault_60_00,0,10,0.6,基于机器学习算法的黑色系期货价格预测_郭梓晗.pdf,P0015,live_normal,K02bb1dc42b9bf68b5351b568c548ebc99723d1e35095ee7c9bf1c7a874a360ed,2,complete,0.0,0,0,0,0,d860a725-48f0-467e-a829-e87d1a9fac09,2026-10-02T10:15:25.619109+00:00,True
fault_60_00_011,test,fault_60_00,0,11,0.6,信息熵在机器学习算法中的运用_张璐瑶.pdf,P0012,live_normal,K9455b6d7518a5c36d827b4348e81a09fdcc5e5fe003e877bc05bb7eb138eca2f,2,complete,0.0,0,0,0,0,077f726e-0997-4c75-adee-9a929a96aebf,2026-10-02T10:15:26.354813+00:00,True
fault_60_00_012,test,fault_60_00,0,12,0.6,气候金融背景下的气温衍生品定价研究——基于机器学习算法_杨刚.pdf,P0005,live_normal,K49cf5919474d41c8f7083ab6cb64a02560857ee3d54409accfc8538f21abb419,2,complete,0.0,0,0,0,0,090024ab-ca66-4794-8b5b-bd82f76c66f4,2026-10-02T10:15:26.944535+00:00,True
fault_60_00_013,test,fault_60_00,0,13,0.6,基于机器学习算法的黑色系期货价格预测_郭梓晗.pdf,P0015,live_normal,K5a3b1a850e68e1179ffaab8a8182196b1d087696ef52257a0a6ffad347030b14,2,complete,0.0,0,0,0,0,974b98bc-179a-4689-ae41-97a0e54d9743,2026-10-02T10:15:27.868880+00:00,True
fault_60_00_014,test,fault_60_00,0,14,0.6,信息熵在机器学习算法中的运用_张璐瑶.pdf,P0012,live_normal,K9455b6d7518a5c36d827b4348e81a09fdcc5e5fe003e877bc05bb7eb138eca2f,2,complete,0.0,0,0,0,0,74f094e5-1bfd-4023-94eb-8f638a6c1973,2026-10-02T10:15:28.858673+00:00,True
fault_60_00_015,test,fault_60_00,0,15,0.6,气候金融背景下的气温衍生品定价研究——基于机器学习算法_杨刚.pdf,P0005,live_normal,K49cf5919474d41c8f7083ab6cb64a02560857ee3d54409accfc8538f21abb419,2,complete,0.0,0,0,0,0,469e435d-3404-4e96-a64f-7b14370bd77b,2026-10-02T10:15:29.859194+00:00,True
fault_60_00_016,test,fault_60_00,0,16,0.6,信息熵在机器学习算法中的运用_张璐瑶.pdf,P0012,live_normal,K9455b6d7518a5c36d827b4348e81a09fdcc5e5fe003e877bc05bb7eb138eca2f,2,complete,0.0,0,0,0,0,51ecbacc-5aec-4bfb-a60f-6ea6bedce111,2026-10-02T10:15:30.824924+00:00,True
fault_60_00_017,test,fault_60_00,0,17,0.6,信息熵在机器学习算法中的运用_张璐瑶.pdf,P0012,live_corrupted,K9a0ef644e19dad102165caa70891b942c3d55d0685016c99c0efba8aff8570b9,0,incomplete,0.5,1,0,0,0,0dcc5307-557d-4155-80fa-9b81860425a9,2026-10-02T10:15:31.820538+00:00,True
fault_60_00_018,test,fault_60_00,0,18,0.6,基于机器学习算法的黑色系期货价格预测_郭梓晗.pdf,P0015,live_corrupted,K38fb6ee734eea60c4050e432635f6c4ead95c3e0e37acb1bb3460039c89e60c3,0,incomplete,0.5,1,0,0,0,e5c93fc3-f8df-4a9d-881d-91aac05ae1e7,2026-10-02T10:15:32.394461+00:00,True
fault_60_00_019,test,fault_60_00,0,19,0.6,基于机器学习算法的黑色系期货价格预测_郭梓晗.pdf,P0015,live_normal,K5a3b1a850e68e1179ffaab8a8182196b1d087696ef52257a0a6ffad347030b14,2,complete,0.0,0,0,0,0,09f7d93f-b57a-4cfe-b5e9-c8c59e08bf3f,2026-10-02T10:15:33.427377+00:00,True
fault_60_00_020,test,fault_60_00,0,20,0.6,信息熵在机器学习算法中的运用_张璐瑶.pdf,P0012,live_corrupted,K9a0ef644e19dad102165caa70891b942c3d55d0685016c99c0efba8aff8570b9,0,incomplete,0.5,1,0,0,0,c67ddf88-eda3-4ef5-82ad-7802223a0cdb,2026-10-02T10:15:34.109157+00:00,True
fault_60_00_021,test,fault_60_00,0,21,0.6,基于机器学习算法的黑色系期货价格预测_郭梓晗.pdf,P0015,live_corrupted,K38fb6ee734eea60c4050e432635f6c4ead95c3e0e37acb1bb3460039c89e60c3,0,incomplete,0.5,1,0,0,0,77db3032-566f-4f7e-b523-8f8487d00eb1,2026-10-02T10:15:34.788019+00:00,True
fault_60_00_022,test,fault_60_00,0,22,0.6,基于机器学习算法的黑色系期货价格预测_郭梓晗.pdf,P0015,live_corrupted,K38fb6ee734eea60c4050e432635f6c4ead95c3e0e37acb1bb3460039c89e60c3,0,incomplete,0.5,1,0,0,0,f7bc39c8-57f5-4f82-81f5-d91647fd5097,2026-10-02T10:15:35.953517+00:00,True
fault_60_00_023,test,fault_60_00,0,23,0.6,基于机器学习算法的黑色系期货价格预测_郭梓晗.pdf,P0015,live_corrupted,K38fb6ee734eea60c4050e432635f6c4ead95c3e0e37acb1bb3460039c89e60c3,0,incomplete,0.5,1,0,0,0,6cf14515-f503-4cae-9ae8-002413394274,2026-10-02T10:15:36.889075+00:00,True
fault_60_00_024,test,fault_60_00,0,24,0.6,基于机器学习和新闻文本的原油期货资产配置研究_钟浩.pdf,P0010,live_normal,Keff678b299227ecddcbf4d17f7660b95ad60c101672d17ba7b273738c73df3c0,2,complete,0.0,0,0,0,0,d48f0bd2-d0c1-41ef-9405-b82ad96d0a31,2026-10-02T10:15:37.957404+00:00,True
fault_60_00_025,test,fault_60_00,0,25,0.6,基于机器学习和新闻文本的原油期货资产配置研究_钟浩.pdf,P0010,live_corrupted,K1014db88ff2f746e680e4a644febc1cd7c42811b0164ed5587902cfcc05b02f5,0,incomplete,0.5,1,0,0,0,e8fcf739-b3b9-4b62-99de-7f56a76fc17c,2026-10-02T10:15:38.538008+00:00,True
fault_60_00_026,test,fault_60_00,0,26,0.6,基于机器学习算法的黑色系期货价格预测_郭梓晗.pdf,P0015,live_normal,K5a3b1a850e68e1179ffaab8a8182196b1d087696ef52257a0a6ffad347030b14,2,complete,0.0,0,0,0,0,2f5a4722-e9ef-4b93-892a-873014c7102b,2026-10-02T10:15:39.215647+00:00,True
fault_60_00_027,test,fault_60_00,0,27,0.6,基于机器学习和新闻文本的原油期货资产配置研究_钟浩.pdf,P0010,live_normal,Keff678b299227ecddcbf4d17f7660b95ad60c101672d17ba7b273738c73df3c0,2,complete,0.0,0,0,0,0,2cbbb580-df52-4a35-8841-a8ed38b2f521,2026-10-02T10:15:39.904492+00:00,True
fault_60_00_028,test,fault_60_00,0,28,0.6,基于机器学习算法的黑色系期货价格预测_郭梓晗.pdf,P0015,live_normal,K5a3b1a850e68e1179ffaab8a8182196b1d087696ef52257a0a6ffad347030b14,2,complete,0.0,0,0,0,0,74be03ec-cd28-480a-8df1-4ac8524d9f13,2026-10-02T10:15:40.555552+00:00,True
fault_60_00_029,test,fault_60_00,0,29,0.6,气候金融背景下的气温衍生品定价研究——基于机器学习算法_杨刚.pdf,P0005,live_corrupted,Kbb697191e483d0bea78be7ee72904aaa773c7da8956c4d27224dbf776646ee0b,0,incomplete,0.3333333333333333,1,0,0,0,302cf61a-f731-4359-9dea-47ecd5ce02c7,2026-10-02T10:15:48.771094+00:00,False
fault_60_00_030,test,fault_60_00,0,30,0.6,信息熵在机器学习算法中的运用_张璐瑶.pdf,P0012,live_corrupted,K9a0ef644e19dad102165caa70891b942c3d55d0685016c99c0efba8aff8570b9,0,incomplete,0.5,1,0,0,0,5757d791-40c0-45ed-be76-9745787bc1e3,2026-10-02T10:15:49.635791+00:00,True
fault_60_00_031,test,fault_60_00,0,31,0.6,基于机器学习和新闻文本的原油期货资产配置研究_钟浩.pdf,P0010,live_corrupted,K4af079210612be1e666690b2099486696e2e98f06b8ed554b48fda6f611d973d,0,incomplete,0.5,1,0,0,0,c32ac1ad-4a9f-4f5f-bfb5-7742c71b222e,2026-10-02T10:15:50.326859+00:00,True
fault_60_00_032,test,fault_60_00,0,32,0.6,气候金融背景下的气温衍生品定价研究——基于机器学习算法_杨刚.pdf,P0005,live_normal,K49cf5919474d41c8f7083ab6cb64a02560857ee3d54409accfc8538f21abb419,2,complete,0.0,0,0,0,0,e2a4c394-b57d-4c86-9e53-38ff2a70cff4,2026-10-02T10:15:51.193500+00:00,True
fault_60_00_033,test,fault_60_00,0,33,0.6,基于机器学习算法的黑色系期货价格预测_郭梓晗.pdf,P0015,live_corrupted,K38fb6ee734eea60c4050e432635f6c4ead95c3e0e37acb1bb3460039c89e60c3,0,incomplete,0.5,1,0,0,0,a9fdc803-66d8-4273-95c6-5e90a8902574,2026-10-02T10:15:51.940092+00:00,True
fault_60_00_034,test,fault_60_00,0,34,0.6,信息熵在机器学习算法中的运用_张璐瑶.pdf,P0012,live_corrupted,K9a0ef644e19dad102165caa70891b942c3d55d0685016c99c0efba8aff8570b9,0,incomplete,0.5,1,0,0,0,dd6d8277-5706-48f7-baee-fe79417703d3,2026-10-02T10:15:52.755816+00:00,True
fault_60_00_035,test,fault_60_00,0,35,0.6,基于机器学习算法的黑色系期货价格预测_郭梓晗.pdf,P0015,live_corrupted,K38fb6ee734eea60c4050e432635f6c4ead95c3e0e37acb1bb3460039c89e60c3,0,incomplete,0.5,1,0,0,0,0d62c946-8b35-40b0-b834-7ea00f0182a0,2026-10-02T10:15:53.194973+00:00,True
fault_60_00_036,test,fault_60_00,0,36,0.6,基于机器学习和新闻文本的原油期货资产配置研究_钟浩.pdf,P0010,live_corrupted,K1014db88ff2f746e680e4a644febc1cd7c42811b0164ed5587902cfcc05b02f5,0,incomplete,0.5,1,0,0,0,d38ae554-2fb0-4cb1-a13e-633df237ea84,2026-10-02T10:15:53.751050+00:00,True
fault_60_00_037,test,fault_60_00,0,37,0.6,基于机器学习算法的黑色系期货价格预测_郭梓晗.pdf,P0015,live_normal,K5a3b1a850e68e1179ffaab8a8182196b1d087696ef52257a0a6ffad347030b14,2,complete,0.0,0,0,0,0,737a5e77-ad20-48b5-8d99-913c30e45dbe,2026-10-02T10:15:54.321333+00:00,True
fault_60_00_038,test,fault_60_00,0,38,0.6,气候金融背景下的气温衍生品定价研究——基于机器学习算法_杨刚.pdf,P0005,live_normal,K49cf5919474d41c8f7083ab6cb64a02560857ee3d54409accfc8538f21abb419,2,complete,0.0,0,0,0,0,01e86a38-84e9-492f-8396-77001a5e46ac,2026-10-02T10:15:55.178140+00:00,True
fault_60_00_039,test,fault_60_00,0,39,0.6,气候金融背景下的气温衍生品定价研究——基于机器学习算法_杨刚.pdf,P0005,live_corrupted,Kbb697191e483d0bea78be7ee72904aaa773c7da8956c4d27224dbf776646ee0b,0,incomplete,0.3333333333333333,1,0,0,0,8d42ec4f-df39-4497-bbfa-4d90761158e1,2026-10-02T10:15:56.023148+00:00,True
fault_60_00_040,test,fault_60_00,0,40,0.6,气候金融背景下的气温衍生品定价研究——基于机器学习算法_杨刚.pdf,P0005,live_normal,K49cf5919474d41c8f7083ab6cb64a02560857ee3d54409accfc8538f21abb419,2,complete,0.0,0,0,0,0,d8b8ff60-496a-4eac-904b-6aa6ac3f82a4,2026-10-02T10:15:56.619500+00:00,True
fault_60_01_001,test,fault_60_01,1,1,0.6,信息熵在机器学习算法中的运用_张璐瑶.pdf,P0012,live_normal,K9455b6d7518a5c36d827b4348e81a09fdcc5e5fe003e877bc05bb7eb138eca2f,2,complete,0.0,0,0,0,0,76d6b8a5-9f71-4860-bf1b-d742fdd7d874,2026-10-02T10:18:07.307614+00:00,True
fault_60_01_002,test,fault_60_01,1,2,0.6,信息熵在机器学习算法中的运用_张璐瑶.pdf,P0012,live_normal,K9455b6d7518a5c36d827b4348e81a09fdcc5e5fe003e877bc05bb7eb138eca2f,2,complete,0.0,0,0,0,0,4a221a69-43b4-42e8-a065-0c713553648f,2026-10-02T10:18:08.173965+00:00,True
fault_60_01_003,test,fault_60_01,1,3,0.6,气候金融背景下的气温衍生品定价研究——基于机器学习算法_杨刚.pdf,P0005,live_normal,K49cf5919474d41c8f7083ab6cb64a02560857ee3d54409accfc8538f21abb419,2,complete,0.0,0,0,0,0,3c73fc17-6a5d-4e31-9e0d-9423dc916fc1,2026-10-02T10:18:09.027353+00:00,True
fault_60_01_004,test,fault_60_01,1,4,0.6,基于机器学习和新闻文本的原油期货资产配置研究_钟浩.pdf,P0010,live_normal,Keff678b299227ecddcbf4d17f7660b95ad60c101672d17ba7b273738c73df3c0,2,complete,0.0,0,0,0,0,404c7890-19ba-4a0a-afa9-14ce10b593ab,2026-10-02T10:18:10.026409+00:00,True
fault_60_01_005,test,fault_60_01,1,5,0.6,气候金融背景下的气温衍生品定价研究——基于机器学习算法_杨刚.pdf,P0005,live_normal,K49cf5919474d41c8f7083ab6cb64a02560857ee3d54409accfc8538f21abb419,2,complete,0.0,0,0,0,0,637fce29-64af-4b14-b353-ee96af930581,2026-10-02T10:18:10.917496+00:00,True
fault_60_01_006,test,fault_60_01,1,6,0.6,气候金融背景下的气温衍生品定价研究——基于机器学习算法_杨刚.pdf,P0005,live_normal,K49cf5919474d41c8f7083ab6cb64a02560857ee3d54409accfc8538f21abb419,2,complete,0.0,0,0,0,0,f4f2e0f2-0735-49e7-95f2-9e889f5caf5d,2026-10-02T10:18:11.403472+00:00,True
fault_60_01_007,test,fault_60_01,1,7,0.6,气候金融背景下的气温衍生品定价研究——基于机器学习算法_杨刚.pdf,P0004,live_normal,K9270f70913c0acef9bfc8848ba83f8d9b692f8ab4f838c7fb64aaa248fe849fb,2,complete,0.0,0,0,0,0,0ca58350-6673-4033-9fa3-f5119cd81358,2026-10-02T10:18:11.924765+00:00,True
fault_60_01_008,test,fault_60_01,1,8,0.6,气候金融背景下的气温衍生品定价研究——基于机器学习算法_杨刚.pdf,P0004,live_normal,K9270f70913c0acef9bfc8848ba83f8d9b692f8ab4f838c7fb64aaa248fe849fb,2,complete,0.0,0,0,0,0,1db32b76-73f4-4017-b546-3fb68637ef64,2026-10-02T10:18:12.481754+00:00,True
fault_60_01_009,test,fault_60_01,1,9,0.6,信息熵在机器学习算法中的运用_张璐瑶.pdf,P0012,live_normal,K9455b6d7518a5c36d827b4348e81a09fdcc5e5fe003e877bc05bb7eb138eca2f,2,complete,0.0,0,0,0,0,6221413e-cfb4-4e10-9e3c-c1570c5b5b0a,2026-10-02T10:18:13.242673+00:00,True
fault_60_01_010,test,fault_60_01,1,10,0.6,气候金融背景下的气温衍生品定价研究——基于机器学习算法_杨刚.pdf,P0005,live_normal,K49cf5919474d41c8f7083ab6cb64a02560857ee3d54409accfc8538f21abb419,2,complete,0.0,0,0,0,0,1fa4276a-f9c6-4e53-a468-fff62d2317da,2026-10-02T10:18:13.989410+00:00,True
fault_60_01_011,test,fault_60_01,1,11,0.6,气候金融背景下的气温衍生品定价研究——基于机器学习算法_杨刚.pdf,P0005,live_normal,K49cf5919474d41c8f7083ab6cb64a02560857ee3d54409accfc8538f21abb419,2,complete,0.0,0,0,0,0,8b5ed4f8-cc8a-49f8-adea-099a6a6c0a7f,2026-10-02T10:18:14.848002+00:00,True
fault_60_01_012,test,fault_60_01,1,12,0.6,信息熵在机器学习算法中的运用_张璐瑶.pdf,P0012,live_normal,K9455b6d7518a5c36d827b4348e81a09fdcc5e5fe003e877bc05bb7eb138eca2f,2,complete,0.0,0,0,0,0,9aadf410-8c7d-4cd0-ac09-20f82ca547f4,2026-10-02T10:18:15.318743+00:00,True
fault_60_01_013,test,fault_60_01,1,13,0.6,基于机器学习算法的黑色系期货价格预测_郭梓晗.pdf,P0015,live_normal,K5a3b1a850e68e1179ffaab8a8182196b1d087696ef52257a0a6ffad347030b14,2,complete,0.0,0,0,0,0,6996179d-7270-4d56-9dc7-60769c25dba0,2026-10-02T10:18:16.173878+00:00,True
fault_60_01_014,test,fault_60_01,1,14,0.6,基于机器学习算法的黑色系期货价格预测_郭梓晗.pdf,P0015,live_normal,K5a3b1a850e68e1179ffaab8a8182196b1d087696ef52257a0a6ffad347030b14,2,complete,0.0,0,0,0,0,b588ed32-c156-4ec3-9d21-9c422a84a7f0,2026-10-02T10:18:16.798535+00:00,True
fault_60_01_015,test,fault_60_01,1,15,0.6,信息熵在机器学习算法中的运用_张璐瑶.pdf,P0012,live_normal,K9455b6d7518a5c36d827b4348e81a09fdcc5e5fe003e877bc05bb7eb138eca2f,2,complete,0.0,0,0,0,0,4eaab6b1-3835-4eac-9b8f-d98035a7b55f,2026-10-02T10:18:17.713918+00:00,True
fault_60_01_016,test,fault_60_01,1,16,0.6,信息熵在机器学习算法中的运用_张璐瑶.pdf,P0012,live_normal,K9455b6d7518a5c36d827b4348e81a09fdcc5e5fe003e877bc05bb7eb138eca2f,2,complete,0.0,0,0,0,0,39cbed40-4e92-4234-9ee6-1b543890f0e7,2026-10-02T10:18:18.479026+00:00,True
fault_60_01_017,test,fault_60_01,1,17,0.6,气候金融背景下的气温衍生品定价研究——基于机器学习算法_杨刚.pdf,P0004,live_corrupted,K4326fbb2d82bfb9f29a6e44c9ae0457139800ba8b2cd48da44c1e615f81dc7c2,0,incomplete,0.5,1,0,0,0,34fc3646-c325-4a2f-a85a-cba813c535cc,2026-10-02T10:18:18.928921+00:00,True
fault_60_01_018,test,fault_60_01,1,18,0.6,基于机器学习和新闻文本的原油期货资产配置研究_钟浩.pdf,P0010,live_corrupted,K4af079210612be1e666690b2099486696e2e98f06b8ed554b48fda6f611d973d,0,incomplete,0.5,1,0,0,0,6c0a3c95-b61a-4791-84c3-2c508a762316,2026-10-02T10:18:19.753747+00:00,True
fault_60_01_019,test,fault_60_01,1,19,0.6,信息熵在机器学习算法中的运用_张璐瑶.pdf,P0012,live_corrupted,K9a0ef644e19dad102165caa70891b942c3d55d0685016c99c0efba8aff8570b9,0,incomplete,0.5,1,0,0,0,07299875-7a4a-4262-beb0-61bd466b93b7,2026-10-02T10:18:20.687204+00:00,True
fault_60_01_020,test,fault_60_01,1,20,0.6,信息熵在机器学习算法中的运用_张璐瑶.pdf,P0012,live_normal,K9455b6d7518a5c36d827b4348e81a09fdcc5e5fe003e877bc05bb7eb138eca2f,2,complete,0.0,0,0,0,0,f62772cd-1251-4628-ac88-adcd9410de24,2026-10-02T10:18:21.522403+00:00,True
fault_60_01_021,test,fault_60_01,1,21,0.6,信息熵在机器学习算法中的运用_张璐瑶.pdf,P0012,live_corrupted,K9a0ef644e19dad102165caa70891b942c3d55d0685016c99c0efba8aff8570b9,0,incomplete,0.5,1,0,0,0,8ef518a4-30d7-43ee-addb-6cc17841155a,2026-10-02T10:18:22.129354+00:00,True
fault_60_01_022,test,fault_60_01,1,22,0.6,信息熵在机器学习算法中的运用_张璐瑶.pdf,P0012,live_corrupted,Kc675ad8413113ee64a95c4f02c0fc0236e6bfa865f78ee43b8c524875dce8767,0,incomplete,0.5,1,0,0,0,3e0bb1e8-55a2-45fa-bae5-21606e2f5b6a,2026-10-02T10:18:23.047317+00:00,True
fault_60_01_023,test,fault_60_01,1,23,0.6,信息熵在机器学习算法中的运用_张璐瑶.pdf,P0012,live_normal,K9455b6d7518a5c36d827b4348e81a09fdcc5e5fe003e877bc05bb7eb138eca2f,2,complete,0.0,0,0,0,0,0b861d16-6ea9-4b9f-9d43-896cb9244d6f,2026-10-02T10:18:23.567769+00:00,True
fault_60_01_024,test,fault_60_01,1,24,0.6,信息熵在机器学习算法中的运用_张璐瑶.pdf,P0012,live_normal,K9455b6d7518a5c36d827b4348e81a09fdcc5e5fe003e877bc05bb7eb138eca2f,2,complete,0.0,0,0,0,0,7add6613-1992-4a33-a66a-92a03b63cee4,2026-10-02T10:18:24.434406+00:00,True
fault_60_01_025,test,fault_60_01,1,25,0.6,气候金融背景下的气温衍生品定价研究——基于机器学习算法_杨刚.pdf,P0005,live_corrupted,Kbb697191e483d0bea78be7ee72904aaa773c7da8956c4d27224dbf776646ee0b,0,incomplete,0.3333333333333333,1,0,0,0,f05bdb48-5a19-4cb3-862f-2e62aefde9f8,2026-10-02T10:18:25.514335+00:00,True
fault_60_01_026,test,fault_60_01,1,26,0.6,基于机器学习算法的黑色系期货价格预测_郭梓晗.pdf,P0015,live_normal,K5a3b1a850e68e1179ffaab8a8182196b1d087696ef52257a0a6ffad347030b14,2,complete,0.0,0,0,0,0,a3636c13-6c98-470e-884c-4a68420d2961,2026-10-02T10:18:26.286043+00:00,True
fault_60_01_027,test,fault_60_01,1,27,0.6,基于机器学习和新闻文本的原油期货资产配置研究_钟浩.pdf,P0010,live_corrupted,K1014db88ff2f746e680e4a644febc1cd7c42811b0164ed5587902cfcc05b02f5,0,incomplete,0.5,1,0,0,0,d22b97a7-11f8-47d4-9a8e-38d5cdc9b90a,2026-10-02T10:18:26.942000+00:00,True
fault_60_01_028,test,fault_60_01,1,28,0.6,气候金融背景下的气温衍生品定价研究——基于机器学习算法_杨刚.pdf,P0005,live_corrupted,K876ff7a0c74888ab52b31888a29dbcac5e4154c971477e192b8070fc0f221073,0,incomplete,0.3333333333333333,1,0,0,0,2fbdce4b-2646-49c6-b8cf-1689dc5c3145,2026-10-02T10:18:27.847586+00:00,True
fault_60_01_029,test,fault_60_01,1,29,0.6,基于机器学习算法的黑色系期货价格预测_郭梓晗.pdf,P0015,live_normal,K5a3b1a850e68e1179ffaab8a8182196b1d087696ef52257a0a6ffad347030b14,2,complete,0.0,0,0,0,0,b2fc0361-6039-4b55-b35e-5f7852aa1c25,2026-10-02T10:18:28.377391+00:00,True
fault_60_01_030,test,fault_60_01,1,30,0.6,气候金融背景下的气温衍生品定价研究——基于机器学习算法_杨刚.pdf,P0004,live_corrupted,K4326fbb2d82bfb9f29a6e44c9ae0457139800ba8b2cd48da44c1e615f81dc7c2,0,incomplete,0.5,1,0,0,0,e597e5d7-9ab8-4be0-b9c2-8394e40633d1,2026-10-02T10:18:28.982583+00:00,True
fault_60_01_031,test,fault_60_01,1,31,0.6,信息熵在机器学习算法中的运用_张璐瑶.pdf,P0012,live_corrupted,K9a0ef644e19dad102165caa70891b942c3d55d0685016c99c0efba8aff8570b9,0,incomplete,0.5,1,0,0,0,65bee4f9-c9aa-41b1-bf05-0d1cbee14d69,2026-10-02T10:18:29.708080+00:00,True
fault_60_01_032,test,fault_60_01,1,32,0.6,气候金融背景下的气温衍生品定价研究——基于机器学习算法_杨刚.pdf,P0004,live_normal,K9270f70913c0acef9bfc8848ba83f8d9b692f8ab4f838c7fb64aaa248fe849fb,2,complete,0.0,0,0,0,0,05a30cfe-6a81-4d9c-aef8-0e58d27b3ea1,2026-10-02T10:18:30.347873+00:00,True
fault_60_01_033,test,fault_60_01,1,33,0.6,信息熵在机器学习算法中的运用_张璐瑶.pdf,P0012,live_corrupted,K9a0ef644e19dad102165caa70891b942c3d55d0685016c99c0efba8aff8570b9,0,incomplete,0.5,1,0,0,0,c81c7ee4-ce1b-424d-9a3e-3e77ae0eb1c6,2026-10-02T10:18:31.250369+00:00,True
fault_60_01_034,test,fault_60_01,1,34,0.6,气候金融背景下的气温衍生品定价研究——基于机器学习算法_杨刚.pdf,P0005,live_corrupted,Kbb697191e483d0bea78be7ee72904aaa773c7da8956c4d27224dbf776646ee0b,0,incomplete,0.3333333333333333,1,0,0,0,e2236127-0523-42a3-b457-84720db7338e,2026-10-02T10:18:32.175815+00:00,True
fault_60_01_035,test,fault_60_01,1,35,0.6,基于机器学习和新闻文本的原油期货资产配置研究_钟浩.pdf,P0010,live_corrupted,K4af079210612be1e666690b2099486696e2e98f06b8ed554b48fda6f611d973d,0,incomplete,0.5,1,0,0,0,d3eba6d4-10c5-4d74-8e72-feec1388c13a,2026-10-02T10:18:32.656235+00:00,True
fault_60_01_036,test,fault_60_01,1,36,0.6,基于机器学习算法的黑色系期货价格预测_郭梓晗.pdf,P0015,live_corrupted,K38fb6ee734eea60c4050e432635f6c4ead95c3e0e37acb1bb3460039c89e60c3,0,incomplete,0.5,1,0,0,0,35bdb9ee-7b87-4c3c-b8fa-98035ab5852e,2026-10-02T10:18:33.280124+00:00,True
fault_60_01_037,test,fault_60_01,1,37,0.6,信息熵在机器学习算法中的运用_张璐瑶.pdf,P0012,live_corrupted,K9a0ef644e19dad102165caa70891b942c3d55d0685016c99c0efba8aff8570b9,0,incomplete,0.5,1,0,0,0,62dbd738-69e1-4bb3-8d50-0a2e675d3f19,2026-10-02T10:18:34.079051+00:00,True
fault_60_01_038,test,fault_60_01,1,38,0.6,基于机器学习和新闻文本的原油期货资产配置研究_钟浩.pdf,P0010,live_normal,Keff678b299227ecddcbf4d17f7660b95ad60c101672d17ba7b273738c73df3c0,2,complete,0.0,0,0,0,0,c196944c-f93d-449a-b119-7298a8372319,2026-10-02T10:18:34.706664+00:00,True
fault_60_01_039,test,fault_60_01,1,39,0.6,基于机器学习算法的黑色系期货价格预测_郭梓晗.pdf,P0015,live_corrupted,K38fb6ee734eea60c4050e432635f6c4ead95c3e0e37acb1bb3460039c89e60c3,0,incomplete,0.5,1,0,0,0,099dcfdd-b7bb-4031-bd23-a17a1ba08675,2026-10-02T10:18:35.241294+00:00,True
fault_60_01_040,test,fault_60_01,1,40,0.6,气候金融背景下的气温衍生品定价研究——基于机器学习算法_杨刚.pdf,P0004,live_normal,K9270f70913c0acef9bfc8848ba83f8d9b692f8ab4f838c7fb64aaa248fe849fb,2,complete,0.0,0,0,0,0,7b1cd2b7-4ae4-4a88-af0d-7db408c612d1,2026-10-02T10:18:35.980050+00:00,True
fault_60_02_001,test,fault_60_02,2,1,0.6,基于机器学习算法的黑色系期货价格预测_郭梓晗.pdf,P0015,live_normal,K5a3b1a850e68e1179ffaab8a8182196b1d087696ef52257a0a6ffad347030b14,2,complete,0.0,0,0,0,0,eb422422-4cd1-4fea-9a06-dc6dca62e51f,2026-10-02T10:17:24.042394+00:00,True
fault_60_02_002,test,fault_60_02,2,2,0.6,基于机器学习和新闻文本的原油期货资产配置研究_钟浩.pdf,P0010,live_normal,Keff678b299227ecddcbf4d17f7660b95ad60c101672d17ba7b273738c73df3c0,2,complete,0.0,0,0,0,0,fd3bb474-c146-46cd-9da8-b2fefd00212b,2026-10-02T10:17:25.045349+00:00,True
fault_60_02_003,test,fault_60_02,2,3,0.6,气候金融背景下的气温衍生品定价研究——基于机器学习算法_杨刚.pdf,P0005,live_normal,K49cf5919474d41c8f7083ab6cb64a02560857ee3d54409accfc8538f21abb419,2,complete,0.0,0,0,0,0,2be96a4b-857b-4b8c-98d7-bbc0a932bd24,2026-10-02T10:17:25.943260+00:00,True
fault_60_02_004,test,fault_60_02,2,4,0.6,信息熵在机器学习算法中的运用_张璐瑶.pdf,P0012,live_normal,K9455b6d7518a5c36d827b4348e81a09fdcc5e5fe003e877bc05bb7eb138eca2f,2,complete,0.0,0,0,0,0,5b609988-b127-4c2d-b047-5a3ecf400140,2026-10-02T10:17:26.610902+00:00,True
fault_60_02_005,test,fault_60_02,2,5,0.6,基于机器学习算法的黑色系期货价格预测_郭梓晗.pdf,P0015,live_normal,K5a3b1a850e68e1179ffaab8a8182196b1d087696ef52257a0a6ffad347030b14,2,complete,0.0,0,0,0,0,ca9672f8-cd9f-4a5b-84db-2aa9415d548c,2026-10-02T10:17:27.314090+00:00,True
fault_60_02_006,test,fault_60_02,2,6,0.6,基于机器学习算法的黑色系期货价格预测_郭梓晗.pdf,P0015,live_normal,K5a3b1a850e68e1179ffaab8a8182196b1d087696ef52257a0a6ffad347030b14,2,complete,0.0,0,0,0,0,f1e4b8f0-a47b-4a2d-825a-485cd57cf2bf,2026-10-02T10:17:28.165084+00:00,True
fault_60_02_007,test,fault_60_02,2,7,0.6,信息熵在机器学习算法中的运用_张璐瑶.pdf,P0012,live_normal,K9455b6d7518a5c36d827b4348e81a09fdcc5e5fe003e877bc05bb7eb138eca2f,2,complete,0.0,0,0,0,0,aded44f1-f2dc-4f56-9c12-64f35f23ea23,2026-10-02T10:17:28.935641+00:00,True
fault_60_02_008,test,fault_60_02,2,8,0.6,气候金融背景下的气温衍生品定价研究——基于机器学习算法_杨刚.pdf,P0005,live_normal,K49cf5919474d41c8f7083ab6cb64a02560857ee3d54409accfc8538f21abb419,2,complete,0.0,0,0,0,0,15798793-f91c-4e60-8594-d3f6d1704699,2026-10-02T10:17:29.865810+00:00,True
fault_60_02_009,test,fault_60_02,2,9,0.6,信息熵在机器学习算法中的运用_张璐瑶.pdf,P0012,live_normal,K9455b6d7518a5c36d827b4348e81a09fdcc5e5fe003e877bc05bb7eb138eca2f,2,complete,0.0,0,0,0,0,48da5c01-84d6-4035-956e-6bc15fe470f9,2026-10-02T10:17:30.808089+00:00,True
fault_60_02_010,test,fault_60_02,2,10,0.6,基于机器学习算法的黑色系期货价格预测_郭梓晗.pdf,P0015,live_normal,K5a3b1a850e68e1179ffaab8a8182196b1d087696ef52257a0a6ffad347030b14,2,complete,0.0,0,0,0,0,84aeea66-19c8-4545-a8d5-cd9316d940f2,2026-10-02T10:17:31.685044+00:00,True
fault_60_02_011,test,fault_60_02,2,11,0.6,基于机器学习和新闻文本的原油期货资产配置研究_钟浩.pdf,P0010,live_normal,Keff678b299227ecddcbf4d17f7660b95ad60c101672d17ba7b273738c73df3c0,2,complete,0.0,0,0,0,0,3358e73f-bad3-4121-968a-feef66c4946f,2026-10-02T10:17:32.555629+00:00,True
fault_60_02_012,test,fault_60_02,2,12,0.6,气候金融背景下的气温衍生品定价研究——基于机器学习算法_杨刚.pdf,P0005,live_normal,K49cf5919474d41c8f7083ab6cb64a02560857ee3d54409accfc8538f21abb419,2,complete,0.0,0,0,0,0,5336327d-0800-4b74-baa6-c497b9fd1a46,2026-10-02T10:17:32.989729+00:00,True
fault_60_02_013,test,fault_60_02,2,13,0.6,基于机器学习和新闻文本的原油期货资产配置研究_钟浩.pdf,P0010,live_normal,Keff678b299227ecddcbf4d17f7660b95ad60c101672d17ba7b273738c73df3c0,2,complete,0.0,0,0,0,0,b2d6d120-c469-4d37-b4d8-d093d4767b8d,2026-10-02T10:17:33.822112+00:00,True
fault_60_02_014,test,fault_60_02,2,14,0.6,信息熵在机器学习算法中的运用_张璐瑶.pdf,P0012,live_normal,K9455b6d7518a5c36d827b4348e81a09fdcc5e5fe003e877bc05bb7eb138eca2f,2,complete,0.0,0,0,0,0,84bdf603-45db-4df3-89e2-65035ecaaf1c,2026-10-02T10:17:34.531433+00:00,True
fault_60_02_015,test,fault_60_02,2,15,0.6,气候金融背景下的气温衍生品定价研究——基于机器学习算法_杨刚.pdf,P0005,live_normal,K49cf5919474d41c8f7083ab6cb64a02560857ee3d54409accfc8538f21abb419,2,complete,0.0,0,0,0,0,8d81e2ba-c59a-41ce-a061-7fc49019820e,2026-10-02T10:17:35.526017+00:00,True
fault_60_02_016,test,fault_60_02,2,16,0.6,基于机器学习和新闻文本的原油期货资产配置研究_钟浩.pdf,P0010,live_normal,Keff678b299227ecddcbf4d17f7660b95ad60c101672d17ba7b273738c73df3c0,2,complete,0.0,0,0,0,0,4fd74e1b-0f54-47d1-ab9a-b136588c9c82,2026-10-02T10:17:36.436550+00:00,True
fault_60_02_017,test,fault_60_02,2,17,0.6,气候金融背景下的气温衍生品定价研究——基于机器学习算法_杨刚.pdf,P0004,live_corrupted,K4326fbb2d82bfb9f29a6e44c9ae0457139800ba8b2cd48da44c1e615f81dc7c2,0,incomplete,0.5,1,0,0,0,c6cb753c-c8eb-4a20-8248-72c87c5e007c,2026-10-02T10:17:37.057262+00:00,True
fault_60_02_018,test,fault_60_02,2,18,0.6,基于机器学习和新闻文本的原油期货资产配置研究_钟浩.pdf,P0010,live_normal,Keff678b299227ecddcbf4d17f7660b95ad60c101672d17ba7b273738c73df3c0,2,complete,0.0,0,0,0,0,3467d846-61a9-43f3-b237-e33451236642,2026-10-02T10:17:38.044265+00:00,True
fault_60_02_019,test,fault_60_02,2,19,0.6,气候金融背景下的气温衍生品定价研究——基于机器学习算法_杨刚.pdf,P0004,live_normal,K9270f70913c0acef9bfc8848ba83f8d9b692f8ab4f838c7fb64aaa248fe849fb,2,complete,0.0,0,0,0,0,7e49aca4-8a1e-4a17-896a-1b2df19c5183,2026-10-02T10:17:38.780723+00:00,True
fault_60_02_020,test,fault_60_02,2,20,0.6,基于机器学习和新闻文本的原油期货资产配置研究_钟浩.pdf,P0010,live_normal,Keff678b299227ecddcbf4d17f7660b95ad60c101672d17ba7b273738c73df3c0,2,complete,0.0,0,0,0,0,62f4fac7-b358-4958-b30b-02f4656d3621,2026-10-02T10:17:39.505571+00:00,True
fault_60_02_021,test,fault_60_02,2,21,0.6,基于机器学习算法的黑色系期货价格预测_郭梓晗.pdf,P0015,live_normal,K5a3b1a850e68e1179ffaab8a8182196b1d087696ef52257a0a6ffad347030b14,2,complete,0.0,0,0,0,0,e3c70ebb-3e50-45c3-84ca-d404fe77a615,2026-10-02T10:17:40.208886+00:00,True
fault_60_02_022,test,fault_60_02,2,22,0.6,信息熵在机器学习算法中的运用_张璐瑶.pdf,P0012,live_corrupted,K9a0ef644e19dad102165caa70891b942c3d55d0685016c99c0efba8aff8570b9,0,incomplete,0.5,1,0,0,0,358757ec-3abb-4f66-8b95-bbe9b110e798,2026-10-02T10:17:41.283153+00:00,True
fault_60_02_023,test,fault_60_02,2,23,0.6,信息熵在机器学习算法中的运用_张璐瑶.pdf,P0012,live_normal,K9455b6d7518a5c36d827b4348e81a09fdcc5e5fe003e877bc05bb7eb138eca2f,2,complete,0.0,0,0,0,0,a58c9166-ae3c-468d-9543-6ab637e65d1e,2026-10-02T10:17:42.144863+00:00,True
fault_60_02_024,test,fault_60_02,2,24,0.6,气候金融背景下的气温衍生品定价研究——基于机器学习算法_杨刚.pdf,P0005,live_normal,K49cf5919474d41c8f7083ab6cb64a02560857ee3d54409accfc8538f21abb419,2,complete,0.0,0,0,0,0,8225af7f-883b-4bd2-a453-7bb9ed614938,2026-10-02T10:17:42.870731+00:00,True
fault_60_02_025,test,fault_60_02,2,25,0.6,基于机器学习算法的黑色系期货价格预测_郭梓晗.pdf,P0015,live_normal,K02bb1dc42b9bf68b5351b568c548ebc99723d1e35095ee7c9bf1c7a874a360ed,2,complete,0.0,0,0,0,0,6d10008d-2012-45ff-b9bd-01fc278215d4,2026-10-02T10:17:43.507131+00:00,True
fault_60_02_026,test,fault_60_02,2,26,0.6,基于机器学习算法的黑色系期货价格预测_郭梓晗.pdf,P0015,live_normal,K5a3b1a850e68e1179ffaab8a8182196b1d087696ef52257a0a6ffad347030b14,2,complete,0.0,0,0,0,0,d50dedb1-b191-42d0-b051-83068647ea5c,2026-10-02T10:17:44.148201+00:00,True
fault_60_02_027,test,fault_60_02,2,27,0.6,基于机器学习算法的黑色系期货价格预测_郭梓晗.pdf,P0015,live_corrupted,K38fb6ee734eea60c4050e432635f6c4ead95c3e0e37acb1bb3460039c89e60c3,0,incomplete,0.5,1,0,0,0,e6a30b5b-71db-4274-bd97-0cad7da9a0f1,2026-10-02T10:17:45.033702+00:00,True
fault_60_02_028,test,fault_60_02,2,28,0.6,基于机器学习和新闻文本的原油期货资产配置研究_钟浩.pdf,P0010,live_normal,Keff678b299227ecddcbf4d17f7660b95ad60c101672d17ba7b273738c73df3c0,2,complete,0.0,0,0,0,0,61fde444-c1c6-409e-a649-a0e0b761fb73,2026-10-02T10:17:45.692057+00:00,True
fault_60_02_029,test,fault_60_02,2,29,0.6,信息熵在机器学习算法中的运用_张璐瑶.pdf,P0012,live_corrupted,K9a0ef644e19dad102165caa70891b942c3d55d0685016c99c0efba8aff8570b9,0,incomplete,0.5,1,0,0,0,9acac970-d27f-422b-b10e-a7e0280afb7b,2026-10-02T10:17:46.386699+00:00,True
fault_60_02_030,test,fault_60_02,2,30,0.6,信息熵在机器学习算法中的运用_张璐瑶.pdf,P0012,live_corrupted,K9a0ef644e19dad102165caa70891b942c3d55d0685016c99c0efba8aff8570b9,0,incomplete,0.5,1,0,0,0,830e10a8-7738-4b96-a1cf-88eaab317cb4,2026-10-02T10:17:47.320387+00:00,True
fault_60_02_031,test,fault_60_02,2,31,0.6,基于机器学习和新闻文本的原油期货资产配置研究_钟浩.pdf,P0010,live_corrupted,K4af079210612be1e666690b2099486696e2e98f06b8ed554b48fda6f611d973d,0,incomplete,0.5,1,0,0,0,8d6b2a22-ac5b-491e-a9ca-d5c901454fd6,2026-10-02T10:17:48.082301+00:00,True
fault_60_02_032,test,fault_60_02,2,32,0.6,信息熵在机器学习算法中的运用_张璐瑶.pdf,P0012,live_normal,K9455b6d7518a5c36d827b4348e81a09fdcc5e5fe003e877bc05bb7eb138eca2f,2,complete,0.0,0,0,0,0,b8d2dbf5-5010-4144-870a-202c6e0007c1,2026-10-02T10:17:48.763798+00:00,True
fault_60_02_033,test,fault_60_02,2,33,0.6,基于机器学习算法的黑色系期货价格预测_郭梓晗.pdf,P0015,live_normal,K5a3b1a850e68e1179ffaab8a8182196b1d087696ef52257a0a6ffad347030b14,2,complete,0.0,0,0,0,0,519185e4-e8c0-4431-a3f5-530018024527,2026-10-02T10:17:49.298360+00:00,True
fault_60_02_034,test,fault_60_02,2,34,0.6,信息熵在机器学习算法中的运用_张璐瑶.pdf,P0012,live_normal,K9455b6d7518a5c36d827b4348e81a09fdcc5e5fe003e877bc05bb7eb138eca2f,2,complete,0.0,0,0,0,0,5b6959a6-dd1b-41b2-93b8-2984217ff243,2026-10-02T10:17:49.941318+00:00,True
fault_60_02_035,test,fault_60_02,2,35,0.6,基于机器学习和新闻文本的原油期货资产配置研究_钟浩.pdf,P0010,live_corrupted,K1014db88ff2f746e680e4a644febc1cd7c42811b0164ed5587902cfcc05b02f5,0,incomplete,0.5,1,0,0,0,32ceb312-4aa4-432e-a18d-94c609146087,2026-10-02T10:17:51.084850+00:00,True
fault_60_02_036,test,fault_60_02,2,36,0.6,信息熵在机器学习算法中的运用_张璐瑶.pdf,P0012,live_corrupted,K9a0ef644e19dad102165caa70891b942c3d55d0685016c99c0efba8aff8570b9,0,incomplete,0.5,1,0,0,0,728ca9ae-3bc5-4f2d-9a60-03a0b03239d9,2026-10-02T10:17:51.950896+00:00,True
fault_60_02_037,test,fault_60_02,2,37,0.6,信息熵在机器学习算法中的运用_张璐瑶.pdf,P0012,live_corrupted,K9a0ef644e19dad102165caa70891b942c3d55d0685016c99c0efba8aff8570b9,0,incomplete,0.5,1,0,0,0,ad4e98ac-e847-4afd-af74-89a49e85acf6,2026-10-02T10:17:52.804409+00:00,True
fault_60_02_038,test,fault_60_02,2,38,0.6,基于机器学习算法的黑色系期货价格预测_郭梓晗.pdf,P0015,live_corrupted,K38fb6ee734eea60c4050e432635f6c4ead95c3e0e37acb1bb3460039c89e60c3,0,incomplete,0.5,1,0,0,0,0d67df94-6bef-4dc6-9af8-289468ec6c25,2026-10-02T10:17:53.604717+00:00,True
fault_60_02_039,test,fault_60_02,2,39,0.6,气候金融背景下的气温衍生品定价研究——基于机器学习算法_杨刚.pdf,P0004,live_corrupted,K4326fbb2d82bfb9f29a6e44c9ae0457139800ba8b2cd48da44c1e615f81dc7c2,0,incomplete,0.5,1,0,0,0,bd2180a5-1426-408e-a038-bdd3a5274e47,2026-10-02T10:17:54.391857+00:00,True
fault_60_02_040,test,fault_60_02,2,40,0.6,信息熵在机器学习算法中的运用_张璐瑶.pdf,P0012,live_normal,K9455b6d7518a5c36d827b4348e81a09fdcc5e5fe003e877bc05bb7eb138eca2f,2,complete,0.0,0,0,0,0,08f8b37e-3925-4f99-9364-4519abd6b380,2026-10-02T10:17:55.250348+00:00,True
fault_60_03_001,test,fault_60_03,3,1,0.6,信息熵在机器学习算法中的运用_张璐瑶.pdf,P0012,live_normal,K9455b6d7518a5c36d827b4348e81a09fdcc5e5fe003e877bc05bb7eb138eca2f,2,complete,0.0,0,0,0,0,4ed5fcfa-77f4-457d-ab38-d8f9005c170d,2026-10-02T10:17:00.579087+00:00,True
fault_60_03_002,test,fault_60_03,3,2,0.6,基于机器学习算法的黑色系期货价格预测_郭梓晗.pdf,P0015,live_normal,K5a3b1a850e68e1179ffaab8a8182196b1d087696ef52257a0a6ffad347030b14,2,complete,0.0,0,0,0,0,5f9ed6d8-340a-41eb-8eaa-773aee275455,2026-10-02T10:17:00.972168+00:00,True
fault_60_03_003,test,fault_60_03,3,3,0.6,基于机器学习算法的黑色系期货价格预测_郭梓晗.pdf,P0015,live_normal,K5a3b1a850e68e1179ffaab8a8182196b1d087696ef52257a0a6ffad347030b14,2,complete,0.0,0,0,0,0,4796c56d-7c42-43fb-a0c0-4fe501c21c43,2026-10-02T10:17:02.066238+00:00,True
fault_60_03_004,test,fault_60_03,3,4,0.6,气候金融背景下的气温衍生品定价研究——基于机器学习算法_杨刚.pdf,P0005,live_normal,K49cf5919474d41c8f7083ab6cb64a02560857ee3d54409accfc8538f21abb419,2,complete,0.0,0,0,0,0,5b1b1173-70b5-4218-997e-9ef2cf4df75d,2026-10-02T10:17:03.360221+00:00,True
fault_60_03_005,test,fault_60_03,3,5,0.6,基于机器学习算法的黑色系期货价格预测_郭梓晗.pdf,P0015,live_normal,K5a3b1a850e68e1179ffaab8a8182196b1d087696ef52257a0a6ffad347030b14,2,complete,0.0,0,0,0,0,244a3a5f-426d-43ff-8d33-0b670fef0ff8,2026-10-02T10:17:03.937993+00:00,True
fault_60_03_006,test,fault_60_03,3,6,0.6,气候金融背景下的气温衍生品定价研究——基于机器学习算法_杨刚.pdf,P0004,live_normal,K9270f70913c0acef9bfc8848ba83f8d9b692f8ab4f838c7fb64aaa248fe849fb,2,complete,0.0,0,0,0,0,75f69d5c-a543-482e-a8ab-32721d1370bd,2026-10-02T10:17:04.646352+00:00,True
fault_60_03_007,test,fault_60_03,3,7,0.6,气候金融背景下的气温衍生品定价研究——基于机器学习算法_杨刚.pdf,P0005,live_normal,Kf3ea2a47d88a646e6f2b6eb9185ca4261c1ea08aacbe7bea23189551f42130a6,2,complete,0.0,0,0,0,0,dde5b043-68d8-4d2e-9499-eec88ba74889,2026-10-02T10:17:05.473019+00:00,True
fault_60_03_008,test,fault_60_03,3,8,0.6,信息熵在机器学习算法中的运用_张璐瑶.pdf,P0012,live_normal,K9455b6d7518a5c36d827b4348e81a09fdcc5e5fe003e877bc05bb7eb138eca2f,2,complete,0.0,0,0,0,0,31708041-496c-4f5c-ac45-0b99fcc2a8d1,2026-10-02T10:17:05.889173+00:00,True
fault_60_03_009,test,fault_60_03,3,9,0.6,基于机器学习算法的黑色系期货价格预测_郭梓晗.pdf,P0015,live_normal,K5a3b1a850e68e1179ffaab8a8182196b1d087696ef52257a0a6ffad347030b14,2,complete,0.0,0,0,0,0,b0610e68-fe97-439e-932e-c64eaece4ad4,2026-10-02T10:17:06.535725+00:00,True
fault_60_03_010,test,fault_60_03,3,10,0.6,信息熵在机器学习算法中的运用_张璐瑶.pdf,P0012,live_normal,K9455b6d7518a5c36d827b4348e81a09fdcc5e5fe003e877bc05bb7eb138eca2f,2,complete,0.0,0,0,0,0,27cd0c23-012a-4cf5-a1b3-94cff2d6fcf5,2026-10-02T10:17:07.253133+00:00,True
fault_60_03_011,test,fault_60_03,3,11,0.6,气候金融背景下的气温衍生品定价研究——基于机器学习算法_杨刚.pdf,P0004,live_normal,K9270f70913c0acef9bfc8848ba83f8d9b692f8ab4f838c7fb64aaa248fe849fb,2,complete,0.0,0,0,0,0,551068f6-e16c-4993-8d1f-5c5fd43a47be,2026-10-02T10:17:08.297320+00:00,True
fault_60_03_012,test,fault_60_03,3,12,0.6,基于机器学习和新闻文本的原油期货资产配置研究_钟浩.pdf,P0010,live_normal,Keff678b299227ecddcbf4d17f7660b95ad60c101672d17ba7b273738c73df3c0,2,complete,0.0,0,0,0,0,1ae98156-f83d-4d4c-a770-84e623a9ee09,2026-10-02T10:17:09.093459+00:00,True
fault_60_03_013,test,fault_60_03,3,13,0.6,信息熵在机器学习算法中的运用_张璐瑶.pdf,P0012,live_normal,K9455b6d7518a5c36d827b4348e81a09fdcc5e5fe003e877bc05bb7eb138eca2f,2,complete,0.0,0,0,0,0,4883d8af-7bbc-41fe-8dec-391ee552f399,2026-10-02T10:17:09.949171+00:00,True
fault_60_03_014,test,fault_60_03,3,14,0.6,基于机器学习和新闻文本的原油期货资产配置研究_钟浩.pdf,P0010,live_normal,Keff678b299227ecddcbf4d17f7660b95ad60c101672d17ba7b273738c73df3c0,2,complete,0.0,0,0,0,0,086c3793-8c3e-470c-9c0b-ebd494183abd,2026-10-02T10:17:10.798882+00:00,True
fault_60_03_015,test,fault_60_03,3,15,0.6,基于机器学习算法的黑色系期货价格预测_郭梓晗.pdf,P0015,live_normal,K5a3b1a850e68e1179ffaab8a8182196b1d087696ef52257a0a6ffad347030b14,2,complete,0.0,0,0,0,0,e2ab30cd-3e0d-46ec-950d-c35c975a30d3,2026-10-02T10:17:11.657176+00:00,True
fault_60_03_016,test,fault_60_03,3,16,0.6,气候金融背景下的气温衍生品定价研究——基于机器学习算法_杨刚.pdf,P0004,live_normal,K9270f70913c0acef9bfc8848ba83f8d9b692f8ab4f838c7fb64aaa248fe849fb,2,complete,0.0,0,0,0,0,39b06f94-6abd-4ee7-9990-9fa52573d156,2026-10-02T10:17:12.647608+00:00,True
fault_60_03_017,test,fault_60_03,3,17,0.6,基于机器学习和新闻文本的原油期货资产配置研究_钟浩.pdf,P0010,live_normal,Keff678b299227ecddcbf4d17f7660b95ad60c101672d17ba7b273738c73df3c0,2,complete,0.0,0,0,0,0,d962aabe-354d-4120-b625-d3cc141f9dd9,2026-10-02T10:17:13.629277+00:00,True
fault_60_03_018,test,fault_60_03,3,18,0.6,基于机器学习和新闻文本的原油期货资产配置研究_钟浩.pdf,P0010,live_corrupted,K1014db88ff2f746e680e4a644febc1cd7c42811b0164ed5587902cfcc05b02f5,0,incomplete,0.5,1,0,0,0,6f72fc68-bda0-41fe-a742-f59d2ed800c3,2026-10-02T10:17:14.355566+00:00,True
fault_60_03_019,test,fault_60_03,3,19,0.6,气候金融背景下的气温衍生品定价研究——基于机器学习算法_杨刚.pdf,P0005,live_normal,K49cf5919474d41c8f7083ab6cb64a02560857ee3d54409accfc8538f21abb419,2,complete,0.0,0,0,0,0,e29ab40e-22ea-4007-a32c-76e4b540c05a,2026-10-02T10:17:15.007716+00:00,True
fault_60_03_020,test,fault_60_03,3,20,0.6,信息熵在机器学习算法中的运用_张璐瑶.pdf,P0012,live_normal,K9455b6d7518a5c36d827b4348e81a09fdcc5e5fe003e877bc05bb7eb138eca2f,2,complete,0.0,0,0,0,0,a0150879-f869-480f-a0f1-5521c1fe8112,2026-10-02T10:17:15.544352+00:00,True
fault_60_03_021,test,fault_60_03,3,21,0.6,气候金融背景下的气温衍生品定价研究——基于机器学习算法_杨刚.pdf,P0004,live_normal,K9270f70913c0acef9bfc8848ba83f8d9b692f8ab4f838c7fb64aaa248fe849fb,2,complete,0.0,0,0,0,0,7382faba-dcf4-4f4d-b7bb-e806e2d22a2f,2026-10-02T10:17:16.056452+00:00,True
fault_60_03_022,test,fault_60_03,3,22,0.6,基于机器学习和新闻文本的原油期货资产配置研究_钟浩.pdf,P0010,live_normal,Keff678b299227ecddcbf4d17f7660b95ad60c101672d17ba7b273738c73df3c0,2,complete,0.0,0,0,0,0,54e00b49-d27d-4d5c-8ecf-fb6ce7602028,2026-10-02T10:17:16.989445+00:00,True
fault_60_03_023,test,fault_60_03,3,23,0.6,气候金融背景下的气温衍生品定价研究——基于机器学习算法_杨刚.pdf,P0004,live_corrupted,K4326fbb2d82bfb9f29a6e44c9ae0457139800ba8b2cd48da44c1e615f81dc7c2,0,incomplete,0.5,1,0,0,0,3fc286a6-73db-41a2-b1c9-74ae21cada45,2026-10-02T10:17:17.439988+00:00,True
fault_60_03_024,test,fault_60_03,3,24,0.6,气候金融背景下的气温衍生品定价研究——基于机器学习算法_杨刚.pdf,P0005,live_corrupted,K876ff7a0c74888ab52b31888a29dbcac5e4154c971477e192b8070fc0f221073,0,incomplete,0.3333333333333333,1,0,0,0,ef9f9483-a826-478f-b2e3-f7afbc2d3228,2026-10-02T10:17:18.119524+00:00,True
fault_60_03_025,test,fault_60_03,3,25,0.6,信息熵在机器学习算法中的运用_张璐瑶.pdf,P0012,live_corrupted,K9a0ef644e19dad102165caa70891b942c3d55d0685016c99c0efba8aff8570b9,0,incomplete,0.5,1,0,0,0,6a90335c-8e1e-4aa9-8175-8fda37b6d6ec,2026-10-02T10:17:19.085671+00:00,True
fault_60_03_026,test,fault_60_03,3,26,0.6,气候金融背景下的气温衍生品定价研究——基于机器学习算法_杨刚.pdf,P0004,live_normal,K9270f70913c0acef9bfc8848ba83f8d9b692f8ab4f838c7fb64aaa248fe849fb,2,complete,0.0,0,0,0,0,1031570f-72ff-45ff-93d6-8c3926e41f9e,2026-10-02T10:17:19.599459+00:00,True
fault_60_03_027,test,fault_60_03,3,27,0.6,气候金融背景下的气温衍生品定价研究——基于机器学习算法_杨刚.pdf,P0004,live_normal,K9270f70913c0acef9bfc8848ba83f8d9b692f8ab4f838c7fb64aaa248fe849fb,2,complete,0.0,0,0,0,0,ed959c3e-9f63-4042-a85a-6347177ba881,2026-10-02T10:17:20.143580+00:00,True
fault_60_03_028,test,fault_60_03,3,28,0.6,信息熵在机器学习算法中的运用_张璐瑶.pdf,P0012,live_corrupted,K9a0ef644e19dad102165caa70891b942c3d55d0685016c99c0efba8aff8570b9,0,incomplete,0.5,1,0,0,0,442894b5-8867-447c-8fc2-9831cf4e6b49,2026-10-02T10:17:20.878098+00:00,True
fault_60_03_029,test,fault_60_03,3,29,0.6,信息熵在机器学习算法中的运用_张璐瑶.pdf,P0012,live_corrupted,K9a0ef644e19dad102165caa70891b942c3d55d0685016c99c0efba8aff8570b9,0,incomplete,0.5,1,0,0,0,7bd1794e-8d65-45d1-ab1c-dcefedd18a21,2026-10-02T10:17:21.515144+00:00,True
fault_60_03_030,test,fault_60_03,3,30,0.6,基于机器学习算法的黑色系期货价格预测_郭梓晗.pdf,P0015,live_corrupted,K38fb6ee734eea60c4050e432635f6c4ead95c3e0e37acb1bb3460039c89e60c3,0,incomplete,0.5,1,0,0,0,e8a612b4-b960-4c12-ac9e-5e6e00c27523,2026-10-02T10:17:22.325141+00:00,True
fault_60_03_031,test,fault_60_03,3,31,0.6,基于机器学习算法的黑色系期货价格预测_郭梓晗.pdf,P0015,live_corrupted,K38fb6ee734eea60c4050e432635f6c4ead95c3e0e37acb1bb3460039c89e60c3,0,incomplete,0.5,1,0,0,0,05a680a1-7ba7-4a83-b88f-983a2e7f8e2b,2026-10-02T10:17:22.965644+00:00,True
fault_60_03_032,test,fault_60_03,3,32,0.6,基于机器学习算法的黑色系期货价格预测_郭梓晗.pdf,P0015,live_corrupted,K38fb6ee734eea60c4050e432635f6c4ead95c3e0e37acb1bb3460039c89e60c3,0,incomplete,0.5,1,0,0,0,5b1361ef-3352-48ce-8a8d-637e8bb3e2f0,2026-10-02T10:17:23.843525+00:00,True
fault_60_03_033,test,fault_60_03,3,33,0.6,基于机器学习算法的黑色系期货价格预测_郭梓晗.pdf,P0015,live_normal,K5a3b1a850e68e1179ffaab8a8182196b1d087696ef52257a0a6ffad347030b14,2,complete,0.0,0,0,0,0,fd562cad-6dff-4a56-8a80-5abc8bbe9b1b,2026-10-02T10:17:24.278067+00:00,True
fault_60_03_034,test,fault_60_03,3,34,0.6,气候金融背景下的气温衍生品定价研究——基于机器学习算法_杨刚.pdf,P0004,live_corrupted,K4326fbb2d82bfb9f29a6e44c9ae0457139800ba8b2cd48da44c1e615f81dc7c2,0,incomplete,0.5,1,0,0,0,a534819a-6aa3-4bd9-a62d-38e4cb2a6b0c,2026-10-02T10:17:25.142180+00:00,True
fault_60_03_035,test,fault_60_03,3,35,0.6,基于机器学习和新闻文本的原油期货资产配置研究_钟浩.pdf,P0010,live_corrupted,K1014db88ff2f746e680e4a644febc1cd7c42811b0164ed5587902cfcc05b02f5,0,incomplete,0.5,1,0,0,0,181d5036-003e-47ee-9bad-6c2447c98830,2026-10-02T10:17:25.820879+00:00,True
fault_60_03_036,test,fault_60_03,3,36,0.6,信息熵在机器学习算法中的运用_张璐瑶.pdf,P0012,live_corrupted,K9a0ef644e19dad102165caa70891b942c3d55d0685016c99c0efba8aff8570b9,0,incomplete,0.5,1,0,0,0,45d58442-86c8-41ac-b9f8-a34b75b6510c,2026-10-02T10:17:26.367933+00:00,True
fault_60_03_037,test,fault_60_03,3,37,0.6,基于机器学习和新闻文本的原油期货资产配置研究_钟浩.pdf,P0010,live_normal,Keff678b299227ecddcbf4d17f7660b95ad60c101672d17ba7b273738c73df3c0,2,complete,0.0,0,0,0,0,713581f6-ddef-4f4f-9c4d-fe34c333b9de,2026-10-02T10:17:27.295390+00:00,True
fault_60_03_038,test,fault_60_03,3,38,0.6,基于机器学习和新闻文本的原油期货资产配置研究_钟浩.pdf,P0010,live_corrupted,K4af079210612be1e666690b2099486696e2e98f06b8ed554b48fda6f611d973d,0,incomplete,0.5,1,0,0,0,fee6867b-31b0-4e4d-87dc-4d3ef33b245a,2026-10-02T10:17:28.081577+00:00,True
fault_60_03_039,test,fault_60_03,3,39,0.6,气候金融背景下的气温衍生品定价研究——基于机器学习算法_杨刚.pdf,P0005,live_corrupted,Kbb697191e483d0bea78be7ee72904aaa773c7da8956c4d27224dbf776646ee0b,0,incomplete,0.3333333333333333,1,0,0,0,fb0727a1-79dc-4341-9457-ef07b18d7939,2026-10-02T10:17:28.810893+00:00,True
fault_60_03_040,test,fault_60_03,3,40,0.6,信息熵在机器学习算法中的运用_张璐瑶.pdf,P0012,live_corrupted,K9a0ef644e19dad102165caa70891b942c3d55d0685016c99c0efba8aff8570b9,0,incomplete,0.5,1,0,0,0,b63e301a-25b7-45b3-be8c-8aefb904c161,2026-10-02T10:17:29.614196+00:00,True
fault_60_04_001,test,fault_60_04,4,1,0.6,信息熵在机器学习算法中的运用_张璐瑶.pdf,P0012,live_normal,K9455b6d7518a5c36d827b4348e81a09fdcc5e5fe003e877bc05bb7eb138eca2f,2,complete,0.0,0,0,0,0,2062e88a-1a35-4f15-aaca-e69e37dbb22b,2026-10-02T10:14:00.950320+00:00,False
fault_60_04_002,test,fault_60_04,4,2,0.6,基于机器学习和新闻文本的原油期货资产配置研究_钟浩.pdf,P0010,live_normal,Keff678b299227ecddcbf4d17f7660b95ad60c101672d17ba7b273738c73df3c0,2,complete,0.0,0,0,0,0,c2ccbddd-6b85-4f6b-873e-7dc56f4a03db,2026-10-02T10:14:08.264582+00:00,False
fault_60_04_003,test,fault_60_04,4,3,0.6,基于机器学习和新闻文本的原油期货资产配置研究_钟浩.pdf,P0010,live_normal,Keff678b299227ecddcbf4d17f7660b95ad60c101672d17ba7b273738c73df3c0,2,complete,0.0,0,0,0,0,ac441df1-79ce-4467-81e7-318780248ab6,2026-10-02T10:14:09.406714+00:00,True
fault_60_04_004,test,fault_60_04,4,4,0.6,信息熵在机器学习算法中的运用_张璐瑶.pdf,P0012,live_normal,K9455b6d7518a5c36d827b4348e81a09fdcc5e5fe003e877bc05bb7eb138eca2f,2,complete,0.0,0,0,0,0,ed3a8e51-eccd-42a4-98cc-1b9308de5355,2026-10-02T10:14:10.278712+00:00,True
fault_60_04_005,test,fault_60_04,4,5,0.6,气候金融背景下的气温衍生品定价研究——基于机器学习算法_杨刚.pdf,P0005,live_normal,Kf3ea2a47d88a646e6f2b6eb9185ca4261c1ea08aacbe7bea23189551f42130a6,2,complete,0.0,0,0,0,0,790a85cf-5b88-4c49-be3f-f6266634dd9d,2026-10-02T10:14:16.929367+00:00,True
fault_60_04_006,test,fault_60_04,4,6,0.6,信息熵在机器学习算法中的运用_张璐瑶.pdf,P0012,live_normal,K9455b6d7518a5c36d827b4348e81a09fdcc5e5fe003e877bc05bb7eb138eca2f,2,complete,0.0,0,0,0,0,2fc2b248-0678-4104-ae90-20e2b85cb8ef,2026-10-02T10:14:17.550698+00:00,True
fault_60_04_007,test,fault_60_04,4,7,0.6,基于机器学习算法的黑色系期货价格预测_郭梓晗.pdf,P0015,live_normal,K02bb1dc42b9bf68b5351b568c548ebc99723d1e35095ee7c9bf1c7a874a360ed,2,complete,0.0,0,0,0,0,0afc4533-c3f3-41bc-ad0f-266f9a8f8fec,2026-10-02T10:14:24.250944+00:00,False
fault_60_04_008,test,fault_60_04,4,8,0.6,气候金融背景下的气温衍生品定价研究——基于机器学习算法_杨刚.pdf,P0004,live_normal,K9270f70913c0acef9bfc8848ba83f8d9b692f8ab4f838c7fb64aaa248fe849fb,2,complete,0.0,0,0,0,0,39fe48b6-b1df-4a6a-86e7-bd05c390eed8,2026-10-02T10:14:24.702116+00:00,True
fault_60_04_009,test,fault_60_04,4,9,0.6,信息熵在机器学习算法中的运用_张璐瑶.pdf,P0012,live_normal,K9455b6d7518a5c36d827b4348e81a09fdcc5e5fe003e877bc05bb7eb138eca2f,2,complete,0.0,0,0,0,0,21cf7022-b8a9-4a4b-91af-cd8d43bfbd52,2026-10-02T10:14:25.580715+00:00,True
fault_60_04_010,test,fault_60_04,4,10,0.6,基于机器学习和新闻文本的原油期货资产配置研究_钟浩.pdf,P0010,live_normal,Keff678b299227ecddcbf4d17f7660b95ad60c101672d17ba7b273738c73df3c0,2,complete,0.0,0,0,0,0,5857b421-b531-447b-94be-74f0689aa403,2026-10-02T10:14:26.428447+00:00,True
fault_60_04_011,test,fault_60_04,4,11,0.6,气候金融背景下的气温衍生品定价研究——基于机器学习算法_杨刚.pdf,P0005,live_normal,Kf3ea2a47d88a646e6f2b6eb9185ca4261c1ea08aacbe7bea23189551f42130a6,2,complete,0.0,0,0,0,0,0b82e2fe-e767-4231-80cf-e94780239a1c,2026-10-02T10:14:26.949464+00:00,True
fault_60_04_012,test,fault_60_04,4,12,0.6,基于机器学习算法的黑色系期货价格预测_郭梓晗.pdf,P0015,live_normal,K5a3b1a850e68e1179ffaab8a8182196b1d087696ef52257a0a6ffad347030b14,2,complete,0.0,0,0,0,0,1bd3a6a3-de41-4b58-98b6-b6011061fc99,2026-10-02T10:14:27.812406+00:00,True
fault_60_04_013,test,fault_60_04,4,13,0.6,信息熵在机器学习算法中的运用_张璐瑶.pdf,P0012,live_normal,K9455b6d7518a5c36d827b4348e81a09fdcc5e5fe003e877bc05bb7eb138eca2f,2,complete,0.0,0,0,0,0,5de5f46d-5aa0-4829-8eec-331e7d3c130c,2026-10-02T10:14:28.387732+00:00,True
fault_60_04_014,test,fault_60_04,4,14,0.6,气候金融背景下的气温衍生品定价研究——基于机器学习算法_杨刚.pdf,P0004,live_normal,K9270f70913c0acef9bfc8848ba83f8d9b692f8ab4f838c7fb64aaa248fe849fb,2,complete,0.0,0,0,0,0,d6016055-230c-47c7-89f6-a22d130009f9,2026-10-02T10:14:29.270414+00:00,True
fault_60_04_015,test,fault_60_04,4,15,0.6,基于机器学习算法的黑色系期货价格预测_郭梓晗.pdf,P0015,live_normal,K5a3b1a850e68e1179ffaab8a8182196b1d087696ef52257a0a6ffad347030b14,2,complete,0.0,0,0,0,0,05a4015a-72e8-4572-8de4-ff945ebfb8c7,2026-10-02T10:14:29.655510+00:00,True
fault_60_04_016,test,fault_60_04,4,16,0.6,基于机器学习和新闻文本的原油期货资产配置研究_钟浩.pdf,P0010,live_normal,Keff678b299227ecddcbf4d17f7660b95ad60c101672d17ba7b273738c73df3c0,2,complete,0.0,0,0,0,0,783944ec-1ec2-4bc5-8ad5-dd7fbef16ba7,2026-10-02T10:14:30.222633+00:00,True
fault_60_04_017,test,fault_60_04,4,17,0.6,气候金融背景下的气温衍生品定价研究——基于机器学习算法_杨刚.pdf,P0004,live_corrupted,K4326fbb2d82bfb9f29a6e44c9ae0457139800ba8b2cd48da44c1e615f81dc7c2,0,incomplete,0.5,1,0,0,0,8030ef7d-cd3d-4348-b309-b8a498e7b2f9,2026-10-02T10:14:37.301605+00:00,False
fault_60_04_018,test,fault_60_04,4,18,0.6,基于机器学习和新闻文本的原油期货资产配置研究_钟浩.pdf,P0010,live_corrupted,K1014db88ff2f746e680e4a644febc1cd7c42811b0164ed5587902cfcc05b02f5,0,incomplete,0.5,1,0,0,0,2cd562e9-a167-445d-8d98-aa48a2de4d46,2026-10-02T10:14:44.322150+00:00,False
fault_60_04_019,test,fault_60_04,4,19,0.6,基于机器学习算法的黑色系期货价格预测_郭梓晗.pdf,P0015,live_normal,K5a3b1a850e68e1179ffaab8a8182196b1d087696ef52257a0a6ffad347030b14,2,complete,0.0,0,0,0,0,d1583437-54eb-4ef0-9540-c3542e5cf481,2026-10-02T10:14:45.206458+00:00,True
fault_60_04_020,test,fault_60_04,4,20,0.6,基于机器学习和新闻文本的原油期货资产配置研究_钟浩.pdf,P0010,live_corrupted,K1014db88ff2f746e680e4a644febc1cd7c42811b0164ed5587902cfcc05b02f5,0,incomplete,0.5,1,0,0,0,5b2607bd-0525-40e2-b0b1-3f9ae59529fa,2026-10-02T10:14:46.089921+00:00,True
fault_60_04_021,test,fault_60_04,4,21,0.6,基于机器学习算法的黑色系期货价格预测_郭梓晗.pdf,P0015,live_corrupted,K38fb6ee734eea60c4050e432635f6c4ead95c3e0e37acb1bb3460039c89e60c3,0,incomplete,0.5,1,0,0,0,4ef1c5f4-659a-47c9-bd21-7d90e88aac6f,2026-10-02T10:14:53.244322+00:00,False
fault_60_04_022,test,fault_60_04,4,22,0.6,信息熵在机器学习算法中的运用_张璐瑶.pdf,P0012,live_corrupted,K9a0ef644e19dad102165caa70891b942c3d55d0685016c99c0efba8aff8570b9,0,incomplete,0.5,1,0,0,0,2e48cc56-5329-45b2-8057-e37b4a1ffc49,2026-10-02T10:15:00.693967+00:00,False
fault_60_04_023,test,fault_60_04,4,23,0.6,气候金融背景下的气温衍生品定价研究——基于机器学习算法_杨刚.pdf,P0004,live_corrupted,K4326fbb2d82bfb9f29a6e44c9ae0457139800ba8b2cd48da44c1e615f81dc7c2,0,incomplete,0.5,1,0,0,0,de94d6db-4188-4ecc-b5dc-6a50b903b3cc,2026-10-02T10:15:01.172020+00:00,True
fault_60_04_024,test,fault_60_04,4,24,0.6,信息熵在机器学习算法中的运用_张璐瑶.pdf,P0012,live_corrupted,Kc675ad8413113ee64a95c4f02c0fc0236e6bfa865f78ee43b8c524875dce8767,0,incomplete,0.5,1,0,0,0,f397b406-5996-4ca3-8717-42a3657ac1b6,2026-10-02T10:15:08.530511+00:00,False
fault_60_04_025,test,fault_60_04,4,25,0.6,基于机器学习算法的黑色系期货价格预测_郭梓晗.pdf,P0015,live_corrupted,K38fb6ee734eea60c4050e432635f6c4ead95c3e0e37acb1bb3460039c89e60c3,0,incomplete,0.5,1,0,0,0,c42b0348-4913-47dc-865e-ce310fd6665d,2026-10-02T10:15:09.475424+00:00,True
fault_60_04_026,test,fault_60_04,4,26,0.6,基于机器学习和新闻文本的原油期货资产配置研究_钟浩.pdf,P0010,live_normal,Keff678b299227ecddcbf4d17f7660b95ad60c101672d17ba7b273738c73df3c0,2,complete,0.0,0,0,0,0,4ca0de9a-b2c5-443b-8863-b5d3ff042303,2026-10-02T10:15:10.415014+00:00,True
fault_60_04_027,test,fault_60_04,4,27,0.6,气候金融背景下的气温衍生品定价研究——基于机器学习算法_杨刚.pdf,P0005,live_corrupted,K876ff7a0c74888ab52b31888a29dbcac5e4154c971477e192b8070fc0f221073,0,incomplete,0.3333333333333333,1,0,0,0,7bf51e23-4035-468e-baeb-00aa206e217d,2026-10-02T10:15:19.662436+00:00,False
fault_60_04_028,test,fault_60_04,4,28,0.6,基于机器学习和新闻文本的原油期货资产配置研究_钟浩.pdf,P0010,live_corrupted,K1014db88ff2f746e680e4a644febc1cd7c42811b0164ed5587902cfcc05b02f5,0,incomplete,0.5,1,0,0,0,dcf4daba-29ea-449d-b906-2e012eb34a26,2026-10-02T10:15:20.635924+00:00,True
fault_60_04_029,test,fault_60_04,4,29,0.6,信息熵在机器学习算法中的运用_张璐瑶.pdf,P0012,live_normal,K9455b6d7518a5c36d827b4348e81a09fdcc5e5fe003e877bc05bb7eb138eca2f,2,complete,0.0,0,0,0,0,45d909ae-01eb-4d43-9ed0-06bd9dd77d14,2026-10-02T10:15:21.570888+00:00,True
fault_60_04_030,test,fault_60_04,4,30,0.6,基于机器学习和新闻文本的原油期货资产配置研究_钟浩.pdf,P0010,live_corrupted,K4af079210612be1e666690b2099486696e2e98f06b8ed554b48fda6f611d973d,0,incomplete,0.5,1,0,0,0,33d07cdb-6ee5-4e2d-b3f2-21b7fec5612c,2026-10-02T10:15:29.029567+00:00,False
fault_60_04_031,test,fault_60_04,4,31,0.6,基于机器学习和新闻文本的原油期货资产配置研究_钟浩.pdf,P0010,live_normal,K4a0fc1c7c1a21e26b7395a3eba3ded8f8c54d02fce65bb132a5d9d78b2f80326,2,complete,0.0,0,0,0,0,b6f6a806-7aac-41a7-bfb9-0ba663897c76,2026-10-02T10:15:29.483917+00:00,True
fault_60_04_032,test,fault_60_04,4,32,0.6,基于机器学习算法的黑色系期货价格预测_郭梓晗.pdf,P0015,live_corrupted,K38fb6ee734eea60c4050e432635f6c4ead95c3e0e37acb1bb3460039c89e60c3,0,incomplete,0.5,1,0,0,0,0bb48627-d3a6-422c-a9f6-7a759c8dd855,2026-10-02T10:15:30.089846+00:00,True
fault_60_04_033,test,fault_60_04,4,33,0.6,基于机器学习算法的黑色系期货价格预测_郭梓晗.pdf,P0015,live_normal,K5a3b1a850e68e1179ffaab8a8182196b1d087696ef52257a0a6ffad347030b14,2,complete,0.0,0,0,0,0,81dea6bd-1bf4-4314-b5d3-1d67ea060d77,2026-10-02T10:15:30.672114+00:00,True
fault_60_04_034,test,fault_60_04,4,34,0.6,基于机器学习和新闻文本的原油期货资产配置研究_钟浩.pdf,P0010,live_corrupted,K4af079210612be1e666690b2099486696e2e98f06b8ed554b48fda6f611d973d,0,incomplete,0.5,1,0,0,0,90ae9fee-f489-45b5-bb4d-b5abb7ea2a63,2026-10-02T10:15:31.697671+00:00,True
fault_60_04_035,test,fault_60_04,4,35,0.6,气候金融背景下的气温衍生品定价研究——基于机器学习算法_杨刚.pdf,P0004,live_normal,K9270f70913c0acef9bfc8848ba83f8d9b692f8ab4f838c7fb64aaa248fe849fb,2,complete,0.0,0,0,0,0,5e7ffd93-44a8-43ee-b7c6-39248e7e572a,2026-10-02T10:15:32.305703+00:00,True
fault_60_04_036,test,fault_60_04,4,36,0.6,基于机器学习和新闻文本的原油期货资产配置研究_钟浩.pdf,P0010,live_normal,Keff678b299227ecddcbf4d17f7660b95ad60c101672d17ba7b273738c73df3c0,2,complete,0.0,0,0,0,0,e348d41b-4ee4-47d3-b08d-03176727b748,2026-10-02T10:15:33.105614+00:00,True
fault_60_04_037,test,fault_60_04,4,37,0.6,气候金融背景下的气温衍生品定价研究——基于机器学习算法_杨刚.pdf,P0004,live_normal,K9270f70913c0acef9bfc8848ba83f8d9b692f8ab4f838c7fb64aaa248fe849fb,2,complete,0.0,0,0,0,0,55616c19-4c7d-4e68-a324-1c1762d80288,2026-10-02T10:15:34.076794+00:00,True
fault_60_04_038,test,fault_60_04,4,38,0.6,基于机器学习和新闻文本的原油期货资产配置研究_钟浩.pdf,P0010,live_normal,Keff678b299227ecddcbf4d17f7660b95ad60c101672d17ba7b273738c73df3c0,2,complete,0.0,0,0,0,0,891f617d-ba64-492e-8ed4-314ae521cce0,2026-10-02T10:15:34.775382+00:00,True
fault_60_04_039,test,fault_60_04,4,39,0.6,基于机器学习算法的黑色系期货价格预测_郭梓晗.pdf,P0015,live_normal,K5a3b1a850e68e1179ffaab8a8182196b1d087696ef52257a0a6ffad347030b14,2,complete,0.0,0,0,0,0,92287b75-3096-4c39-aa8d-3d5c694f7520,2026-10-02T10:15:35.703730+00:00,True
fault_60_04_040,test,fault_60_04,4,40,0.6,基于机器学习算法的黑色系期货价格预测_郭梓晗.pdf,P0015,live_corrupted,K38fb6ee734eea60c4050e432635f6c4ead95c3e0e37acb1bb3460039c89e60c3,0,incomplete,0.5,1,0,0,0,5dba28a7-06a7-4462-888f-f8eb83dee7e2,2026-10-02T10:15:36.368071+00:00,True
fault_60_05_001,test,fault_60_05,5,1,0.6,基于机器学习算法的黑色系期货价格预测_郭梓晗.pdf,P0015,live_normal,K5a3b1a850e68e1179ffaab8a8182196b1d087696ef52257a0a6ffad347030b14,2,complete,0.0,0,0,0,0,78009f80-a08a-46bd-9b43-80b50a4b51e7,2026-10-02T10:17:56.638583+00:00,True
fault_60_05_002,test,fault_60_05,5,2,0.6,基于机器学习算法的黑色系期货价格预测_郭梓晗.pdf,P0015,live_normal,K5a3b1a850e68e1179ffaab8a8182196b1d087696ef52257a0a6ffad347030b14,2,complete,0.0,0,0,0,0,74442cb3-4c8b-4ae3-abe8-2a3820944026,2026-10-02T10:17:57.168376+00:00,True
fault_60_05_003,test,fault_60_05,5,3,0.6,气候金融背景下的气温衍生品定价研究——基于机器学习算法_杨刚.pdf,P0005,live_normal,Kf3ea2a47d88a646e6f2b6eb9185ca4261c1ea08aacbe7bea23189551f42130a6,2,complete,0.0,0,0,0,0,98e8221d-f818-436f-9389-c650f270f703,2026-10-02T10:17:57.616062+00:00,True
fault_60_05_004,test,fault_60_05,5,4,0.6,气候金融背景下的气温衍生品定价研究——基于机器学习算法_杨刚.pdf,P0004,live_normal,K9270f70913c0acef9bfc8848ba83f8d9b692f8ab4f838c7fb64aaa248fe849fb,2,complete,0.0,0,0,0,0,34d5d0ec-931b-423b-a63d-3c45e76622ac,2026-10-02T10:17:58.216735+00:00,True
fault_60_05_005,test,fault_60_05,5,5,0.6,气候金融背景下的气温衍生品定价研究——基于机器学习算法_杨刚.pdf,P0005,live_normal,K49cf5919474d41c8f7083ab6cb64a02560857ee3d54409accfc8538f21abb419,2,complete,0.0,0,0,0,0,ce30f84d-8b3e-4ffb-9fe5-4947e4a7fa92,2026-10-02T10:17:58.877396+00:00,True
fault_60_05_006,test,fault_60_05,5,6,0.6,信息熵在机器学习算法中的运用_张璐瑶.pdf,P0012,live_normal,K9455b6d7518a5c36d827b4348e81a09fdcc5e5fe003e877bc05bb7eb138eca2f,2,complete,0.0,0,0,0,0,b21991d2-724d-4175-b483-3339e048165a,2026-10-02T10:17:59.409327+00:00,True
fault_60_05_007,test,fault_60_05,5,7,0.6,基于机器学习算法的黑色系期货价格预测_郭梓晗.pdf,P0015,live_normal,K5a3b1a850e68e1179ffaab8a8182196b1d087696ef52257a0a6ffad347030b14,2,complete,0.0,0,0,0,0,93c08890-4621-44ec-a2cc-1f5fec86da38,2026-10-02T10:17:59.959539+00:00,True
fault_60_05_008,test,fault_60_05,5,8,0.6,基于机器学习算法的黑色系期货价格预测_郭梓晗.pdf,P0015,live_normal,K5a3b1a850e68e1179ffaab8a8182196b1d087696ef52257a0a6ffad347030b14,2,complete,0.0,0,0,0,0,9d72515c-c795-4fa6-b708-9d2ad716ca1d,2026-10-02T10:18:00.672663+00:00,True
fault_60_05_009,test,fault_60_05,5,9,0.6,气候金融背景下的气温衍生品定价研究——基于机器学习算法_杨刚.pdf,P0004,live_normal,K9270f70913c0acef9bfc8848ba83f8d9b692f8ab4f838c7fb64aaa248fe849fb,2,complete,0.0,0,0,0,0,dddddc98-d6e1-4793-8073-ad1e353631e0,2026-10-02T10:18:01.387063+00:00,True
fault_60_05_010,test,fault_60_05,5,10,0.6,气候金融背景下的气温衍生品定价研究——基于机器学习算法_杨刚.pdf,P0005,live_normal,Kf3ea2a47d88a646e6f2b6eb9185ca4261c1ea08aacbe7bea23189551f42130a6,2,complete,0.0,0,0,0,0,52357f38-82e7-417d-9f45-11b8adf5e63a,2026-10-02T10:18:02.091667+00:00,True
fault_60_05_011,test,fault_60_05,5,11,0.6,气候金融背景下的气温衍生品定价研究——基于机器学习算法_杨刚.pdf,P0004,live_normal,K9270f70913c0acef9bfc8848ba83f8d9b692f8ab4f838c7fb64aaa248fe849fb,2,complete,0.0,0,0,0,0,b5f987dc-920a-45d8-8bbb-929801e98138,2026-10-02T10:18:02.555770+00:00,True
fault_60_05_012,test,fault_60_05,5,12,0.6,基于机器学习和新闻文本的原油期货资产配置研究_钟浩.pdf,P0010,live_normal,Keff678b299227ecddcbf4d17f7660b95ad60c101672d17ba7b273738c73df3c0,2,complete,0.0,0,0,0,0,3682799b-5814-486c-b49f-f19774c91095,2026-10-02T10:18:03.524077+00:00,True
fault_60_05_013,test,fault_60_05,5,13,0.6,气候金融背景下的气温衍生品定价研究——基于机器学习算法_杨刚.pdf,P0005,live_normal,K49cf5919474d41c8f7083ab6cb64a02560857ee3d54409accfc8538f21abb419,2,complete,0.0,0,0,0,0,6c151912-0664-4ac2-9757-f5d9ca458af8,2026-10-02T10:18:04.387999+00:00,True
fault_60_05_014,test,fault_60_05,5,14,0.6,基于机器学习算法的黑色系期货价格预测_郭梓晗.pdf,P0015,live_normal,K5a3b1a850e68e1179ffaab8a8182196b1d087696ef52257a0a6ffad347030b14,2,complete,0.0,0,0,0,0,5acfd8e9-a05d-4c22-930b-b92982168ed5,2026-10-02T10:18:05.197325+00:00,True
fault_60_05_015,test,fault_60_05,5,15,0.6,信息熵在机器学习算法中的运用_张璐瑶.pdf,P0012,live_normal,K9455b6d7518a5c36d827b4348e81a09fdcc5e5fe003e877bc05bb7eb138eca2f,2,complete,0.0,0,0,0,0,f2fad337-ff62-4a0e-a5dc-c5ab554ffb11,2026-10-02T10:18:06.143302+00:00,True
fault_60_05_016,test,fault_60_05,5,16,0.6,基于机器学习算法的黑色系期货价格预测_郭梓晗.pdf,P0015,live_normal,K5a3b1a850e68e1179ffaab8a8182196b1d087696ef52257a0a6ffad347030b14,2,complete,0.0,0,0,0,0,cf9038ab-952a-4d8a-986f-711b6d87f960,2026-10-02T10:18:06.520298+00:00,True
fault_60_05_017,test,fault_60_05,5,17,0.6,基于机器学习算法的黑色系期货价格预测_郭梓晗.pdf,P0015,live_corrupted,K38fb6ee734eea60c4050e432635f6c4ead95c3e0e37acb1bb3460039c89e60c3,0,incomplete,0.5,1,0,0,0,8d32b747-c177-4016-abe2-8f5f2bcb97d5,2026-10-02T10:18:07.359585+00:00,True
fault_60_05_018,test,fault_60_05,5,18,0.6,基于机器学习算法的黑色系期货价格预测_郭梓晗.pdf,P0015,live_corrupted,K38fb6ee734eea60c4050e432635f6c4ead95c3e0e37acb1bb3460039c89e60c3,0,incomplete,0.5,1,0,0,0,ddd0e0cb-6c81-49a0-b1fb-914cd0039e78,2026-10-02T10:18:08.006674+00:00,True
fault_60_05_019,test,fault_60_05,5,19,0.6,信息熵在机器学习算法中的运用_张璐瑶.pdf,P0012,live_normal,K9455b6d7518a5c36d827b4348e81a09fdcc5e5fe003e877bc05bb7eb138eca2f,2,complete,0.0,0,0,0,0,d7a11ada-d2a3-4395-b92c-a72047334618,2026-10-02T10:18:08.461663+00:00,True
fault_60_05_020,test,fault_60_05,5,20,0.6,气候金融背景下的气温衍生品定价研究——基于机器学习算法_杨刚.pdf,P0004,live_corrupted,K4326fbb2d82bfb9f29a6e44c9ae0457139800ba8b2cd48da44c1e615f81dc7c2,0,incomplete,0.5,1,0,0,0,c1104c8f-d434-4db5-9faf-788039465a92,2026-10-02T10:18:09.058002+00:00,True
fault_60_05_021,test,fault_60_05,5,21,0.6,基于机器学习算法的黑色系期货价格预测_郭梓晗.pdf,P0015,live_corrupted,K38fb6ee734eea60c4050e432635f6c4ead95c3e0e37acb1bb3460039c89e60c3,0,incomplete,0.5,1,0,0,0,8ef14867-1e2a-4c39-a008-9a605f8fed06,2026-10-02T10:18:09.625337+00:00,True
fault_60_05_022,test,fault_60_05,5,22,0.6,气候金融背景下的气温衍生品定价研究——基于机器学习算法_杨刚.pdf,P0005,live_corrupted,Kbb697191e483d0bea78be7ee72904aaa773c7da8956c4d27224dbf776646ee0b,0,incomplete,0.3333333333333333,1,0,0,0,95f7281c-34e9-4397-87d5-7496c5142ea6,2026-10-02T10:18:10.197519+00:00,True
fault_60_05_023,test,fault_60_05,5,23,0.6,气候金融背景下的气温衍生品定价研究——基于机器学习算法_杨刚.pdf,P0005,live_corrupted,Kbb697191e483d0bea78be7ee72904aaa773c7da8956c4d27224dbf776646ee0b,0,incomplete,0.3333333333333333,1,0,0,0,8d249fc4-a934-4199-b3a0-178ee6f0bace,2026-10-02T10:18:11.054354+00:00,True
fault_60_05_024,test,fault_60_05,5,24,0.6,气候金融背景下的气温衍生品定价研究——基于机器学习算法_杨刚.pdf,P0005,live_corrupted,K876ff7a0c74888ab52b31888a29dbcac5e4154c971477e192b8070fc0f221073,0,incomplete,0.3333333333333333,1,0,0,0,2a535c67-bda1-4fed-a994-e243aee5b44b,2026-10-02T10:18:11.884993+00:00,True
fault_60_05_025,test,fault_60_05,5,25,0.6,气候金融背景下的气温衍生品定价研究——基于机器学习算法_杨刚.pdf,P0005,live_normal,K49cf5919474d41c8f7083ab6cb64a02560857ee3d54409accfc8538f21abb419,2,complete,0.0,0,0,0,0,bd901a78-c214-4ec6-b2fb-469f9b4a0647,2026-10-02T10:18:12.551295+00:00,True
fault_60_05_026,test,fault_60_05,5,26,0.6,气候金融背景下的气温衍生品定价研究——基于机器学习算法_杨刚.pdf,P0004,live_corrupted,K4326fbb2d82bfb9f29a6e44c9ae0457139800ba8b2cd48da44c1e615f81dc7c2,0,incomplete,0.5,1,0,0,0,2373bbc0-cad1-40e2-8bee-52de002664a6,2026-10-02T10:18:13.186250+00:00,True
fault_60_05_027,test,fault_60_05,5,27,0.6,气候金融背景下的气温衍生品定价研究——基于机器学习算法_杨刚.pdf,P0005,live_normal,K49cf5919474d41c8f7083ab6cb64a02560857ee3d54409accfc8538f21abb419,2,complete,0.0,0,0,0,0,9bc0c6c5-6437-4146-91b2-5844fa22f9c4,2026-10-02T10:18:13.855320+00:00,True
fault_60_05_028,test,fault_60_05,5,28,0.6,基于机器学习和新闻文本的原油期货资产配置研究_钟浩.pdf,P0010,live_corrupted,K1014db88ff2f746e680e4a644febc1cd7c42811b0164ed5587902cfcc05b02f5,0,incomplete,0.5,1,0,0,0,41215882-fa37-4e42-84e0-d308bb7c5889,2026-10-02T10:18:14.448318+00:00,True
fault_60_05_029,test,fault_60_05,5,29,0.6,气候金融背景下的气温衍生品定价研究——基于机器学习算法_杨刚.pdf,P0005,live_corrupted,Kbb697191e483d0bea78be7ee72904aaa773c7da8956c4d27224dbf776646ee0b,0,incomplete,0.3333333333333333,1,0,0,0,10d4381c-a071-4f2d-bc3d-89a236bb2fa9,2026-10-02T10:18:15.277455+00:00,True
fault_60_05_030,test,fault_60_05,5,30,0.6,基于机器学习算法的黑色系期货价格预测_郭梓晗.pdf,P0015,live_corrupted,K38fb6ee734eea60c4050e432635f6c4ead95c3e0e37acb1bb3460039c89e60c3,0,incomplete,0.5,1,0,0,0,dfed3222-dbed-4a56-9b70-701dfcf4762e,2026-10-02T10:18:15.853470+00:00,True
fault_60_05_031,test,fault_60_05,5,31,0.6,信息熵在机器学习算法中的运用_张璐瑶.pdf,P0012,live_corrupted,K9a0ef644e19dad102165caa70891b942c3d55d0685016c99c0efba8aff8570b9,0,incomplete,0.5,1,0,0,0,41d349e3-53e2-41d7-aa69-54f346fe087f,2026-10-02T10:18:16.331771+00:00,True
fault_60_05_032,test,fault_60_05,5,32,0.6,基于机器学习和新闻文本的原油期货资产配置研究_钟浩.pdf,P0010,live_corrupted,K1014db88ff2f746e680e4a644febc1cd7c42811b0164ed5587902cfcc05b02f5,0,incomplete,0.5,1,0,0,0,bc033722-70a7-435e-96f4-ff4a461b46af,2026-10-02T10:18:17.203304+00:00,True
fault_60_05_033,test,fault_60_05,5,33,0.6,信息熵在机器学习算法中的运用_张璐瑶.pdf,P0012,live_corrupted,K9a0ef644e19dad102165caa70891b942c3d55d0685016c99c0efba8aff8570b9,0,incomplete,0.5,1,0,0,0,127eee2d-bb93-4c2f-b401-922ccc22ec94,2026-10-02T10:18:18.199476+00:00,True
fault_60_05_034,test,fault_60_05,5,34,0.6,信息熵在机器学习算法中的运用_张璐瑶.pdf,P0012,live_corrupted,K9a0ef644e19dad102165caa70891b942c3d55d0685016c99c0efba8aff8570b9,0,incomplete,0.5,1,0,0,0,995ef5f6-4867-44d9-82ca-f1b362d8fd96,2026-10-02T10:18:19.064016+00:00,True
fault_60_05_035,test,fault_60_05,5,35,0.6,基于机器学习和新闻文本的原油期货资产配置研究_钟浩.pdf,P0010,live_corrupted,K1014db88ff2f746e680e4a644febc1cd7c42811b0164ed5587902cfcc05b02f5,0,incomplete,0.5,1,0,0,0,78227fd0-0c0c-466c-a406-785ed0e40492,2026-10-02T10:18:19.516816+00:00,True
fault_60_05_036,test,fault_60_05,5,36,0.6,信息熵在机器学习算法中的运用_张璐瑶.pdf,P0012,live_corrupted,K9a0ef644e19dad102165caa70891b942c3d55d0685016c99c0efba8aff8570b9,0,incomplete,0.5,1,0,0,0,838f8477-60d8-4128-a82c-4b3bf6883f37,2026-10-02T10:18:20.386372+00:00,True
fault_60_05_037,test,fault_60_05,5,37,0.6,气候金融背景下的气温衍生品定价研究——基于机器学习算法_杨刚.pdf,P0005,live_corrupted,Kbb697191e483d0bea78be7ee72904aaa773c7da8956c4d27224dbf776646ee0b,0,incomplete,0.3333333333333333,1,0,0,0,8f3f1e37-dc41-4925-af34-99e1ea09a21b,2026-10-02T10:18:21.202713+00:00,True
fault_60_05_038,test,fault_60_05,5,38,0.6,气候金融背景下的气温衍生品定价研究——基于机器学习算法_杨刚.pdf,P0004,live_corrupted,K4326fbb2d82bfb9f29a6e44c9ae0457139800ba8b2cd48da44c1e615f81dc7c2,0,incomplete,0.5,1,0,0,0,0b71e872-d891-4591-8ffe-b6f4cfe5eb1a,2026-10-02T10:18:22.033199+00:00,True
fault_60_05_039,test,fault_60_05,5,39,0.6,基于机器学习和新闻文本的原油期货资产配置研究_钟浩.pdf,P0010,live_corrupted,K4af079210612be1e666690b2099486696e2e98f06b8ed554b48fda6f611d973d,0,incomplete,0.5,1,0,0,0,b9b8f250-5081-4496-883c-80241ba5ced9,2026-10-02T10:18:23.069347+00:00,True
fault_60_05_040,test,fault_60_05,5,40,0.6,基于机器学习算法的黑色系期货价格预测_郭梓晗.pdf,P0015,live_corrupted,K38fb6ee734eea60c4050e432635f6c4ead95c3e0e37acb1bb3460039c89e60c3,0,incomplete,0.5,1,0,0,0,71fea404-3e58-4bfd-b63c-19b528a1c098,2026-10-02T10:18:23.894607+00:00,True
